Tournament,Date,Series,Surface,Round,Player_1,Player_2,Winner,Rank_1,Rank_2,Winner_rank,Loser_rank
Brisbane International,2016-01-04,ATP250,Hard,1st Round,Dimitrov G.,Simon G.,Dimitrov G.,28,15,28,15
Brisbane International,2016-01-05,ATP250,Hard,1st Round,Goffin D.,Bellucci T.,Goffin D.,16,37,16,37
Brisbane International,2016-01-05,ATP250,Hard,1st Round,Johnson S.,Troicki V.,Troicki V.,32,22,22,32
Brisbane International,2016-01-07,ATP250,Hard,2nd Round,Dimitrov G.,Troicki V.,Dimitrov G.,28,22,28,22
Brisbane International,2016-01-08,ATP250,Hard,Quarterfinals,Nishikori K.,Tomic B.,Tomic B.,8,18,18,8
Brisbane International,2016-01-08,ATP250,Hard,Quarterfinals,Thiem D.,Cilic M.,Thiem D.,20,13,20,13
Brisbane International,2016-01-08,ATP250,Hard,Quarterfinals,Dimitrov G.,Federer R.,Federer R.,28,3,3,28
Brisbane International,2016-01-09,ATP250,Hard,Semifinals,Raonic M.,Tomic B.,Raonic M.,14,18,14,18
Brisbane International,2016-01-09,ATP250,Hard,Semifinals,Thiem D.,Federer R.,Federer R.,20,3,3,20
Brisbane International,2016-01-10,ATP250,Hard,The Final,Raonic M.,Federer R.,Raonic M.,14,3,14,3
Chennai Open,2016-01-05,ATP250,Hard,1st Round,Bedene A.,Pospisil V.,Bedene A.,45,39,45,39
Chennai Open,2016-01-08,ATP250,Hard,Quarterfinals,Wawrinka S.,Garcia-Lopez G.,Wawrinka S.,4,27,4,27
Chennai Open,2016-01-08,ATP250,Hard,Quarterfinals,Coric B.,Bautista R.,Coric B.,44,25,44,25
Chennai Open,2016-01-09,ATP250,Hard,Semifinals,Paire B.,Wawrinka S.,Wawrinka S.,19,4,4,19
Chennai Open,2016-01-09,ATP250,Hard,Semifinals,Coric B.,Bedene A.,Coric B.,44,45,44,45
Chennai Open,2016-01-10,ATP250,Hard,The Final,Coric B.,Wawrinka S.,Wawrinka S.,44,4,4,44
Qatar Exxon Mobil Open,2016-01-06,ATP250,Hard,2nd Round,Verdasco F.,Djokovic N.,Djokovic N.,49,1,1,49
Qatar Exxon Mobil Open,2016-01-07,ATP250,Hard,Quarterfinals,Djokovic N.,Mayer L.,Djokovic N.,1,35,1,35
Qatar Exxon Mobil Open,2016-01-08,ATP250,Hard,Semifinals,Berdych T.,Djokovic N.,Djokovic N.,6,1,1,6
Qatar Exxon Mobil Open,2016-01-09,ATP250,Hard,The Final,Djokovic N.,Nadal R.,Djokovic N.,1,5,1,5
ASB Classic,2016-01-11,ATP250,Hard,1st Round,Pospisil V.,Karlovic I.,Pospisil V.,39,23,39,23
ASB Classic,2016-01-12,ATP250,Hard,1st Round,Bautista R.,Vesely J.,Bautista R.,25,42,25,42
ASB Classic,2016-01-12,ATP250,Hard,1st Round,Sousa J.,Fognini F.,Fognini F.,33,21,21,33
ASB Classic,2016-01-13,ATP250,Hard,2nd Round,Young D.,Bautista R.,Bautista R.,46,25,25,46
ASB Classic,2016-01-13,ATP250,Hard,2nd Round,Sock J.,Pospisil V.,Sock J.,26,39,26,39
ASB Classic,2016-01-13,ATP250,Hard,2nd Round,Kohlschreiber P.,Tsonga J.W.,Tsonga J.W.,34,10,10,34
ASB Classic,2016-01-13,ATP250,Hard,Quarterfinals,Sock J.,Anderson K.,Sock J.,26,12,26,12
ASB Classic,2016-01-14,ATP250,Hard,Quarterfinals,Bautista R.,Isner J.,Bautista R.,25,11,25,11
ASB Classic,2016-01-14,ATP250,Hard,Quarterfinals,Fognini F.,Tsonga J.W.,Tsonga J.W.,21,10,10,21
ASB Classic,2016-01-15,ATP250,Hard,Semifinals,Sock J.,Ferrer D.,Sock J.,26,8,26,8
ASB Classic,2016-01-15,ATP250,Hard,Semifinals,Tsonga J.W.,Bautista R.,Bautista R.,10,25,25,10
Apia International,2016-01-12,ATP250,Hard,1st Round,Gabashvili T.,Mayer L.,Gabashvili T.,50,35,50,35
Apia International,2016-01-12,ATP250,Hard,1st Round,Dolgopolov O.,Bellucci T.,Dolgopolov O.,36,37,36,37
Apia International,2016-01-12,ATP250,Hard,1st Round,Muller G.,Coric B.,Muller G.,38,40,38,40
Apia International,2016-01-13,ATP250,Hard,2nd Round,Cuevas P.,Dimitrov G.,Dimitrov G.,41,28,28,41
Apia International,2016-01-13,ATP250,Hard,2nd Round,Troicki V.,Robredo T.,Troicki V.,22,43,22,43
Apia International,2016-01-15,ATP250,Hard,Quarterfinals,Muller G.,Chardy J.,Muller G.,38,31,38,31
Apia International,2016-01-15,ATP250,Hard,Quarterfinals,Dimitrov G.,Dolgopolov O.,Dimitrov G.,28,36,28,36
Apia International,2016-01-15,ATP250,Hard,Semifinals,Muller G.,Dimitrov G.,Dimitrov G.,38,28,28,38
Apia International,2016-01-15,ATP250,Hard,Semifinals,Troicki V.,Gabashvili T.,Troicki V.,22,50,22,50
Apia International,2016-01-16,ATP250,Hard,The Final,Dimitrov G.,Troicki V.,Troicki V.,28,22,22,28
Australian Open,2016-01-18,Grand Slam,Hard,1st Round,Nishikori K.,Kohlschreiber P.,Nishikori K.,7,34,7,34
Australian Open,2016-01-18,Grand Slam,Hard,1st Round,Thiem D.,Mayer L.,Thiem D.,20,36,20,36
Australian Open,2016-01-18,Grand Slam,Hard,1st Round,Pospisil V.,Simon G.,Simon G.,39,15,15,39
Australian Open,2016-01-18,Grand Slam,Hard,1st Round,Gabashvili T.,Seppi A.,Seppi A.,44,29,29,44
Australian Open,2016-01-18,Grand Slam,Hard,1st Round,Klizan M.,Bautista R.,Bautista R.,43,21,21,43
Australian Open,2016-01-18,Grand Slam,Hard,1st Round,Tsonga J.W.,Baghdatis M.,Tsonga J.W.,10,46,10,46
Australian Open,2016-01-19,Grand Slam,Hard,1st Round,Muller G.,Fognini F.,Muller G.,38,23,38,23
Australian Open,2016-01-19,Grand Slam,Hard,1st Round,Verdasco F.,Nadal R.,Verdasco F.,45,5,45,5
Australian Open,2016-01-19,Grand Slam,Hard,1st Round,Bedene A.,Johnson S.,Johnson S.,49,32,32,49
Australian Open,2016-01-20,Grand Slam,Hard,2nd Round,Federer R.,Dolgopolov O.,Federer R.,3,35,3,35
Australian Open,2016-01-20,Grand Slam,Hard,2nd Round,Kyrgios N.,Cuevas P.,Kyrgios N.,30,41,30,41
Australian Open,2016-01-21,Grand Slam,Hard,2nd Round,Robredo T.,Raonic M.,Raonic M.,42,14,14,42
Australian Open,2016-01-21,Grand Slam,Hard,2nd Round,Johnson S.,Bellucci T.,Johnson S.,32,37,32,37
Australian Open,2016-01-22,Grand Slam,Hard,3rd Round,Thiem D.,Goffin D.,Goffin D.,20,16,16,20
Australian Open,2016-01-22,Grand Slam,Hard,3rd Round,Nishikori K.,Garcia-Lopez G.,Nishikori K.,7,27,7,27
Australian Open,2016-01-22,Grand Slam,Hard,3rd Round,Federer R.,Dimitrov G.,Federer R.,3,28,3,28
Australian Open,2016-01-22,Grand Slam,Hard,3rd Round,Djokovic N.,Seppi A.,Djokovic N.,1,29,1,29
Australian Open,2016-01-22,Grand Slam,Hard,3rd Round,Cilic M.,Bautista R.,Bautista R.,13,21,21,13
Australian Open,2016-01-22,Grand Slam,Hard,3rd Round,Berdych T.,Kyrgios N.,Berdych T.,6,30,6,30
Australian Open,2016-01-23,Grand Slam,Hard,3rd Round,Lopez F.,Isner J.,Isner J.,19,11,11,19
Australian Open,2016-01-23,Grand Slam,Hard,3rd Round,Raonic M.,Troicki V.,Raonic M.,14,26,14,26
Australian Open,2016-01-23,Grand Slam,Hard,3rd Round,Ferrer D.,Johnson S.,Ferrer D.,8,32,8,32
Australian Open,2016-01-23,Grand Slam,Hard,3rd Round,Sousa J.,Murray A.,Murray A.,33,2,2,33
Australian Open,2016-01-24,Grand Slam,Hard,4th Round,Tsonga J.W.,Nishikori K.,Nishikori K.,10,7,7,10
Australian Open,2016-01-24,Grand Slam,Hard,4th Round,Djokovic N.,Simon G.,Djokovic N.,1,15,1,15
Australian Open,2016-01-24,Grand Slam,Hard,4th Round,Bautista R.,Berdych T.,Berdych T.,21,6,6,21
Australian Open,2016-01-24,Grand Slam,Hard,4th Round,Federer R.,Goffin D.,Federer R.,3,16,3,16
Australian Open,2016-01-25,Grand Slam,Hard,4th Round,Raonic M.,Wawrinka S.,Raonic M.,14,4,14,4
Australian Open,2016-01-25,Grand Slam,Hard,4th Round,Isner J.,Ferrer D.,Ferrer D.,11,8,8,11
Australian Open,2016-01-25,Grand Slam,Hard,4th Round,Murray A.,Tomic B.,Murray A.,2,17,2,17
Australian Open,2016-01-26,Grand Slam,Hard,Quarterfinals,Berdych T.,Federer R.,Federer R.,6,3,3,6
Australian Open,2016-01-26,Grand Slam,Hard,Quarterfinals,Djokovic N.,Nishikori K.,Djokovic N.,1,7,1,7
Australian Open,2016-01-27,Grand Slam,Hard,Quarterfinals,Ferrer D.,Murray A.,Murray A.,8,2,2,8
Australian Open,2016-01-27,Grand Slam,Hard,Quarterfinals,Raonic M.,Monfils G.,Raonic M.,14,25,14,25
Australian Open,2016-01-28,Grand Slam,Hard,Semifinals,Federer R.,Djokovic N.,Djokovic N.,3,1,1,3
Australian Open,2016-01-29,Grand Slam,Hard,Semifinals,Murray A.,Raonic M.,Murray A.,2,14,2,14
Australian Open,2016-01-31,Grand Slam,Hard,The Final,Murray A.,Djokovic N.,Djokovic N.,2,1,1,2
Garanti Koza Sofia Open,2016-02-03,ATP250,Hard,2nd Round,Rosol L.,Klizan M.,Klizan M.,46,44,44,46
Garanti Koza Sofia Open,2016-02-05,ATP250,Hard,Quarterfinals,Bautista R.,Mannarino A.,Bautista R.,18,49,18,49
Garanti Koza Sofia Open,2016-02-05,ATP250,Hard,Quarterfinals,Garcia-Lopez G.,Muller G.,Muller G.,27,42,42,27
Garanti Koza Sofia Open,2016-02-05,ATP250,Hard,Quarterfinals,Troicki V.,Kohlschreiber P.,Troicki V.,25,34,25,34
Garanti Koza Sofia Open,2016-02-05,ATP250,Hard,Quarterfinals,Seppi A.,Klizan M.,Klizan M.,31,44,44,31
Garanti Koza Sofia Open,2016-02-06,ATP250,Hard,Semifinals,Bautista R.,Muller G.,Bautista R.,18,42,18,42
Garanti Koza Sofia Open,2016-02-06,ATP250,Hard,Semifinals,Klizan M.,Troicki V.,Troicki V.,44,25,25,44
Garanti Koza Sofia Open,2016-02-07,ATP250,Hard,The Final,Bautista R.,Troicki V.,Bautista R.,18,25,18,25
Argentina Open,2016-02-09,ATP250,Clay,1st Round,Ramos-Vinolas A.,Cuevas P.,Cuevas P.,46,35,35,46
Argentina Open,2016-02-09,ATP250,Clay,1st Round,Delbonis F.,Fognini F.,Delbonis F.,45,24,45,24
Argentina Open,2016-02-11,ATP250,Clay,2nd Round,Tsonga J.W.,Mayer L.,Tsonga J.W.,9,37,9,37
Argentina Open,2016-02-13,ATP250,Clay,Quarterfinals,Ferrer D.,Cuevas P.,Ferrer D.,6,35,6,35
Argentina Open,2016-02-13,ATP250,Clay,Semifinals,Nadal R.,Thiem D.,Thiem D.,5,19,19,5
ABN AMRO World Tennis Tournament,2016-02-09,ATP500,Hard,1st Round,Muller G.,Seppi A.,Muller G.,40,36,40,36
ABN AMRO World Tennis Tournament,2016-02-09,ATP500,Hard,1st Round,Klizan M.,Robredo T.,Klizan M.,43,39,43,39
ABN AMRO World Tennis Tournament,2016-02-10,ATP500,Hard,1st Round,Sousa J.,Bautista R.,Bautista R.,33,17,17,33
ABN AMRO World Tennis Tournament,2016-02-10,ATP500,Hard,2nd Round,Muller G.,Cilic M.,Cilic M.,40,13,13,40
ABN AMRO World Tennis Tournament,2016-02-10,ATP500,Hard,2nd Round,Monfils G.,Coric B.,Monfils G.,18,38,18,38
ABN AMRO World Tennis Tournament,2016-02-12,ATP500,Hard,Quarterfinals,Bautista R.,Klizan M.,Klizan M.,17,43,43,17
ABN AMRO World Tennis Tournament,2016-02-12,ATP500,Hard,Quarterfinals,Kohlschreiber P.,Cilic M.,Kohlschreiber P.,32,13,32,13
ABN AMRO World Tennis Tournament,2016-02-13,ATP500,Hard,Semifinals,Kohlschreiber P.,Monfils G.,Monfils G.,32,18,18,32
ABN AMRO World Tennis Tournament,2016-02-14,ATP500,Hard,The Final,Klizan M.,Monfils G.,Klizan M.,43,18,43,18
Delray Beach Open,2016-02-19,ATP250,Hard,Quarterfinals,Mannarino A.,Dimitrov G.,Dimitrov G.,49,28,28,49
Open 13,2016-02-16,ATP250,Hard,1st Round,Simon G.,Gabashvili T.,Gabashvili T.,15,44,44,15
Open 13,2016-02-16,ATP250,Hard,1st Round,Kyrgios N.,Pospisil V.,Kyrgios N.,41,42,41,42
Open 13,2016-02-18,ATP250,Hard,2nd Round,Kyrgios N.,Gabashvili T.,Kyrgios N.,41,44,41,44
Open 13,2016-02-19,ATP250,Hard,Quarterfinals,Kyrgios N.,Gasquet R.,Kyrgios N.,41,10,41,10
Open 13,2016-02-19,ATP250,Hard,Quarterfinals,Wawrinka S.,Paire B.,Paire B.,4,22,22,4
Open 13,2016-02-19,ATP250,Hard,Quarterfinals,Berdych T.,Goffin D.,Berdych T.,8,17,8,17
Open 13,2016-02-20,ATP250,Hard,Semifinals,Paire B.,Cilic M.,Cilic M.,22,12,12,22
Open 13,2016-02-20,ATP250,Hard,Semifinals,Kyrgios N.,Berdych T.,Kyrgios N.,41,8,41,8
Open 13,2016-02-21,ATP250,Hard,The Final,Cilic M.,Kyrgios N.,Kyrgios N.,12,41,41,12
Rio Open,2016-02-16,ATP500,Clay,1st Round,Delbonis F.,Sock J.,Delbonis F.,46,23,46,23
Rio Open,2016-02-16,ATP500,Clay,1st Round,Bellucci T.,Dolgopolov O.,Dolgopolov O.,32,33,33,32
Rio Open,2016-02-18,ATP500,Clay,2nd Round,Ferrer D.,Ramos-Vinolas A.,Ferrer D.,6,47,6,47
Rio Open,2016-02-18,ATP500,Clay,2nd Round,Delbonis F.,Lorenzi P.,Delbonis F.,46,50,46,50
Rio Open,2016-02-19,ATP500,Clay,Quarterfinals,Cuevas P.,Delbonis F.,Cuevas P.,45,46,45,46
Rio Open,2016-02-20,ATP500,Clay,Quarterfinals,Ferrer D.,Thiem D.,Thiem D.,6,19,19,6
Rio Open,2016-02-21,ATP500,Clay,Semifinals,Nadal R.,Cuevas P.,Cuevas P.,5,45,45,5
Abierto Mexicano,2016-02-24,ATP500,Hard,1st Round,Dolgopolov O.,Johnson S.,Dolgopolov O.,32,34,32,34
Abierto Mexicano,2016-02-24,ATP500,Hard,2nd Round,Ferrer D.,Dolgopolov O.,Dolgopolov O.,8,32,32,8
Abierto Mexicano,2016-02-25,ATP500,Hard,2nd Round,Nishikori K.,Querrey S.,Querrey S.,6,43,43,6
Abierto Mexicano,2016-02-26,ATP500,Hard,Quarterfinals,Thiem D.,Dimitrov G.,Thiem D.,15,26,15,26
Abierto Mexicano,2016-02-27,ATP500,Hard,Semifinals,Tomic B.,Dolgopolov O.,Tomic B.,21,32,21,32
Abierto Mexicano,2016-02-27,ATP500,Hard,Semifinals,Querrey S.,Thiem D.,Thiem D.,43,15,15,43
Abierto Mexicano,2016-02-28,ATP500,Hard,The Final,Thiem D.,Tomic B.,Thiem D.,15,21,15,21
Dubai Tennis Championships,2016-02-22,ATP500,Hard,1st Round,Garcia-Lopez G.,Lopez F.,Lopez F.,37,24,24,37
Dubai Tennis Championships,2016-02-22,ATP500,Hard,1st Round,Robredo T.,Djokovic N.,Djokovic N.,41,1,1,41
Dubai Tennis Championships,2016-02-23,ATP500,Hard,1st Round,Sousa J.,Berdych T.,Berdych T.,36,7,7,36
Dubai Tennis Championships,2016-02-23,ATP500,Hard,1st Round,Kyrgios N.,Klizan M.,Kyrgios N.,33,25,33,25
Dubai Tennis Championships,2016-02-24,ATP500,Hard,2nd Round,Kohlschreiber P.,Coric B.,Kohlschreiber P.,28,38,28,38
Dubai Tennis Championships,2016-02-25,ATP500,Hard,Quarterfinals,Berdych T.,Kyrgios N.,Kyrgios N.,7,33,33,7
Dubai Tennis Championships,2016-02-25,ATP500,Hard,Quarterfinals,Kohlschreiber P.,Wawrinka S.,Wawrinka S.,28,4,4,28
BNP Paribas Open,2016-03-12,Masters 1000,Hard,2nd Round,Mahut N.,Gasquet R.,Gasquet R.,44,10,10,44
BNP Paribas Open,2016-03-12,Masters 1000,Hard,2nd Round,Ramos-Vinolas A.,Kyrgios N.,Ramos-Vinolas A.,49,27,49,27
BNP Paribas Open,2016-03-12,Masters 1000,Hard,2nd Round,Troicki V.,Mayer L.,Mayer L.,23,46,46,23
BNP Paribas Open,2016-03-12,Masters 1000,Hard,2nd Round,Pella G.,Cuevas P.,Pella G.,40,25,40,25
BNP Paribas Open,2016-03-12,Masters 1000,Hard,2nd Round,Bellucci T.,Coric B.,Coric B.,33,47,47,33
BNP Paribas Open,2016-03-13,Masters 1000,Hard,2nd Round,Pospisil V.,Simon G.,Simon G.,43,19,19,43
BNP Paribas Open,2016-03-13,Masters 1000,Hard,2nd Round,Lopez F.,Garcia-Lopez G.,Lopez F.,21,38,21,38
BNP Paribas Open,2016-03-14,Masters 1000,Hard,2nd Round,Isner J.,Seppi A.,Isner J.,11,42,11,42
BNP Paribas Open,2016-03-14,Masters 1000,Hard,2nd Round,Nadal R.,Muller G.,Nadal R.,5,45,5,45
BNP Paribas Open,2016-03-14,Masters 1000,Hard,3rd Round,Goffin D.,Pella G.,Goffin D.,18,40,18,40
BNP Paribas Open,2016-03-14,Masters 1000,Hard,3rd Round,Dolgopolov O.,Gasquet R.,Gasquet R.,29,10,10,29
BNP Paribas Open,2016-03-14,Masters 1000,Hard,3rd Round,Cilic M.,Mayer L.,Cilic M.,12,46,12,46
BNP Paribas Open,2016-03-15,Masters 1000,Hard,3rd Round,Coric B.,Berdych T.,Berdych T.,47,7,7,47
BNP Paribas Open,2016-03-15,Masters 1000,Hard,3rd Round,Monfils G.,Ramos-Vinolas A.,Monfils G.,16,49,16,49
BNP Paribas Open,2016-03-15,Masters 1000,Hard,3rd Round,Nishikori K.,Johnson S.,Nishikori K.,6,35,6,35
BNP Paribas Open,2016-03-15,Masters 1000,Hard,3rd Round,Lopez F.,Bautista R.,Lopez F.,21,17,21,17
BNP Paribas Open,2016-03-15,Masters 1000,Hard,3rd Round,Sock J.,Thiem D.,Thiem D.,24,13,13,24
BNP Paribas Open,2016-03-16,Masters 1000,Hard,3rd Round,Tsonga J.W.,Querrey S.,Tsonga J.W.,9,36,9,36
BNP Paribas Open,2016-03-16,Masters 1000,Hard,3rd Round,Kohlschreiber P.,Djokovic N.,Djokovic N.,30,1,1,30
BNP Paribas Open,2016-03-16,Masters 1000,Hard,4th Round,Cilic M.,Gasquet R.,Cilic M.,12,10,12,10
BNP Paribas Open,2016-03-16,Masters 1000,Hard,4th Round,Wawrinka S.,Goffin D.,Goffin D.,4,18,18,4
BNP Paribas Open,2016-03-16,Masters 1000,Hard,4th Round,Raonic M.,Berdych T.,Raonic M.,14,7,14,7
BNP Paribas Open,2016-03-17,Masters 1000,Hard,4th Round,Isner J.,Nishikori K.,Nishikori K.,11,6,6,11
BNP Paribas Open,2016-03-17,Masters 1000,Hard,4th Round,Djokovic N.,Lopez F.,Djokovic N.,1,21,1,21
BNP Paribas Open,2016-03-17,Masters 1000,Hard,4th Round,Thiem D.,Tsonga J.W.,Tsonga J.W.,13,9,9,13
BNP Paribas Open,2016-03-17,Masters 1000,Hard,Quarterfinals,Goffin D.,Cilic M.,Goffin D.,18,12,18,12
BNP Paribas Open,2016-03-18,Masters 1000,Hard,Quarterfinals,Monfils G.,Raonic M.,Raonic M.,16,14,14,16
BNP Paribas Open,2016-03-18,Masters 1000,Hard,Quarterfinals,Nadal R.,Nishikori K.,Nadal R.,5,6,5,6
BNP Paribas Open,2016-03-18,Masters 1000,Hard,Quarterfinals,Tsonga J.W.,Djokovic N.,Djokovic N.,9,1,1,9
BNP Paribas Open,2016-03-19,Masters 1000,Hard,Semifinals,Raonic M.,Goffin D.,Raonic M.,14,18,14,18
BNP Paribas Open,2016-03-19,Masters 1000,Hard,Semifinals,Nadal R.,Djokovic N.,Djokovic N.,5,1,1,5
BNP Paribas Open,2016-03-20,Masters 1000,Hard,The Final,Djokovic N.,Raonic M.,Djokovic N.,1,14,1,14
Sony Ericsson Open,2016-03-25,Masters 1000,Hard,2nd Round,Sousa J.,Pospisil V.,Sousa J.,38,45,38,45
Sony Ericsson Open,2016-03-26,Masters 1000,Hard,2nd Round,Ramos-Vinolas A.,Gasquet R.,Gasquet R.,50,10,10,50
Sony Ericsson Open,2016-03-26,Masters 1000,Hard,2nd Round,Seppi A.,Dolgopolov O.,Dolgopolov O.,43,29,29,43
Sony Ericsson Open,2016-03-26,Masters 1000,Hard,2nd Round,Dimitrov G.,Delbonis F.,Dimitrov G.,28,48,28,48
Sony Ericsson Open,2016-03-26,Masters 1000,Hard,2nd Round,Kyrgios N.,Baghdatis M.,Kyrgios N.,26,40,26,40
Sony Ericsson Open,2016-03-27,Masters 1000,Hard,3rd Round,Johnson S.,Berdych T.,Berdych T.,36,7,7,36
Sony Ericsson Open,2016-03-27,Masters 1000,Hard,3rd Round,Troicki V.,Goffin D.,Goffin D.,21,15,15,21
Sony Ericsson Open,2016-03-27,Masters 1000,Hard,3rd Round,Paire B.,Gasquet R.,Gasquet R.,22,10,10,22
Sony Ericsson Open,2016-03-27,Masters 1000,Hard,3rd Round,Simon G.,Cilic M.,Simon G.,19,11,19,11
Sony Ericsson Open,2016-03-27,Masters 1000,Hard,3rd Round,Sousa J.,Djokovic N.,Djokovic N.,38,1,1,38
Sony Ericsson Open,2016-03-28,Masters 1000,Hard,3rd Round,Dolgopolov O.,Nishikori K.,Nishikori K.,29,6,6,29
Sony Ericsson Open,2016-03-28,Masters 1000,Hard,3rd Round,Bautista R.,Tsonga J.W.,Bautista R.,18,9,18,9
Sony Ericsson Open,2016-03-28,Masters 1000,Hard,3rd Round,Dimitrov G.,Murray A.,Dimitrov G.,28,2,28,2
Sony Ericsson Open,2016-03-28,Masters 1000,Hard,3rd Round,Monfils G.,Cuevas P.,Monfils G.,16,25,16,25
Sony Ericsson Open,2016-03-29,Masters 1000,Hard,3rd Round,Raonic M.,Sock J.,Raonic M.,12,24,12,24
Sony Ericsson Open,2016-03-29,Masters 1000,Hard,4th Round,Berdych T.,Gasquet R.,Berdych T.,7,10,7,10
Sony Ericsson Open,2016-03-29,Masters 1000,Hard,4th Round,Thiem D.,Djokovic N.,Djokovic N.,14,1,1,14
Sony Ericsson Open,2016-03-30,Masters 1000,Hard,4th Round,Dimitrov G.,Monfils G.,Monfils G.,28,16,16,28
Sony Ericsson Open,2016-03-30,Masters 1000,Hard,4th Round,Nishikori K.,Bautista R.,Nishikori K.,6,18,6,18
Sony Ericsson Open,2016-03-30,Masters 1000,Hard,Quarterfinals,Simon G.,Goffin D.,Goffin D.,19,15,15,19
Sony Ericsson Open,2016-03-31,Masters 1000,Hard,Quarterfinals,Djokovic N.,Berdych T.,Djokovic N.,1,7,1,7
Sony Ericsson Open,2016-03-31,Masters 1000,Hard,Quarterfinals,Monfils G.,Nishikori K.,Nishikori K.,16,6,6,16
Sony Ericsson Open,2016-04-01,Masters 1000,Hard,Quarterfinals,Kyrgios N.,Raonic M.,Kyrgios N.,26,12,26,12
Sony Ericsson Open,2016-04-01,Masters 1000,Hard,Semifinals,Goffin D.,Djokovic N.,Djokovic N.,15,1,1,15
Sony Ericsson Open,2016-04-02,Masters 1000,Hard,Semifinals,Nishikori K.,Kyrgios N.,Nishikori K.,6,26,6,26
Sony Ericsson Open,2016-04-03,Masters 1000,Hard,The Final,Nishikori K.,Djokovic N.,Djokovic N.,6,1,1,6
U.S. Men's Clay Court Championships,2016-04-09,ATP250,Clay,Quarterfinals,Baghdatis M.,Sock J.,Sock J.,39,25,25,39
U.S. Men's Clay Court Championships,2016-04-09,ATP250,Clay,Semifinals,Isner J.,Sock J.,Sock J.,15,25,25,15
Grand Prix Hassan II,2016-04-10,ATP250,Clay,The Final,Coric B.,Delbonis F.,Delbonis F.,48,47,47,48
Monte Carlo Masters,2016-04-10,Masters 1000,Clay,1st Round,Chardy J.,Kuznetsov An.,Chardy J.,33,46,33,46
Monte Carlo Masters,2016-04-10,Masters 1000,Clay,1st Round,Troicki V.,Simon G.,Simon G.,24,18,18,24
Monte Carlo Masters,2016-04-11,Masters 1000,Clay,1st Round,Ramos-Vinolas A.,Bautista Agut R.,Bautista Agut R.,50,17,17,50
Monte Carlo Masters,2016-04-11,Masters 1000,Clay,1st Round,Garcia-Lopez G.,Bellucci T.,Garcia-Lopez G.,38,35,38,35
Monte Carlo Masters,2016-04-11,Masters 1000,Clay,1st Round,Monfils G.,Muller G.,Monfils G.,16,43,16,43
Monte Carlo Masters,2016-04-12,Masters 1000,Clay,1st Round,Sousa J.,Karlovic I.,Sousa J.,34,30,34,30
Monte Carlo Masters,2016-04-12,Masters 1000,Clay,1st Round,Coric B.,Kohlschreiber P.,Kohlschreiber P.,42,28,28,42
Monte Carlo Masters,2016-04-12,Masters 1000,Clay,1st Round,Lopez F.,Goffin D.,Goffin D.,23,13,13,23
Monte Carlo Masters,2016-04-12,Masters 1000,Clay,2nd Round,Simon G.,Dimitrov G.,Simon G.,18,26,18,26
Monte Carlo Masters,2016-04-12,Masters 1000,Clay,2nd Round,Federer R.,Garcia-Lopez G.,Federer R.,3,38,3,38
Monte Carlo Masters,2016-04-12,Masters 1000,Clay,2nd Round,Bautista Agut R.,Chardy J.,Bautista Agut R.,17,33,17,33
Monte Carlo Masters,2016-04-13,Masters 1000,Clay,2nd Round,Wawrinka S.,Kohlschreiber P.,Wawrinka S.,4,28,4,28
Monte Carlo Masters,2016-04-13,Masters 1000,Clay,2nd Round,Sousa J.,Paire B.,Paire B.,34,22,22,34
Monte Carlo Masters,2016-04-13,Masters 1000,Clay,2nd Round,Raonic M.,Cuevas P.,Raonic M.,12,25,12,25
Monte Carlo Masters,2016-04-14,Masters 1000,Clay,3rd Round,Paire B.,Murray A.,Murray A.,22,2,2,22
Monte Carlo Masters,2016-04-14,Masters 1000,Clay,3rd Round,Wawrinka S.,Simon G.,Wawrinka S.,4,18,4,18
Monte Carlo Masters,2016-04-14,Masters 1000,Clay,3rd Round,Thiem D.,Nadal R.,Nadal R.,14,5,5,14
Monte Carlo Masters,2016-04-14,Masters 1000,Clay,3rd Round,Bautista Agut R.,Federer R.,Federer R.,17,3,3,17
Monte Carlo Masters,2016-04-15,Masters 1000,Clay,Quarterfinals,Murray A.,Raonic M.,Murray A.,2,12,2,12
Monte Carlo Masters,2016-04-15,Masters 1000,Clay,Quarterfinals,Wawrinka S.,Nadal R.,Nadal R.,4,5,5,4
Monte Carlo Masters,2016-04-15,Masters 1000,Clay,Quarterfinals,Tsonga J.W.,Federer R.,Tsonga J.W.,9,3,9,3
Monte Carlo Masters,2016-04-16,Masters 1000,Clay,Semifinals,Nadal R.,Murray A.,Nadal R.,5,2,5,2
Monte Carlo Masters,2016-04-16,Masters 1000,Clay,Semifinals,Tsonga J.W.,Monfils G.,Monfils G.,9,16,16,9
Monte Carlo Masters,2016-04-17,Masters 1000,Clay,The Final,Nadal R.,Monfils G.,Nadal R.,5,16,5,16
Open Banco Sabadell,2016-04-20,ATP500,Clay,2nd Round,Kohlschreiber P.,Carreno Busta P.,Kohlschreiber P.,27,49,27,49
Open Banco Sabadell,2016-04-20,ATP500,Clay,2nd Round,Nadal R.,Granollers M.,Nadal R.,5,50,5,50
Open Banco Sabadell,2016-04-21,ATP500,Clay,3rd Round,Fognini F.,Troicki V.,Fognini F.,31,24,31,24
Open Banco Sabadell,2016-04-21,ATP500,Clay,3rd Round,Nishikori K.,Chardy J.,Nishikori K.,6,33,6,33
Open Banco Sabadell,2016-04-21,ATP500,Clay,3rd Round,Cuevas P.,Paire B.,Paire B.,25,22,22,25
Open Banco Sabadell,2016-04-21,ATP500,Clay,3rd Round,Kohlschreiber P.,Lopez F.,Kohlschreiber P.,27,23,27,23
Open Banco Sabadell,2016-04-22,ATP500,Clay,Quarterfinals,Nishikori K.,Dolgopolov O.,Nishikori K.,6,30,6,30
Open Banco Sabadell,2016-04-22,ATP500,Clay,Quarterfinals,Fognini F.,Nadal R.,Nadal R.,31,5,5,31
Open Banco Sabadell,2016-04-22,ATP500,Clay,Quarterfinals,Kohlschreiber P.,Kuznetsov An.,Kohlschreiber P.,27,47,27,47
Open Banco Sabadell,2016-04-23,ATP500,Clay,Semifinals,Paire B.,Nishikori K.,Nishikori K.,22,6,6,22
Open Banco Sabadell,2016-04-23,ATP500,Clay,Semifinals,Nadal R.,Kohlschreiber P.,Nadal R.,5,27,5,27
Open Banco Sabadell,2016-04-24,ATP500,Clay,The Final,Nishikori K.,Nadal R.,Nadal R.,6,5,5,6
BRD Nastase Tiriac Trophy,2016-04-22,ATP250,Clay,Quarterfinals,Garcia-Lopez G.,Pella G.,Garcia-Lopez G.,37,46,37,46
Millenium Estoril Open,2016-04-29,ATP250,Clay,Quarterfinals,Garcia-Lopez G.,Paire B.,Paire B.,47,21,21,47
Millenium Estoril Open,2016-04-29,ATP250,Clay,Quarterfinals,Carreno Busta P.,Simon G.,Carreno Busta P.,50,18,50,18
Millenium Estoril Open,2016-04-29,ATP250,Clay,Quarterfinals,Kyrgios N.,Coric B.,Kyrgios N.,20,40,20,40
Millenium Estoril Open,2016-04-30,ATP250,Clay,Semifinals,Paire B.,Carreno Busta P.,Carreno Busta P.,21,50,50,21
Istanbul Open,2016-04-30,ATP250,Clay,Semifinals,Dimitrov G.,Karlovic I.,Dimitrov G.,29,31,29,31
BMW Open,2016-04-29,ATP250,Clay,Quarterfinals,Zverev A.,Goffin D.,Zverev A.,49,13,49,13
BMW Open,2016-04-30,ATP250,Clay,Semifinals,Zverev A.,Thiem D.,Thiem D.,49,15,15,49
BMW Open,2016-04-30,ATP250,Clay,Semifinals,Kohlschreiber P.,Fognini F.,Kohlschreiber P.,27,30,27,30
BMW Open,2016-05-01,ATP250,Clay,The Final,Thiem D.,Kohlschreiber P.,Kohlschreiber P.,15,27,27,15
Mutua Madrid Open,2016-05-01,Masters 1000,Clay,1st Round,Johnson S.,Dolgopolov O.,Dolgopolov O.,32,29,29,32
Mutua Madrid Open,2016-05-02,Masters 1000,Clay,1st Round,Lopez F.,Mayer L.,Lopez F.,23,42,23,42
Mutua Madrid Open,2016-05-02,Masters 1000,Clay,1st Round,Baghdatis M.,Simon G.,Simon G.,38,18,18,38
Mutua Madrid Open,2016-05-02,Masters 1000,Clay,1st Round,Raonic M.,Bellucci T.,Raonic M.,10,36,10,36
Mutua Madrid Open,2016-05-02,Masters 1000,Clay,1st Round,Troicki V.,Kuznetsov An.,Kuznetsov An.,24,39,39,24
Mutua Madrid Open,2016-05-02,Masters 1000,Clay,1st Round,Sousa J.,Mahut N.,Sousa J.,35,49,35,49
Mutua Madrid Open,2016-05-03,Masters 1000,Clay,1st Round,Paire B.,Sock J.,Sock J.,20,26,26,20
Mutua Madrid Open,2016-05-03,Masters 1000,Clay,1st Round,Monfils G.,Anderson K.,Monfils G.,15,19,15,19
Mutua Madrid Open,2016-05-03,Masters 1000,Clay,1st Round,Pella G.,Kyrgios N.,Kyrgios N.,50,21,21,50
Mutua Madrid Open,2016-05-03,Masters 1000,Clay,1st Round,Kohlschreiber P.,Cuevas P.,Cuevas P.,25,27,27,25
Mutua Madrid Open,2016-05-03,Masters 1000,Clay,1st Round,Fognini F.,Tomic B.,Fognini F.,31,22,31,22
Mutua Madrid Open,2016-05-03,Masters 1000,Clay,1st Round,Dimitrov G.,Carreno Busta P.,Carreno Busta P.,28,46,46,28
Mutua Madrid Open,2016-05-03,Masters 1000,Clay,1st Round,Almagro N.,Coric B.,Coric B.,48,40,40,48
Mutua Madrid Open,2016-05-03,Masters 1000,Clay,2nd Round,Nadal R.,Kuznetsov An.,Nadal R.,5,39,5,39
Mutua Madrid Open,2016-05-03,Masters 1000,Clay,2nd Round,Dolgopolov O.,Raonic M.,Raonic M.,29,10,10,29
Mutua Madrid Open,2016-05-04,Masters 1000,Clay,2nd Round,Lopez F.,Bautista Agut R.,Bautista Agut R.,23,17,17,23
Mutua Madrid Open,2016-05-04,Masters 1000,Clay,2nd Round,Kyrgios N.,Wawrinka S.,Kyrgios N.,21,4,21,4
Mutua Madrid Open,2016-05-04,Masters 1000,Clay,2nd Round,Fognini F.,Nishikori K.,Nishikori K.,31,6,6,31
Mutua Madrid Open,2016-05-04,Masters 1000,Clay,2nd Round,Simon G.,Carreno Busta P.,Simon G.,18,46,18,46
Mutua Madrid Open,2016-05-04,Masters 1000,Clay,2nd Round,Coric B.,Djokovic N.,Djokovic N.,40,1,1,40
Mutua Madrid Open,2016-05-04,Masters 1000,Clay,2nd Round,Monfils G.,Cuevas P.,Cuevas P.,15,27,27,15
Mutua Madrid Open,2016-05-05,Masters 1000,Clay,3rd Round,Murray A.,Simon G.,Murray A.,2,18,2,18
Mutua Madrid Open,2016-05-05,Masters 1000,Clay,3rd Round,Gasquet R.,Nishikori K.,Nishikori K.,12,6,6,12
Mutua Madrid Open,2016-05-05,Masters 1000,Clay,3rd Round,Berdych T.,Ferrer D.,Berdych T.,8,9,8,9
Mutua Madrid Open,2016-05-05,Masters 1000,Clay,3rd Round,Bautista Agut R.,Djokovic N.,Djokovic N.,17,1,1,17
Mutua Madrid Open,2016-05-05,Masters 1000,Clay,3rd Round,Kyrgios N.,Cuevas P.,Kyrgios N.,21,27,21,27
Mutua Madrid Open,2016-05-05,Masters 1000,Clay,3rd Round,Sock J.,Sousa J.,Sousa J.,26,35,35,26
Mutua Madrid Open,2016-05-05,Masters 1000,Clay,3rd Round,Nadal R.,Querrey S.,Nadal R.,5,37,5,37
Mutua Madrid Open,2016-05-05,Masters 1000,Clay,3rd Round,Tsonga J.W.,Raonic M.,Raonic M.,7,10,10,7
Mutua Madrid Open,2016-05-06,Masters 1000,Clay,Quarterfinals,Murray A.,Berdych T.,Murray A.,2,8,2,8
Mutua Madrid Open,2016-05-06,Masters 1000,Clay,Quarterfinals,Kyrgios N.,Nishikori K.,Nishikori K.,21,6,6,21
Mutua Madrid Open,2016-05-06,Masters 1000,Clay,Quarterfinals,Nadal R.,Sousa J.,Nadal R.,5,35,5,35
Mutua Madrid Open,2016-05-06,Masters 1000,Clay,Quarterfinals,Raonic M.,Djokovic N.,Djokovic N.,10,1,1,10
Mutua Madrid Open,2016-05-07,Masters 1000,Clay,Semifinals,Murray A.,Nadal R.,Murray A.,2,5,2,5
Mutua Madrid Open,2016-05-07,Masters 1000,Clay,Semifinals,Nishikori K.,Djokovic N.,Djokovic N.,6,1,1,6
Mutua Madrid Open,2016-05-08,Masters 1000,Clay,The Final,Djokovic N.,Murray A.,Djokovic N.,1,2,1,2
Internazionali BNL d'Italia,2016-05-08,Masters 1000,Clay,1st Round,Lopez F.,Anderson K.,Anderson K.,23,19,19,23
Internazionali BNL d'Italia,2016-05-08,Masters 1000,Clay,1st Round,Mayer L.,Goffin D.,Goffin D.,49,13,13,49
Internazionali BNL d'Italia,2016-05-09,Masters 1000,Clay,1st Round,Pella G.,Sock J.,Sock J.,50,27,27,50
Internazionali BNL d'Italia,2016-05-09,Masters 1000,Clay,1st Round,Pospisil V.,Seppi A.,Seppi A.,46,42,42,46
Internazionali BNL d'Italia,2016-05-09,Masters 1000,Clay,1st Round,Dolgopolov O.,Thiem D.,Thiem D.,28,15,15,28
Internazionali BNL d'Italia,2016-05-09,Masters 1000,Clay,1st Round,Bellucci T.,Monfils G.,Bellucci T.,37,14,37,14
Internazionali BNL d'Italia,2016-05-09,Masters 1000,Clay,1st Round,Dimitrov G.,Zverev A.,Zverev A.,35,44,44,35
Internazionali BNL d'Italia,2016-05-10,Masters 1000,Clay,1st Round,Mahut N.,Cuevas P.,Mahut N.,48,25,48,25
Internazionali BNL d'Italia,2016-05-10,Masters 1000,Clay,2nd Round,Troicki V.,Nishikori K.,Nishikori K.,24,6,6,24
Internazionali BNL d'Italia,2016-05-10,Masters 1000,Clay,2nd Round,Goffin D.,Sock J.,Goffin D.,13,27,13,27
Internazionali BNL d'Italia,2016-05-10,Masters 1000,Clay,2nd Round,Paire B.,Wawrinka S.,Wawrinka S.,21,4,4,21
Internazionali BNL d'Italia,2016-05-11,Masters 1000,Clay,2nd Round,Federer R.,Zverev A.,Federer R.,2,44,2,44
Internazionali BNL d'Italia,2016-05-11,Masters 1000,Clay,2nd Round,Sousa J.,Thiem D.,Thiem D.,30,15,15,30
Internazionali BNL d'Italia,2016-05-11,Masters 1000,Clay,2nd Round,Bellucci T.,Mahut N.,Bellucci T.,37,48,37,48
Internazionali BNL d'Italia,2016-05-11,Masters 1000,Clay,2nd Round,Seppi A.,Gasquet R.,Gasquet R.,42,12,12,42
Internazionali BNL d'Italia,2016-05-11,Masters 1000,Clay,2nd Round,Chardy J.,Bautista Agut R.,Chardy J.,32,17,32,17
Internazionali BNL d'Italia,2016-05-11,Masters 1000,Clay,2nd Round,Raonic M.,Kyrgios N.,Kyrgios N.,10,20,20,10
Internazionali BNL d'Italia,2016-05-11,Masters 1000,Clay,2nd Round,Kohlschreiber P.,Nadal R.,Nadal R.,26,5,5,26
Internazionali BNL d'Italia,2016-05-12,Masters 1000,Clay,3rd Round,Thiem D.,Federer R.,Thiem D.,15,2,15,2
Internazionali BNL d'Italia,2016-05-12,Masters 1000,Clay,3rd Round,Gasquet R.,Nishikori K.,Nishikori K.,12,6,6,12
Internazionali BNL d'Italia,2016-05-12,Masters 1000,Clay,3rd Round,Kyrgios N.,Nadal R.,Nadal R.,20,5,5,20
Internazionali BNL d'Italia,2016-05-12,Masters 1000,Clay,3rd Round,Chardy J.,Murray A.,Murray A.,32,3,3,32
Internazionali BNL d'Italia,2016-05-12,Masters 1000,Clay,3rd Round,Goffin D.,Berdych T.,Goffin D.,13,8,13,8
Internazionali BNL d'Italia,2016-05-12,Masters 1000,Clay,3rd Round,Bellucci T.,Djokovic N.,Djokovic N.,37,1,1,37
Internazionali BNL d'Italia,2016-05-13,Masters 1000,Clay,Quarterfinals,Murray A.,Goffin D.,Murray A.,3,13,3,13
Internazionali BNL d'Italia,2016-05-13,Masters 1000,Clay,Quarterfinals,Nadal R.,Djokovic N.,Djokovic N.,5,1,1,5
Internazionali BNL d'Italia,2016-05-13,Masters 1000,Clay,Quarterfinals,Nishikori K.,Thiem D.,Nishikori K.,6,15,6,15
Internazionali BNL d'Italia,2016-05-14,Masters 1000,Clay,Semifinals,Djokovic N.,Nishikori K.,Djokovic N.,1,6,1,6
Internazionali BNL d'Italia,2016-05-15,Masters 1000,Clay,The Final,Djokovic N.,Murray A.,Murray A.,1,3,3,1
Geneva Open,2016-05-18,ATP250,Clay,2nd Round,Johnson S.,Kuznetsov An.,Kuznetsov An.,35,40,40,35
Geneva Open,2016-05-18,ATP250,Clay,2nd Round,Bellucci T.,Delbonis F.,Delbonis F.,39,33,33,39
Geneva Open,2016-05-19,ATP250,Clay,Quarterfinals,Delbonis F.,Cilic M.,Cilic M.,33,11,11,33
Geneva Open,2016-05-19,ATP250,Clay,Quarterfinals,Carreno Busta P.,Wawrinka S.,Wawrinka S.,43,4,4,43
Geneva Open,2016-05-20,ATP250,Clay,Semifinals,Ferrer D.,Cilic M.,Cilic M.,12,11,11,12
Geneva Open,2016-05-21,ATP250,Clay,The Final,Cilic M.,Wawrinka S.,Wawrinka S.,11,4,4,11
Open de Nice Côte d’Azur,2016-05-19,ATP250,Clay,Quarterfinals,Anderson K.,Sousa J.,Sousa J.,20,28,28,20
Open de Nice Côte d’Azur,2016-05-19,ATP250,Clay,Quarterfinals,Zverev A.,Simon G.,Zverev A.,48,18,48,18
Open de Nice Côte d’Azur,2016-05-19,ATP250,Clay,Quarterfinals,Thiem D.,Seppi A.,Thiem D.,15,41,15,41
Open de Nice Côte d’Azur,2016-05-20,ATP250,Clay,Semifinals,Sousa J.,Zverev A.,Zverev A.,28,48,48,28
Open de Nice Côte d’Azur,2016-05-21,ATP250,Clay,The Final,Zverev A.,Thiem D.,Thiem D.,48,15,15,48
French Open,2016-05-23,Grand Slam,Clay,1st Round,Troicki V.,Dimitrov G.,Troicki V.,24,36,24,36
French Open,2016-05-24,Grand Slam,Clay,1st Round,Pospisil V.,Berdych T.,Berdych T.,46,8,8,46
French Open,2016-05-24,Grand Slam,Clay,1st Round,Delbonis F.,Carreno Busta P.,Carreno Busta P.,35,43,43,35
French Open,2016-05-24,Grand Slam,Clay,1st Round,Baghdatis M.,Muller G.,Baghdatis M.,39,42,39,42
French Open,2016-05-24,Grand Slam,Clay,1st Round,Kohlschreiber P.,Almagro N.,Almagro N.,26,49,49,26
French Open,2016-05-24,Grand Slam,Clay,1st Round,Mahut N.,Berankis R.,Mahut N.,44,50,44,50
French Open,2016-05-25,Grand Slam,Clay,2nd Round,Kuznetsov An.,Nishikori K.,Nishikori K.,40,6,6,40
French Open,2016-05-25,Grand Slam,Clay,2nd Round,Simon G.,Pella G.,Simon G.,18,48,18,48
French Open,2016-05-26,Grand Slam,Clay,2nd Round,Tomic B.,Coric B.,Coric B.,22,47,47,22
French Open,2016-05-26,Grand Slam,Clay,2nd Round,Tsonga J.W.,Baghdatis M.,Tsonga J.W.,7,39,7,39
French Open,2016-05-27,Grand Slam,Clay,3rd Round,Karlovic I.,Murray A.,Murray A.,28,2,2,28
French Open,2016-05-27,Grand Slam,Clay,3rd Round,Kyrgios N.,Gasquet R.,Gasquet R.,19,12,12,19
French Open,2016-05-27,Grand Slam,Clay,3rd Round,Chardy J.,Wawrinka S.,Wawrinka S.,32,4,4,32
French Open,2016-05-27,Grand Slam,Clay,3rd Round,Troicki V.,Simon G.,Troicki V.,24,18,24,18
French Open,2016-05-28,Grand Slam,Clay,3rd Round,Zverev A.,Thiem D.,Thiem D.,41,15,15,41
French Open,2016-05-28,Grand Slam,Clay,3rd Round,Ferrer D.,Lopez F.,Ferrer D.,11,23,11,23
French Open,2016-05-28,Grand Slam,Clay,3rd Round,Almagro N.,Goffin D.,Goffin D.,49,13,13,49
French Open,2016-05-28,Grand Slam,Clay,3rd Round,Berdych T.,Cuevas P.,Berdych T.,8,27,8,27
French Open,2016-05-28,Grand Slam,Clay,3rd Round,Coric B.,Bautista Agut R.,Bautista Agut R.,47,16,16,47
French Open,2016-05-29,Grand Slam,Clay,4th Round,Wawrinka S.,Troicki V.,Wawrinka S.,4,24,4,24
French Open,2016-05-29,Grand Slam,Clay,4th Round,Isner J.,Murray A.,Murray A.,17,2,2,17
French Open,2016-05-29,Grand Slam,Clay,4th Round,Gasquet R.,Nishikori K.,Gasquet R.,12,6,12,6
French Open,2016-06-01,Grand Slam,Clay,4th Round,Bautista Agut R.,Djokovic N.,Djokovic N.,16,1,1,16
French Open,2016-06-01,Grand Slam,Clay,4th Round,Ferrer D.,Berdych T.,Berdych T.,11,8,8,11
French Open,2016-06-01,Grand Slam,Clay,Quarterfinals,Gasquet R.,Murray A.,Murray A.,12,2,2,12
French Open,2016-06-02,Grand Slam,Clay,Quarterfinals,Goffin D.,Thiem D.,Thiem D.,13,15,15,13
French Open,2016-06-02,Grand Slam,Clay,Quarterfinals,Djokovic N.,Berdych T.,Djokovic N.,1,8,1,8
French Open,2016-06-03,Grand Slam,Clay,Semifinals,Thiem D.,Djokovic N.,Djokovic N.,15,1,1,15
French Open,2016-06-03,Grand Slam,Clay,Semifinals,Murray A.,Wawrinka S.,Murray A.,2,4,2,4
French Open,2016-06-05,Grand Slam,Clay,The Final,Murray A.,Djokovic N.,Djokovic N.,2,1,1,2
Topshelf Open,2016-06-10,ATP250,Grass,Quarterfinals,Ferrer D.,Muller G.,Muller G.,14,44,44,14
Topshelf Open,2016-06-10,ATP250,Grass,Quarterfinals,Tomic B.,Mahut N.,Mahut N.,23,49,49,23
Topshelf Open,2016-06-11,ATP250,Grass,Semifinals,Muller G.,Karlovic I.,Muller G.,44,28,44,28
Topshelf Open,2016-06-11,ATP250,Grass,Semifinals,Querrey S.,Mahut N.,Mahut N.,37,49,49,37
Topshelf Open,2016-06-12,ATP250,Grass,The Final,Mahut N.,Muller G.,Mahut N.,49,44,49,44
Mercedes Cup,2016-06-11,ATP250,Grass,Semifinals,Federer R.,Thiem D.,Thiem D.,3,7,7,3
Mercedes Cup,2016-06-12,ATP250,Grass,The Final,Kohlschreiber P.,Thiem D.,Thiem D.,26,7,7,26
Gerry Weber Open,2016-06-13,ATP500,Grass,1st Round,Nishikori K.,Pouille L.,Nishikori K.,6,29,6,29
Gerry Weber Open,2016-06-13,ATP500,Grass,1st Round,Goffin D.,Coric B.,Goffin D.,11,49,11,49
Gerry Weber Open,2016-06-13,ATP500,Grass,1st Round,Seppi A.,Ferrer D.,Seppi A.,40,14,40,14
Gerry Weber Open,2016-06-14,ATP500,Grass,1st Round,Zverev A.,Troicki V.,Zverev A.,38,24,38,24
Gerry Weber Open,2016-06-14,ATP500,Grass,1st Round,Kuznetsov An.,Karlovic I.,Karlovic I.,43,28,28,43
Gerry Weber Open,2016-06-14,ATP500,Grass,1st Round,Baghdatis M.,Berdych T.,Baghdatis M.,42,8,42,8
Gerry Weber Open,2016-06-15,ATP500,Grass,1st Round,Kohlschreiber P.,Granollers M.,Kohlschreiber P.,25,45,25,45
Gerry Weber Open,2016-06-15,ATP500,Grass,1st Round,Sousa J.,Thiem D.,Thiem D.,30,7,7,30
Gerry Weber Open,2016-06-16,ATP500,Grass,2nd Round,Kohlschreiber P.,Karlovic I.,Kohlschreiber P.,25,28,25,28
Gerry Weber Open,2016-06-17,ATP500,Grass,Quarterfinals,Baghdatis M.,Zverev A.,Zverev A.,42,38,38,42
Gerry Weber Open,2016-06-17,ATP500,Grass,Quarterfinals,Federer R.,Goffin D.,Federer R.,3,11,3,11
Gerry Weber Open,2016-06-18,ATP500,Grass,Semifinals,Zverev A.,Federer R.,Zverev A.,38,3,38,3
AEGON Championships,2016-06-13,ATP500,Grass,1st Round,Gasquet R.,Johnson S.,Johnson S.,10,39,39,10
AEGON Championships,2016-06-14,ATP500,Grass,1st Round,Querrey S.,Bautista Agut R.,Bautista Agut R.,32,16,16,32
AEGON Championships,2016-06-14,ATP500,Grass,1st Round,Lopez F.,Cilic M.,Cilic M.,21,13,13,21
AEGON Championships,2016-06-14,ATP500,Grass,1st Round,Tomic B.,Anderson K.,Tomic B.,22,20,22,20
AEGON Championships,2016-06-15,ATP500,Grass,1st Round,Kyrgios N.,Raonic M.,Raonic M.,19,9,9,19
AEGON Championships,2016-06-16,ATP500,Grass,2nd Round,Isner J.,Muller G.,Muller G.,17,41,41,17
AEGON Championships,2016-06-17,ATP500,Grass,Quarterfinals,Cilic M.,Johnson S.,Cilic M.,13,39,13,39
AEGON Championships,2016-06-17,ATP500,Grass,Quarterfinals,Raonic M.,Bautista Agut R.,Raonic M.,9,16,9,16
AEGON Championships,2016-06-17,ATP500,Grass,Quarterfinals,Muller G.,Tomic B.,Tomic B.,41,22,22,41
AEGON Championships,2016-06-18,ATP500,Grass,Semifinals,Murray A.,Cilic M.,Murray A.,2,13,2,13
AEGON Championships,2016-06-18,ATP500,Grass,Semifinals,Tomic B.,Raonic M.,Raonic M.,22,9,9,22
AEGON Championships,2016-06-19,ATP500,Grass,The Final,Murray A.,Raonic M.,Murray A.,2,9,2,9
AEGON Open,2016-06-22,ATP500,Grass,3rd Round,Baghdatis M.,Querrey S.,Baghdatis M.,40,33,40,33
AEGON Open,2016-06-22,ATP500,Grass,3rd Round,Johnson S.,Pospisil V.,Johnson S.,38,44,38,44
AEGON Open,2016-06-23,ATP500,Grass,Quarterfinals,Dolgopolov O.,Muller G.,Muller G.,32,41,41,32
AEGON Open,2016-06-23,ATP500,Grass,Quarterfinals,Cuevas P.,Baghdatis M.,Cuevas P.,25,40,25,40
AEGON Open,2016-06-24,ATP500,Grass,Quarterfinals,Johnson S.,Anderson K.,Johnson S.,38,24,38,24
AEGON Open,2016-06-24,ATP500,Grass,Semifinals,Muller G.,Cuevas P.,Cuevas P.,41,25,25,41
AEGON Open,2016-06-25,ATP500,Grass,The Final,Cuevas P.,Johnson S.,Johnson S.,25,38,38,25
Wimbledon,2016-06-27,Grand Slam,Grass,1st Round,Karlovic I.,Coric B.,Karlovic I.,32,50,32,50
Wimbledon,2016-06-27,Grand Slam,Grass,1st Round,Carreno Busta P.,Raonic M.,Raonic M.,46,7,7,46
Wimbledon,2016-06-27,Grand Slam,Grass,1st Round,Chardy J.,Monfils G.,Chardy J.,34,16,34,16
Wimbledon,2016-06-27,Grand Slam,Grass,1st Round,Cuevas P.,Kuznetsov An.,Kuznetsov An.,24,42,42,24
Wimbledon,2016-06-28,Grand Slam,Grass,1st Round,Ramos-Vinolas A.,Pospisil V.,Ramos-Vinolas A.,36,44,36,44
Wimbledon,2016-06-30,Grand Slam,Grass,1st Round,Delbonis F.,Fognini F.,Fognini F.,38,35,35,38
Wimbledon,2016-06-30,Grand Slam,Grass,1st Round,Isner J.,Baghdatis M.,Isner J.,17,40,17,40
Wimbledon,2016-06-30,Grand Slam,Grass,2nd Round,Chardy J.,Johnson S.,Johnson S.,34,29,29,34
Wimbledon,2016-06-30,Grand Slam,Grass,2nd Round,Kuznetsov An.,Muller G.,Kuznetsov An.,42,39,42,39
Wimbledon,2016-06-30,Grand Slam,Grass,2nd Round,Seppi A.,Raonic M.,Raonic M.,45,7,7,45
Wimbledon,2016-06-30,Grand Slam,Grass,2nd Round,Simon G.,Dimitrov G.,Dimitrov G.,20,37,37,20
Wimbledon,2016-06-30,Grand Slam,Grass,2nd Round,Troicki V.,Ramos-Vinolas A.,Ramos-Vinolas A.,27,36,36,27
Wimbledon,2016-07-01,Grand Slam,Grass,2nd Round,Lopez F.,Fognini F.,Lopez F.,21,35,21,35
Wimbledon,2016-07-02,Grand Slam,Grass,3rd Round,Johnson S.,Dimitrov G.,Johnson S.,29,37,29,37
Wimbledon,2016-07-02,Grand Slam,Grass,3rd Round,Kuznetsov An.,Nishikori K.,Nishikori K.,42,6,6,42
Wimbledon,2016-07-02,Grand Slam,Grass,3rd Round,Djokovic N.,Querrey S.,Querrey S.,1,41,41,1
Wimbledon,2016-07-02,Grand Slam,Grass,3rd Round,Tomic B.,Bautista Agut R.,Tomic B.,19,15,19,15
Wimbledon,2016-07-02,Grand Slam,Grass,3rd Round,Raonic M.,Sock J.,Raonic M.,7,26,7,26
Wimbledon,2016-07-03,Grand Slam,Grass,3rd Round,Isner J.,Tsonga J.W.,Tsonga J.W.,17,12,12,17
Wimbledon,2016-07-03,Grand Slam,Grass,3rd Round,Ramos-Vinolas A.,Gasquet R.,Gasquet R.,36,10,10,36
Wimbledon,2016-07-03,Grand Slam,Grass,3rd Round,Kyrgios N.,Lopez F.,Kyrgios N.,18,21,18,21
Wimbledon,2016-07-03,Grand Slam,Grass,3rd Round,Zverev A.,Berdych T.,Berdych T.,28,9,9,28
Wimbledon,2016-07-04,Grand Slam,Grass,4th Round,Johnson S.,Federer R.,Federer R.,29,3,3,29
Wimbledon,2016-07-04,Grand Slam,Grass,4th Round,Goffin D.,Raonic M.,Raonic M.,11,7,7,11
Wimbledon,2016-07-04,Grand Slam,Grass,4th Round,Pouille L.,Tomic B.,Pouille L.,30,19,30,19
Wimbledon,2016-07-04,Grand Slam,Grass,4th Round,Kyrgios N.,Murray A.,Murray A.,18,2,2,18
Wimbledon,2016-07-06,Grand Slam,Grass,Quarterfinals,Cilic M.,Federer R.,Federer R.,13,3,3,13
Wimbledon,2016-07-06,Grand Slam,Grass,Quarterfinals,Raonic M.,Querrey S.,Raonic M.,7,41,7,41
Wimbledon,2016-07-06,Grand Slam,Grass,Quarterfinals,Pouille L.,Berdych T.,Berdych T.,30,9,9,30
Wimbledon,2016-07-06,Grand Slam,Grass,Quarterfinals,Murray A.,Tsonga J.W.,Murray A.,2,12,2,12
Wimbledon,2016-07-08,Grand Slam,Grass,Semifinals,Federer R.,Raonic M.,Raonic M.,3,7,7,3
Wimbledon,2016-07-08,Grand Slam,Grass,Semifinals,Murray A.,Berdych T.,Murray A.,2,9,2,9
Wimbledon,2016-07-10,Grand Slam,Grass,The Final,Raonic M.,Murray A.,Murray A.,7,2,2,7
SkiStar Swedish Open,2016-07-16,ATP250,Clay,Semifinals,Ramos-Vinolas A.,Ferrer D.,Ramos-Vinolas A.,35,13,35,13
German Tennis Championships,2016-07-17,ATP500,Clay,The Final,Klizan M.,Cuevas P.,Klizan M.,47,24,47,24
Hall of Fame Championships,2016-07-16,ATP250,Grass,Semifinals,Karlovic I.,Baghdatis M.,Karlovic I.,38,43,38,43
Hall of Fame Championships,2016-07-17,ATP250,Grass,The Final,Muller G.,Karlovic I.,Karlovic I.,39,38,38,39
Citi Open,2016-07-21,ATP500,Hard,3rd Round,Karlovic I.,Tomic B.,Karlovic I.,35,19,35,19
Citi Open,2016-07-21,ATP500,Hard,3rd Round,Isner J.,Baghdatis M.,Isner J.,16,41,16,41
Citi Open,2016-07-22,ATP500,Hard,3rd Round,Dolgopolov O.,Querrey S.,Querrey S.,37,29,29,37
Citi Open,2016-07-22,ATP500,Hard,3rd Round,Paire B.,Muller G.,Paire B.,24,36,24,36
Citi Open,2016-07-22,ATP500,Hard,Quarterfinals,Sock J.,Karlovic I.,Karlovic I.,26,35,35,26
Citi Open,2016-07-22,ATP500,Hard,Quarterfinals,Johnson S.,Isner J.,Johnson S.,25,16,25,16
Citi Open,2016-07-23,ATP500,Hard,Quarterfinals,Querrey S.,Monfils G.,Monfils G.,29,17,17,29
Citi Open,2016-07-23,ATP500,Hard,Quarterfinals,Zverev A.,Paire B.,Zverev A.,27,24,27,24
Citi Open,2016-07-23,ATP500,Hard,Semifinals,Johnson S.,Karlovic I.,Karlovic I.,25,35,35,25
Citi Open,2016-07-24,ATP500,Hard,Semifinals,Monfils G.,Zverev A.,Monfils G.,17,27,17,27
Citi Open,2016-07-24,ATP500,Hard,The Final,Karlovic I.,Monfils G.,Monfils G.,35,17,17,35
Rogers Masters,2016-07-25,Masters 1000,Hard,1st Round,Anderson K.,Troicki V.,Anderson K.,34,35,34,35
Rogers Masters,2016-07-26,Masters 1000,Hard,1st Round,Monfils G.,Sousa J.,Monfils G.,14,36,14,36
Rogers Masters,2016-07-26,Masters 1000,Hard,1st Round,Fognini F.,Johnson S.,Fognini F.,33,21,33,21
Rogers Masters,2016-07-27,Masters 1000,Hard,2nd Round,Muller G.,Djokovic N.,Djokovic N.,37,1,1,37
Rogers Masters,2016-07-27,Masters 1000,Hard,2nd Round,Cilic M.,Karlovic I.,Karlovic I.,12,27,27,12
Rogers Masters,2016-07-28,Masters 1000,Hard,3rd Round,Tomic B.,Anderson K.,Anderson K.,22,34,34,22
Rogers Masters,2016-07-28,Masters 1000,Hard,3rd Round,Wawrinka S.,Sock J.,Wawrinka S.,5,26,5,26
Rogers Masters,2016-07-28,Masters 1000,Hard,3rd Round,Goffin D.,Monfils G.,Monfils G.,11,14,14,11
Rogers Masters,2016-07-28,Masters 1000,Hard,3rd Round,Dimitrov G.,Karlovic I.,Dimitrov G.,40,27,40,27
Rogers Masters,2016-07-29,Masters 1000,Hard,Quarterfinals,Wawrinka S.,Anderson K.,Wawrinka S.,5,34,5,34
Rogers Masters,2016-07-29,Masters 1000,Hard,Quarterfinals,Dimitrov G.,Nishikori K.,Nishikori K.,40,6,6,40
Rogers Masters,2016-07-29,Masters 1000,Hard,Quarterfinals,Djokovic N.,Berdych T.,Djokovic N.,1,8,1,8
Rogers Masters,2016-07-30,Masters 1000,Hard,Quarterfinals,Raonic M.,Monfils G.,Monfils G.,7,14,14,7
Rogers Masters,2016-07-30,Masters 1000,Hard,Semifinals,Nishikori K.,Wawrinka S.,Nishikori K.,6,5,6,5
Rogers Masters,2016-07-31,Masters 1000,Hard,Semifinals,Monfils G.,Djokovic N.,Djokovic N.,14,1,1,14
Rogers Masters,2016-07-31,Masters 1000,Hard,The Final,Djokovic N.,Nishikori K.,Djokovic N.,1,6,1,6
BB&T Atlanta Open,2016-08-05,ATP250,Hard,Quarterfinals,Verdasco F.,Kyrgios N.,Kyrgios N.,48,18,18,48
BB&T Atlanta Open,2016-08-07,ATP250,Hard,The Final,Kyrgios N.,Isner J.,Kyrgios N.,18,17,18,17
Abierto Mexicano Mifel,2016-08-10,ATP250,Hard,1st Round,Granollers M.,Verdasco F.,Granollers M.,47,46,47,46
Abierto Mexicano Mifel,2016-08-12,ATP250,Hard,Quarterfinals,Karlovic I.,Granollers M.,Karlovic I.,24,47,24,47
Abierto Mexicano Mifel,2016-08-14,ATP250,Hard,The Final,Lopez F.,Karlovic I.,Karlovic I.,18,24,24,18
Western & Southern Financial Group Masters,2016-08-15,Masters 1000,Hard,1st Round,Coric B.,Paire B.,Coric B.,49,32,49,32
Western & Southern Financial Group Masters,2016-08-15,Masters 1000,Hard,1st Round,Querrey S.,Cuevas P.,Cuevas P.,29,19,19,29
Western & Southern Financial Group Masters,2016-08-15,Masters 1000,Hard,1st Round,Troicki V.,Cilic M.,Cilic M.,35,14,14,35
Western & Southern Financial Group Masters,2016-08-16,Masters 1000,Hard,1st Round,Dimitrov G.,Simon G.,Dimitrov G.,34,31,34,31
Western & Southern Financial Group Masters,2016-08-16,Masters 1000,Hard,1st Round,Pouille L.,Kyrgios N.,Kyrgios N.,26,16,16,26
Western & Southern Financial Group Masters,2016-08-16,Masters 1000,Hard,1st Round,Tomic B.,Sousa J.,Tomic B.,21,36,21,36
Western & Southern Financial Group Masters,2016-08-16,Masters 1000,Hard,1st Round,Carreno Busta P.,Monfils G.,Monfils G.,48,11,11,48
Western & Southern Financial Group Masters,2016-08-16,Masters 1000,Hard,1st Round,Johnson S.,Delbonis F.,Johnson S.,23,43,23,43
Western & Southern Financial Group Masters,2016-08-16,Masters 1000,Hard,1st Round,Fognini F.,Isner J.,Isner J.,38,22,22,38
Western & Southern Financial Group Masters,2016-08-16,Masters 1000,Hard,1st Round,Verdasco F.,Ramos-Vinolas A.,Verdasco F.,45,33,45,33
Western & Southern Financial Group Masters,2016-08-17,Masters 1000,Hard,1st Round,Bautista Agut R.,Mahut N.,Mahut N.,17,42,42,17
Western & Southern Financial Group Masters,2016-08-17,Masters 1000,Hard,1st Round,Vesely J.,Granollers M.,Granollers M.,50,46,46,50
Western & Southern Financial Group Masters,2016-08-17,Masters 1000,Hard,2nd Round,Isner J.,Raonic M.,Raonic M.,22,6,6,22
Western & Southern Financial Group Masters,2016-08-17,Masters 1000,Hard,2nd Round,Monfils G.,Baghdatis M.,Monfils G.,11,44,11,44
Western & Southern Financial Group Masters,2016-08-17,Masters 1000,Hard,2nd Round,Lopez F.,Dimitrov G.,Dimitrov G.,18,34,34,18
Western & Southern Financial Group Masters,2016-08-17,Masters 1000,Hard,2nd Round,Nadal R.,Cuevas P.,Nadal R.,5,19,5,19
Western & Southern Financial Group Masters,2016-08-17,Masters 1000,Hard,2nd Round,Goffin D.,Tomic B.,Tomic B.,13,21,21,13
Western & Southern Financial Group Masters,2016-08-17,Masters 1000,Hard,2nd Round,Kyrgios N.,Coric B.,Coric B.,16,49,49,16
Western & Southern Financial Group Masters,2016-08-18,Masters 1000,Hard,2nd Round,Anderson K.,Gasquet R.,Anderson K.,24,15,24,15
Western & Southern Financial Group Masters,2016-08-18,Masters 1000,Hard,2nd Round,Verdasco F.,Cilic M.,Cilic M.,45,14,14,45
Western & Southern Financial Group Masters,2016-08-18,Masters 1000,Hard,2nd Round,Berdych T.,Granollers M.,Berdych T.,8,46,8,46
Western & Southern Financial Group Masters,2016-08-18,Masters 1000,Hard,3rd Round,Wawrinka S.,Dimitrov G.,Dimitrov G.,4,34,34,4
Western & Southern Financial Group Masters,2016-08-18,Masters 1000,Hard,3rd Round,Johnson S.,Tsonga J.W.,Johnson S.,23,10,23,10
Western & Southern Financial Group Masters,2016-08-18,Masters 1000,Hard,3rd Round,Nadal R.,Coric B.,Coric B.,5,49,49,5
Western & Southern Financial Group Masters,2016-08-18,Masters 1000,Hard,3rd Round,Tomic B.,Nishikori K.,Tomic B.,21,7,21,7
Western & Southern Financial Group Masters,2016-08-19,Masters 1000,Hard,3rd Round,Murray A.,Anderson K.,Murray A.,2,24,2,24
Western & Southern Financial Group Masters,2016-08-19,Masters 1000,Hard,3rd Round,Berdych T.,Cilic M.,Cilic M.,8,14,14,8
Western & Southern Financial Group Masters,2016-08-19,Masters 1000,Hard,Quarterfinals,Dimitrov G.,Johnson S.,Dimitrov G.,34,23,34,23
Western & Southern Financial Group Masters,2016-08-19,Masters 1000,Hard,Quarterfinals,Thiem D.,Raonic M.,Raonic M.,9,6,6,9
Western & Southern Financial Group Masters,2016-08-20,Masters 1000,Hard,Quarterfinals,Murray A.,Tomic B.,Murray A.,2,21,2,21
Western & Southern Financial Group Masters,2016-08-21,Masters 1000,Hard,Semifinals,Raonic M.,Murray A.,Murray A.,6,2,2,6
Western & Southern Financial Group Masters,2016-08-21,Masters 1000,Hard,Semifinals,Cilic M.,Dimitrov G.,Cilic M.,14,34,14,34
Western & Southern Financial Group Masters,2016-08-21,Masters 1000,Hard,The Final,Murray A.,Cilic M.,Cilic M.,2,14,14,2
Winston-Salem Open at Wake Forest University,2016-08-23,ATP250,Hard,2nd Round,Garcia-Lopez G.,Querrey S.,Querrey S.,50,31,31,50
Winston-Salem Open at Wake Forest University,2016-08-24,ATP250,Hard,2nd Round,Vesely J.,Anderson K.,Vesely J.,48,25,48,25
Winston-Salem Open at Wake Forest University,2016-08-24,ATP250,Hard,3rd Round,Carreno Busta P.,Cuevas P.,Carreno Busta P.,49,20,49,20
Winston-Salem Open at Wake Forest University,2016-08-25,ATP250,Hard,3rd Round,Baghdatis M.,Bautista Agut R.,Bautista Agut R.,44,17,17,44
Winston-Salem Open at Wake Forest University,2016-08-25,ATP250,Hard,3rd Round,Verdasco F.,Johnson S.,Verdasco F.,47,21,47,21
Winston-Salem Open at Wake Forest University,2016-08-25,ATP250,Hard,3rd Round,Querrey S.,Troicki V.,Troicki V.,31,35,35,31
Winston-Salem Open at Wake Forest University,2016-08-25,ATP250,Hard,Quarterfinals,Kuznetsov An.,Carreno Busta P.,Carreno Busta P.,42,49,49,42
Winston-Salem Open at Wake Forest University,2016-08-26,ATP250,Hard,Quarterfinals,Verdasco F.,Troicki V.,Troicki V.,47,35,35,47
Winston-Salem Open at Wake Forest University,2016-08-26,ATP250,Hard,Semifinals,Bautista Agut R.,Troicki V.,Bautista Agut R.,17,35,17,35
Winston-Salem Open at Wake Forest University,2016-08-27,ATP250,Hard,The Final,Carreno Busta P.,Bautista Agut R.,Carreno Busta P.,49,17,49,17
US Open,2016-08-29,Grand Slam,Hard,1st Round,Muller G.,Monfils G.,Monfils G.,37,12,12,37
US Open,2016-08-29,Grand Slam,Hard,1st Round,Bautista Agut R.,Garcia-Lopez G.,Bautista Agut R.,17,50,17,50
US Open,2016-08-30,Grand Slam,Hard,1st Round,Wawrinka S.,Verdasco F.,Wawrinka S.,3,46,3,46
US Open,2016-08-31,Grand Slam,Hard,2nd Round,Baghdatis M.,Paire B.,Baghdatis M.,44,34,44,34
US Open,2016-08-31,Grand Slam,Hard,2nd Round,Almagro N.,Cuevas P.,Almagro N.,48,20,48,20
US Open,2016-08-31,Grand Slam,Hard,2nd Round,Ramos-Vinolas A.,Kuznetsov An.,Kuznetsov An.,33,47,47,33
US Open,2016-08-31,Grand Slam,Hard,2nd Round,Delbonis F.,Bautista Agut R.,Bautista Agut R.,43,17,17,43
US Open,2016-09-01,Grand Slam,Hard,2nd Round,Murray A.,Granollers M.,Murray A.,2,45,2,45
US Open,2016-09-01,Grand Slam,Hard,2nd Round,Sousa J.,Lopez F.,Sousa J.,36,18,36,18
US Open,2016-09-01,Grand Slam,Hard,2nd Round,Simon G.,Lorenzi P.,Lorenzi P.,31,40,40,31
US Open,2016-09-02,Grand Slam,Hard,2nd Round,Fognini F.,Ferrer D.,Ferrer D.,38,13,13,38
US Open,2016-09-02,Grand Slam,Hard,3rd Round,Anderson K.,Tsonga J.W.,Tsonga J.W.,35,11,11,35
US Open,2016-09-02,Grand Slam,Hard,3rd Round,Cilic M.,Sock J.,Sock J.,9,27,27,9
US Open,2016-09-02,Grand Slam,Hard,3rd Round,Monfils G.,Almagro N.,Monfils G.,12,48,12,48
US Open,2016-09-02,Grand Slam,Hard,3rd Round,Bautista Agut R.,Pouille L.,Pouille L.,17,25,25,17
US Open,2016-09-03,Grand Slam,Hard,3rd Round,Kuznetsov An.,Nadal R.,Nadal R.,47,5,5,47
US Open,2016-09-03,Grand Slam,Hard,3rd Round,Thiem D.,Carreno Busta P.,Thiem D.,10,39,10,39
US Open,2016-09-03,Grand Slam,Hard,3rd Round,Sousa J.,Dimitrov G.,Dimitrov G.,36,24,24,36
US Open,2016-09-03,Grand Slam,Hard,3rd Round,Lorenzi P.,Murray A.,Murray A.,40,2,2,40
US Open,2016-09-03,Grand Slam,Hard,3rd Round,Mahut N.,Nishikori K.,Nishikori K.,42,7,7,42
US Open,2016-09-04,Grand Slam,Hard,4th Round,Baghdatis M.,Monfils G.,Monfils G.,44,12,12,44
US Open,2016-09-04,Grand Slam,Hard,4th Round,Tsonga J.W.,Sock J.,Tsonga J.W.,11,27,11,27
US Open,2016-09-04,Grand Slam,Hard,4th Round,Nadal R.,Pouille L.,Pouille L.,5,25,25,5
US Open,2016-09-05,Grand Slam,Hard,4th Round,Nishikori K.,Karlovic I.,Nishikori K.,7,23,7,23
US Open,2016-09-06,Grand Slam,Hard,4th Round,Dimitrov G.,Murray A.,Murray A.,24,2,2,24
US Open,2016-09-06,Grand Slam,Hard,Quarterfinals,Monfils G.,Pouille L.,Monfils G.,12,25,12,25
US Open,2016-09-07,Grand Slam,Hard,Quarterfinals,Murray A.,Nishikori K.,Nishikori K.,2,7,7,2
US Open,2016-09-09,Grand Slam,Hard,Semifinals,Monfils G.,Djokovic N.,Djokovic N.,12,1,1,12
US Open,2016-09-09,Grand Slam,Hard,Semifinals,Wawrinka S.,Nishikori K.,Wawrinka S.,3,7,3,7
US Open,2016-09-11,Grand Slam,Hard,The Final,Djokovic N.,Wawrinka S.,Wawrinka S.,1,3,3,1
Open de Moselle,2016-09-22,ATP250,Hard,2nd Round,Marchenko I.,Mahut N.,Mahut N.,50,40,40,50
Open de Moselle,2016-09-23,ATP250,Hard,Quarterfinals,Muller G.,Thiem D.,Thiem D.,37,10,10,37
Open de Moselle,2016-09-23,ATP250,Hard,Quarterfinals,Mahut N.,Goffin D.,Goffin D.,40,14,14,40
Open de Moselle,2016-09-24,ATP250,Hard,Semifinals,Thiem D.,Simon G.,Thiem D.,10,28,10,28
Open de Moselle,2016-09-24,ATP250,Hard,Semifinals,Goffin D.,Pouille L.,Pouille L.,14,18,18,14
Open de Moselle,2016-09-25,ATP250,Hard,The Final,Pouille L.,Thiem D.,Pouille L.,18,10,18,10
St. Petersburg Open,2016-09-22,ATP250,Hard,2nd Round,Kuznetsov An.,Berdych T.,Berdych T.,46,9,9,46
St. Petersburg Open,2016-09-23,ATP250,Hard,Quarterfinals,Berdych T.,Lorenzi P.,Berdych T.,9,35,9,35
St. Petersburg Open,2016-09-23,ATP250,Hard,Quarterfinals,Sousa J.,Bautista Agut R.,Bautista Agut R.,34,16,16,34
St. Petersburg Open,2016-09-23,ATP250,Hard,Quarterfinals,Troicki V.,Wawrinka S.,Wawrinka S.,33,3,3,33
St. Petersburg Open,2016-09-24,ATP250,Hard,Semifinals,Zverev A.,Berdych T.,Zverev A.,27,9,27,9
St. Petersburg Open,2016-09-24,ATP250,Hard,Semifinals,Bautista Agut R.,Wawrinka S.,Wawrinka S.,16,3,3,16
St. Petersburg Open,2016-09-25,ATP250,Hard,The Final,Zverev A.,Wawrinka S.,Zverev A.,27,3,27,3
Chengdu Open,2016-09-28,ATP250,Hard,1st Round,Baghdatis M.,Carreno Busta P.,Baghdatis M.,36,39,36,39
Chengdu Open,2016-09-29,ATP250,Hard,2nd Round,Baghdatis M.,Troicki V.,Troicki V.,36,32,32,36
Chengdu Open,2016-09-29,ATP250,Hard,2nd Round,Anderson K.,Kyrgios N.,Anderson K.,45,15,45,15
Chengdu Open,2016-09-30,ATP250,Hard,Quarterfinals,Troicki V.,Anderson K.,Troicki V.,32,45,32,45
Chengdu Open,2016-09-30,ATP250,Hard,Quarterfinals,Ramos-Vinolas A.,Thiem D.,Ramos-Vinolas A.,31,10,31,10
Chengdu Open,2016-10-01,ATP250,Hard,Semifinals,Ramos-Vinolas A.,Dimitrov G.,Ramos-Vinolas A.,31,21,31,21
Shenzhen Open,2016-10-02,ATP250,Hard,The Final,Gasquet R.,Berdych T.,Berdych T.,18,9,9,18
China Open,2016-10-03,ATP500,Hard,1st Round,Ferrer D.,Cuevas P.,Ferrer D.,13,19,13,19
China Open,2016-10-04,ATP500,Hard,1st Round,Nadal R.,Lorenzi P.,Nadal R.,4,39,4,39
China Open,2016-10-04,ATP500,Hard,1st Round,Thiem D.,Zverev A.,Zverev A.,10,24,24,10
China Open,2016-10-04,ATP500,Hard,1st Round,Fognini F.,Troicki V.,Fognini F.,43,32,43,32
China Open,2016-10-05,ATP500,Hard,1st Round,Tomic B.,Carreno Busta P.,Carreno Busta P.,22,38,38,22
China Open,2016-10-05,ATP500,Hard,1st Round,Gasquet R.,Querrey S.,Gasquet R.,17,29,17,29
China Open,2016-10-05,ATP500,Hard,1st Round,Johnson S.,Dimitrov G.,Dimitrov G.,23,20,20,23
China Open,2016-10-05,ATP500,Hard,2nd Round,Fognini F.,Ferrer D.,Ferrer D.,43,13,13,43
China Open,2016-10-05,ATP500,Hard,2nd Round,Zverev A.,Sock J.,Zverev A.,24,25,24,25
China Open,2016-10-05,ATP500,Hard,2nd Round,Kuznetsov An.,Murray A.,Murray A.,45,2,2,45
China Open,2016-10-06,ATP500,Hard,2nd Round,Dimitrov G.,Pouille L.,Dimitrov G.,20,16,20,16
China Open,2016-10-07,ATP500,Hard,2nd Round,Raonic M.,Jaziri M.,Raonic M.,6,50,6,50
China Open,2016-10-07,ATP500,Hard,2nd Round,Gasquet R.,Carreno Busta P.,Carreno Busta P.,17,38,38,17
China Open,2016-10-07,ATP500,Hard,Quarterfinals,Ferrer D.,Zverev A.,Ferrer D.,13,24,13,24
China Open,2016-10-07,ATP500,Hard,Quarterfinals,Raonic M.,Carreno Busta P.,Raonic M.,6,38,6,38
China Open,2016-10-07,ATP500,Hard,Quarterfinals,Nadal R.,Dimitrov G.,Dimitrov G.,4,20,20,4
China Open,2016-10-08,ATP500,Hard,Semifinals,Murray A.,Ferrer D.,Murray A.,2,13,2,13
China Open,2016-10-09,ATP500,Hard,The Final,Dimitrov G.,Murray A.,Murray A.,20,2,2,20
Rakuten Japan Open Tennis Championships,2016-10-03,ATP500,Hard,1st Round,Sousa J.,Klizan M.,Sousa J.,34,33,34,33
Rakuten Japan Open Tennis Championships,2016-10-03,ATP500,Hard,1st Round,Paire B.,Cilic M.,Cilic M.,37,11,11,37
Rakuten Japan Open Tennis Championships,2016-10-04,ATP500,Hard,1st Round,Delbonis F.,Karlovic I.,Karlovic I.,47,21,21,47
Rakuten Japan Open Tennis Championships,2016-10-04,ATP500,Hard,1st Round,Simon G.,Kohlschreiber P.,Simon G.,30,31,30,31
Rakuten Japan Open Tennis Championships,2016-10-04,ATP500,Hard,1st Round,Granollers M.,Baghdatis M.,Baghdatis M.,44,35,35,44
Rakuten Japan Open Tennis Championships,2016-10-05,ATP500,Hard,1st Round,Muller G.,Berdych T.,Muller G.,36,9,36,9
Rakuten Japan Open Tennis Championships,2016-10-05,ATP500,Hard,2nd Round,Verdasco F.,Cilic M.,Cilic M.,46,11,11,46
Rakuten Japan Open Tennis Championships,2016-10-06,ATP500,Hard,2nd Round,Muller G.,Baghdatis M.,Muller G.,36,35,36,35
Rakuten Japan Open Tennis Championships,2016-10-06,ATP500,Hard,2nd Round,Simon G.,Monfils G.,Monfils G.,30,8,8,30
Rakuten Japan Open Tennis Championships,2016-10-07,ATP500,Hard,Quarterfinals,Sousa J.,Goffin D.,Goffin D.,34,14,14,34
Rakuten Japan Open Tennis Championships,2016-10-07,ATP500,Hard,Quarterfinals,Muller G.,Kyrgios N.,Kyrgios N.,36,15,15,36
Rakuten Japan Open Tennis Championships,2016-10-07,ATP500,Hard,Quarterfinals,Monfils G.,Karlovic I.,Monfils G.,8,21,8,21
Rakuten Japan Open Tennis Championships,2016-10-08,ATP500,Hard,Semifinals,Cilic M.,Goffin D.,Goffin D.,11,14,14,11
Rakuten Japan Open Tennis Championships,2016-10-08,ATP500,Hard,Semifinals,Kyrgios N.,Monfils G.,Kyrgios N.,15,8,15,8
Rakuten Japan Open Tennis Championships,2016-10-09,ATP500,Hard,The Final,Goffin D.,Kyrgios N.,Kyrgios N.,14,15,15,14
Shanghai Masters,2016-10-09,Masters 1000,Hard,1st Round,Ramos-Vinolas A.,Fognini F.,Fognini F.,27,50,50,27
Shanghai Masters,2016-10-10,Masters 1000,Hard,1st Round,Johnson S.,Klizan M.,Johnson S.,24,33,24,33
Shanghai Masters,2016-10-10,Masters 1000,Hard,1st Round,Sousa J.,Paire B.,Paire B.,34,47,47,34
Shanghai Masters,2016-10-10,Masters 1000,Hard,1st Round,Delbonis F.,Edmund K.,Edmund K.,46,48,48,46
Shanghai Masters,2016-10-10,Masters 1000,Hard,1st Round,Zverev A.,Isner J.,Zverev A.,21,26,21,26
Shanghai Masters,2016-10-11,Masters 1000,Hard,1st Round,Verdasco F.,Pouille L.,Pouille L.,44,16,16,44
Shanghai Masters,2016-10-11,Masters 1000,Hard,1st Round,Ferrer D.,Lopez F.,Lopez F.,15,28,28,15
Shanghai Masters,2016-10-11,Masters 1000,Hard,1st Round,Kyrgios N.,Querrey S.,Kyrgios N.,14,29,14,29
Shanghai Masters,2016-10-11,Masters 1000,Hard,1st Round,Carreno Busta P.,Simon G.,Simon G.,35,32,32,35
Shanghai Masters,2016-10-11,Masters 1000,Hard,1st Round,Dimitrov G.,Gasquet R.,Dimitrov G.,18,17,18,17
Shanghai Masters,2016-10-11,Masters 1000,Hard,2nd Round,Fognini F.,Djokovic N.,Djokovic N.,50,1,1,50
Shanghai Masters,2016-10-11,Masters 1000,Hard,2nd Round,Anderson K.,Monfils G.,Monfils G.,40,8,8,40
Shanghai Masters,2016-10-11,Masters 1000,Hard,2nd Round,Zverev A.,Cilic M.,Zverev A.,21,11,21,11
Shanghai Masters,2016-10-12,Masters 1000,Hard,2nd Round,Paire B.,Goffin D.,Goffin D.,47,12,12,47
Shanghai Masters,2016-10-12,Masters 1000,Hard,2nd Round,Wawrinka S.,Edmund K.,Wawrinka S.,3,48,3,48
Shanghai Masters,2016-10-12,Masters 1000,Hard,2nd Round,Berdych T.,Granollers M.,Granollers M.,9,43,43,9
Shanghai Masters,2016-10-12,Masters 1000,Hard,2nd Round,Lopez F.,Sock J.,Sock J.,28,25,25,28
Shanghai Masters,2016-10-12,Masters 1000,Hard,2nd Round,Raonic M.,Lorenzi P.,Raonic M.,6,37,6,37
Shanghai Masters,2016-10-12,Masters 1000,Hard,2nd Round,Almagro N.,Pouille L.,Pouille L.,45,16,16,45
Shanghai Masters,2016-10-12,Masters 1000,Hard,2nd Round,Troicki V.,Nadal R.,Troicki V.,31,5,31,5
Shanghai Masters,2016-10-12,Masters 1000,Hard,2nd Round,Murray A.,Johnson S.,Murray A.,2,24,2,24
Shanghai Masters,2016-10-13,Masters 1000,Hard,3rd Round,Zverev A.,Tsonga J.W.,Tsonga J.W.,21,13,13,21
Shanghai Masters,2016-10-13,Masters 1000,Hard,3rd Round,Raonic M.,Sock J.,Sock J.,6,25,25,6
Shanghai Masters,2016-10-13,Masters 1000,Hard,3rd Round,Troicki V.,Bautista Agut R.,Bautista Agut R.,31,19,19,31
Shanghai Masters,2016-10-13,Masters 1000,Hard,3rd Round,Murray A.,Pouille L.,Murray A.,2,16,2,16
Shanghai Masters,2016-10-13,Masters 1000,Hard,3rd Round,Monfils G.,Goffin D.,Goffin D.,8,12,12,8
Shanghai Masters,2016-10-13,Masters 1000,Hard,3rd Round,Simon G.,Wawrinka S.,Simon G.,32,3,32,3
Shanghai Masters,2016-10-14,Masters 1000,Hard,Quarterfinals,Tsonga J.W.,Bautista Agut R.,Bautista Agut R.,13,19,19,13
Shanghai Masters,2016-10-14,Masters 1000,Hard,Quarterfinals,Goffin D.,Murray A.,Murray A.,12,2,2,12
Shanghai Masters,2016-10-14,Masters 1000,Hard,Quarterfinals,Simon G.,Sock J.,Simon G.,32,25,32,25
Shanghai Masters,2016-10-15,Masters 1000,Hard,Semifinals,Djokovic N.,Bautista Agut R.,Bautista Agut R.,1,19,19,1
Shanghai Masters,2016-10-15,Masters 1000,Hard,Semifinals,Murray A.,Simon G.,Murray A.,2,32,2,32
Shanghai Masters,2016-10-16,Masters 1000,Hard,The Final,Bautista Agut R.,Murray A.,Murray A.,19,2,2,19
European Open,2016-10-20,ATP250,Hard,2nd Round,Edmund K.,Ferrer D.,Edmund K.,43,15,43,15
European Open,2016-10-22,ATP250,Hard,Semifinals,Gasquet R.,Edmund K.,Gasquet R.,19,43,19,43
Kremlin Cup,2016-10-19,ATP250,Hard,2nd Round,Fognini F.,Lorenzi P.,Fognini F.,50,38,50,38
Kremlin Cup,2016-10-21,ATP250,Hard,Quarterfinals,Ramos-Vinolas A.,Fognini F.,Fognini F.,31,50,50,31
Kremlin Cup,2016-10-22,ATP250,Hard,Semifinals,Kohlschreiber P.,Fognini F.,Fognini F.,32,50,50,32
Kremlin Cup,2016-10-23,ATP250,Hard,The Final,Fognini F.,Carreno Busta P.,Carreno Busta P.,50,36,36,50
Stockholm Open,2016-10-17,ATP250,Hard,1st Round,Baghdatis M.,Anderson K.,Anderson K.,35,48,48,35
Stockholm Open,2016-10-21,ATP250,Hard,Quarterfinals,Dimitrov G.,Anderson K.,Dimitrov G.,18,48,18,48
Stockholm Open,2016-10-22,ATP250,Hard,Semifinals,Zverev A.,Sock J.,Sock J.,20,23,23,20
Swiss Indoors,2016-10-24,ATP500,Hard,1st Round,Kuznetsov An.,Delbonis F.,Delbonis F.,47,48,48,47
Swiss Indoors,2016-10-25,ATP500,Hard,1st Round,Muller G.,Dimitrov G.,Muller G.,37,18,37,18
Swiss Indoors,2016-10-25,ATP500,Hard,1st Round,Mahut N.,Lorenzi P.,Lorenzi P.,41,38,38,41
Swiss Indoors,2016-10-25,ATP500,Hard,1st Round,Baghdatis M.,Goffin D.,Goffin D.,36,11,11,36
Swiss Indoors,2016-10-26,ATP500,Hard,1st Round,Verdasco F.,Carreno Busta P.,Carreno Busta P.,45,32,32,45
Swiss Indoors,2016-10-26,ATP500,Hard,2nd Round,Nishikori K.,Lorenzi P.,Nishikori K.,5,38,5,38
Swiss Indoors,2016-10-27,ATP500,Hard,2nd Round,Sock J.,Granollers M.,Granollers M.,22,39,39,22
Swiss Indoors,2016-10-27,ATP500,Hard,2nd Round,Cilic M.,Carreno Busta P.,Cilic M.,12,32,12,32
Swiss Indoors,2016-10-27,ATP500,Hard,2nd Round,Goffin D.,Del Potro J.M.,Del Potro J.M.,11,42,42,11
Swiss Indoors,2016-10-28,ATP500,Hard,Quarterfinals,Muller G.,Delbonis F.,Muller G.,37,48,37,48
Swiss Indoors,2016-10-28,ATP500,Hard,Quarterfinals,Del Potro J.M.,Nishikori K.,Nishikori K.,42,5,5,42
Swiss Indoors,2016-10-28,ATP500,Hard,Quarterfinals,Granollers M.,Cilic M.,Cilic M.,39,12,12,39
Swiss Indoors,2016-10-29,ATP500,Hard,Semifinals,Nishikori K.,Muller G.,Nishikori K.,5,37,5,37
Swiss Indoors,2016-10-30,ATP500,Hard,The Final,Cilic M.,Nishikori K.,Cilic M.,12,5,12,5
Erste Bank Open,2016-10-24,ATP500,Hard,1st Round,Karlovic I.,Johnson S.,Karlovic I.,23,31,23,31
Erste Bank Open,2016-10-25,ATP500,Hard,1st Round,Pouille L.,Lopez F.,Lopez F.,17,30,30,17
Erste Bank Open,2016-10-26,ATP500,Hard,1st Round,Kohlschreiber P.,Robert S.,Kohlschreiber P.,33,50,33,50
Erste Bank Open,2016-10-26,ATP500,Hard,1st Round,Fognini F.,Ramos-Vinolas A.,Ramos-Vinolas A.,49,26,26,49
Erste Bank Open,2016-10-26,ATP500,Hard,1st Round,Murray A.,Klizan M.,Murray A.,2,35,2,35
Erste Bank Open,2016-10-26,ATP500,Hard,2nd Round,Lopez F.,Isner J.,Isner J.,30,27,27,30
Erste Bank Open,2016-10-27,ATP500,Hard,2nd Round,Tsonga J.W.,Kohlschreiber P.,Tsonga J.W.,15,33,15,33
Erste Bank Open,2016-10-27,ATP500,Hard,2nd Round,Troicki V.,Thiem D.,Troicki V.,28,9,28,9
Erste Bank Open,2016-10-27,ATP500,Hard,2nd Round,Simon G.,Murray A.,Murray A.,24,2,2,24
Erste Bank Open,2016-10-27,ATP500,Hard,2nd Round,Ferrer D.,Sousa J.,Ferrer D.,19,34,19,34
Erste Bank Open,2016-10-28,ATP500,Hard,Quarterfinals,Tsonga J.W.,Ramos-Vinolas A.,Tsonga J.W.,15,26,15,26
Erste Bank Open,2016-10-28,ATP500,Hard,Quarterfinals,Troicki V.,Ferrer D.,Ferrer D.,28,19,19,28
Erste Bank Open,2016-10-28,ATP500,Hard,Quarterfinals,Murray A.,Isner J.,Murray A.,2,27,2,27
Erste Bank Open,2016-10-29,ATP500,Hard,Semifinals,Karlovic I.,Tsonga J.W.,Tsonga J.W.,23,15,15,23
Erste Bank Open,2016-10-30,ATP500,Hard,The Final,Murray A.,Tsonga J.W.,Murray A.,2,15,2,15
BNP Paribas Masters,2016-10-31,Masters 1000,Hard,1st Round,Fognini F.,Carreno Busta P.,Carreno Busta P.,49,31,31,49
BNP Paribas Masters,2016-10-31,Masters 1000,Hard,1st Round,Lorenzi P.,Paire B.,Lorenzi P.,39,45,39,45
BNP Paribas Masters,2016-10-31,Masters 1000,Hard,1st Round,Ramos-Vinolas A.,Robert S.,Ramos-Vinolas A.,26,50,26,50
BNP Paribas Masters,2016-11-01,Masters 1000,Hard,1st Round,Klizan M.,Mahut N.,Mahut N.,35,41,41,35
BNP Paribas Masters,2016-11-01,Masters 1000,Hard,1st Round,Sock J.,Kohlschreiber P.,Sock J.,24,32,24,32
BNP Paribas Masters,2016-11-01,Masters 1000,Hard,1st Round,Almagro N.,Muller G.,Muller G.,44,34,34,44
BNP Paribas Masters,2016-11-01,Masters 1000,Hard,2nd Round,Berdych T.,Sousa J.,Berdych T.,11,43,11,43
BNP Paribas Masters,2016-11-01,Masters 1000,Hard,2nd Round,Carreno Busta P.,Raonic M.,Raonic M.,31,5,5,31
BNP Paribas Masters,2016-11-01,Masters 1000,Hard,2nd Round,Gasquet R.,Johnson S.,Gasquet R.,19,33,19,33
BNP Paribas Masters,2016-11-02,Masters 1000,Hard,2nd Round,Mahut N.,Goffin D.,Goffin D.,41,12,12,41
BNP Paribas Masters,2016-11-02,Masters 1000,Hard,2nd Round,Nishikori K.,Troicki V.,Nishikori K.,4,28,4,28
BNP Paribas Masters,2016-11-02,Masters 1000,Hard,2nd Round,Lopez F.,Pouille L.,Pouille L.,30,17,17,30
BNP Paribas Masters,2016-11-02,Masters 1000,Hard,2nd Round,Cilic M.,Karlovic I.,Cilic M.,10,20,10,20
BNP Paribas Masters,2016-11-02,Masters 1000,Hard,2nd Round,Thiem D.,Sock J.,Sock J.,8,24,24,8
BNP Paribas Masters,2016-11-02,Masters 1000,Hard,2nd Round,Tsonga J.W.,Ramos-Vinolas A.,Tsonga J.W.,13,26,13,26
BNP Paribas Masters,2016-11-02,Masters 1000,Hard,2nd Round,Bautista Agut R.,Simon G.,Simon G.,15,23,23,15
BNP Paribas Masters,2016-11-02,Masters 1000,Hard,2nd Round,Djokovic N.,Muller G.,Djokovic N.,1,34,1,34
BNP Paribas Masters,2016-11-02,Masters 1000,Hard,2nd Round,Lorenzi P.,Cuevas P.,Cuevas P.,39,22,22,39
BNP Paribas Masters,2016-11-02,Masters 1000,Hard,2nd Round,Murray A.,Verdasco F.,Murray A.,2,46,2,46
BNP Paribas Masters,2016-11-02,Masters 1000,Hard,2nd Round,Ferrer D.,Isner J.,Isner J.,16,27,27,16
BNP Paribas Masters,2016-11-03,Masters 1000,Hard,3rd Round,Goffin D.,Cilic M.,Cilic M.,12,10,10,12
BNP Paribas Masters,2016-11-03,Masters 1000,Hard,3rd Round,Sock J.,Gasquet R.,Sock J.,24,19,24,19
BNP Paribas Masters,2016-11-03,Masters 1000,Hard,3rd Round,Cuevas P.,Raonic M.,Raonic M.,22,5,5,22
BNP Paribas Masters,2016-11-03,Masters 1000,Hard,3rd Round,Djokovic N.,Dimitrov G.,Djokovic N.,1,18,1,18
BNP Paribas Masters,2016-11-03,Masters 1000,Hard,3rd Round,Murray A.,Pouille L.,Murray A.,2,17,2,17
BNP Paribas Masters,2016-11-03,Masters 1000,Hard,3rd Round,Nishikori K.,Tsonga J.W.,Tsonga J.W.,4,13,13,4
BNP Paribas Masters,2016-11-03,Masters 1000,Hard,3rd Round,Berdych T.,Simon G.,Berdych T.,11,23,11,23
BNP Paribas Masters,2016-11-04,Masters 1000,Hard,Quarterfinals,Sock J.,Isner J.,Isner J.,24,27,27,24
BNP Paribas Masters,2016-11-04,Masters 1000,Hard,Quarterfinals,Cilic M.,Djokovic N.,Cilic M.,10,1,10,1
BNP Paribas Masters,2016-11-04,Masters 1000,Hard,Quarterfinals,Berdych T.,Murray A.,Murray A.,11,2,2,11
BNP Paribas Masters,2016-11-04,Masters 1000,Hard,Quarterfinals,Raonic M.,Tsonga J.W.,Raonic M.,5,13,5,13
BNP Paribas Masters,2016-11-05,Masters 1000,Hard,Semifinals,Cilic M.,Isner J.,Isner J.,10,27,27,10
BNP Paribas Masters,2016-11-06,Masters 1000,Hard,The Final,Murray A.,Isner J.,Murray A.,2,27,2,27
Masters Cup,2016-11-13,Masters Cup,Hard,Round Robin,Thiem D.,Djokovic N.,Djokovic N.,9,2,2,9
Masters Cup,2016-11-13,Masters Cup,Hard,Round Robin,Raonic M.,Monfils G.,Raonic M.,4,6,4,6
Masters Cup,2016-11-14,Masters Cup,Hard,Round Robin,Wawrinka S.,Nishikori K.,Nishikori K.,3,5,5,3
Masters Cup,2016-11-14,Masters Cup,Hard,Round Robin,Murray A.,Cilic M.,Murray A.,1,7,1,7
Masters Cup,2016-11-15,Masters Cup,Hard,Round Robin,Monfils G.,Thiem D.,Thiem D.,6,9,9,6
Masters Cup,2016-11-15,Masters Cup,Hard,Round Robin,Djokovic N.,Raonic M.,Djokovic N.,2,4,2,4
Masters Cup,2016-11-16,Masters Cup,Hard,Round Robin,Nishikori K.,Murray A.,Murray A.,5,1,1,5
Masters Cup,2016-11-16,Masters Cup,Hard,Round Robin,Wawrinka S.,Cilic M.,Wawrinka S.,3,7,3,7
Masters Cup,2016-11-17,Masters Cup,Hard,Round Robin,Goffin D.,Djokovic N.,Djokovic N.,11,2,2,11
Masters Cup,2016-11-17,Masters Cup,Hard,Round Robin,Raonic M.,Thiem D.,Raonic M.,4,9,4,9
Masters Cup,2016-11-18,Masters Cup,Hard,Round Robin,Wawrinka S.,Murray A.,Murray A.,3,1,1,3
Masters Cup,2016-11-18,Masters Cup,Hard,Round Robin,Cilic M.,Nishikori K.,Cilic M.,7,5,7,5
Masters Cup,2016-11-19,Masters Cup,Hard,Semifinals,Raonic M.,Murray A.,Murray A.,4,1,1,4
Masters Cup,2016-11-19,Masters Cup,Hard,Semifinals,Djokovic N.,Nishikori K.,Djokovic N.,2,5,2,5
Masters Cup,2016-11-20,Masters Cup,Hard,The Final,Djokovic N.,Murray A.,Murray A.,2,1,1,2
Brisbane International,2017-01-02,ATP250,Hard,1st Round,Ferrer D.,Tomic B.,Ferrer D.,21,26,21,26
Brisbane International,2017-01-02,ATP250,Hard,1st Round,Dimitrov G.,Johnson S.,Dimitrov G.,17,33,17,33
Brisbane International,2017-01-03,ATP250,Hard,1st Round,Simon G.,Pouille L.,Pouille L.,25,15,15,25
Brisbane International,2017-01-04,ATP250,Hard,2nd Round,Wawrinka S.,Troicki V.,Wawrinka S.,4,29,4,29
Brisbane International,2017-01-05,ATP250,Hard,2nd Round,Mahut N.,Dimitrov G.,Dimitrov G.,39,17,17,39
Brisbane International,2017-01-06,ATP250,Hard,Quarterfinals,Edmund K.,Wawrinka S.,Wawrinka S.,45,4,4,45
Brisbane International,2017-01-06,ATP250,Hard,Quarterfinals,Thiem D.,Dimitrov G.,Dimitrov G.,8,17,17,8
Brisbane International,2017-01-06,ATP250,Hard,Quarterfinals,Raonic M.,Nadal R.,Raonic M.,3,9,3,9
Brisbane International,2017-01-07,ATP250,Hard,Semifinals,Wawrinka S.,Nishikori K.,Nishikori K.,4,5,5,4
Brisbane International,2017-01-07,ATP250,Hard,Semifinals,Dimitrov G.,Raonic M.,Dimitrov G.,17,3,17,3
Brisbane International,2017-01-08,ATP250,Hard,The Final,Nishikori K.,Dimitrov G.,Dimitrov G.,5,17,17,5
Chennai Open,2017-01-07,ATP250,Hard,Semifinals,Paire B.,Bautista Agut R.,Bautista Agut R.,47,14,14,47
Qatar Exxon Mobil Open,2017-01-02,ATP250,Hard,1st Round,Lorenzi P.,Almagro N.,Almagro N.,40,44,44,40
Qatar Exxon Mobil Open,2017-01-03,ATP250,Hard,1st Round,Tsonga J.W.,Kuznetsov An.,Tsonga J.W.,12,46,12,46
Qatar Exxon Mobil Open,2017-01-04,ATP250,Hard,2nd Round,Almagro N.,Kohlschreiber P.,Almagro N.,44,32,44,32
Qatar Exxon Mobil Open,2017-01-04,ATP250,Hard,2nd Round,Goffin D.,Verdasco F.,Verdasco F.,11,42,42,11
Qatar Exxon Mobil Open,2017-01-05,ATP250,Hard,Quarterfinals,Verdasco F.,Karlovic I.,Verdasco F.,42,20,42,20
Qatar Exxon Mobil Open,2017-01-05,ATP250,Hard,Quarterfinals,Murray A.,Almagro N.,Murray A.,1,44,1,44
Qatar Exxon Mobil Open,2017-01-05,ATP250,Hard,Quarterfinals,Tsonga J.W.,Berdych T.,Berdych T.,12,10,10,12
Qatar Exxon Mobil Open,2017-01-06,ATP250,Hard,Semifinals,Djokovic N.,Verdasco F.,Djokovic N.,2,42,2,42
Qatar Exxon Mobil Open,2017-01-06,ATP250,Hard,Semifinals,Berdych T.,Murray A.,Murray A.,10,1,1,10
Qatar Exxon Mobil Open,2017-01-07,ATP250,Hard,The Final,Djokovic N.,Murray A.,Djokovic N.,2,1,2,1
ASB Classic,2017-01-09,ATP250,Hard,1st Round,Ramos-Vinolas A.,Sousa J.,Sousa J.,26,44,44,26
ASB Classic,2017-01-12,ATP250,Hard,Quarterfinals,Johnson S.,Isner J.,Johnson S.,33,19,33,19
ASB Classic,2017-01-13,ATP250,Hard,Semifinals,Baghdatis M.,Sousa J.,Sousa J.,36,44,44,36
ASB Classic,2017-01-13,ATP250,Hard,Semifinals,Sock J.,Johnson S.,Sock J.,23,33,23,33
ASB Classic,2017-01-14,ATP250,Hard,The Final,Sousa J.,Sock J.,Sock J.,44,23,23,44
Apia International,2017-01-09,ATP250,Hard,1st Round,Lorenzi P.,Mayer F.,Lorenzi P.,41,49,41,49
Apia International,2017-01-09,ATP250,Hard,1st Round,Fognini F.,Kohlschreiber P.,Kohlschreiber P.,47,32,32,47
Apia International,2017-01-10,ATP250,Hard,1st Round,Almagro N.,Zverev M.,Zverev M.,43,50,50,43
Apia International,2017-01-11,ATP250,Hard,2nd Round,Mahut N.,Cuevas P.,Cuevas P.,38,22,22,38
Apia International,2017-01-11,ATP250,Hard,2nd Round,Zverev M.,Carreno Busta P.,Carreno Busta P.,50,30,30,50
Apia International,2017-01-11,ATP250,Hard,2nd Round,Troicki V.,Lorenzi P.,Troicki V.,29,41,29,41
Apia International,2017-01-12,ATP250,Hard,Quarterfinals,Muller G.,Cuevas P.,Muller G.,34,22,34,22
Apia International,2017-01-12,ATP250,Hard,Quarterfinals,Carreno Busta P.,Kuznetsov An.,Kuznetsov An.,30,48,48,30
Apia International,2017-01-13,ATP250,Hard,Semifinals,Troicki V.,Muller G.,Muller G.,29,34,34,29
Australian Open,2017-01-16,Grand Slam,Hard,1st Round,Nishikori K.,Kuznetsov An.,Nishikori K.,5,45,5,45
Australian Open,2017-01-16,Grand Slam,Hard,1st Round,Delbonis F.,Johnson S.,Johnson S.,44,30,30,44
Australian Open,2017-01-16,Grand Slam,Hard,1st Round,Klizan M.,Wawrinka S.,Wawrinka S.,34,4,4,34
Australian Open,2017-01-17,Grand Slam,Hard,1st Round,Nadal R.,Mayer F.,Nadal R.,9,49,9,49
Australian Open,2017-01-17,Grand Slam,Hard,1st Round,Lopez F.,Fognini F.,Fognini F.,29,48,48,29
Australian Open,2017-01-17,Grand Slam,Hard,1st Round,Verdasco F.,Djokovic N.,Djokovic N.,40,2,2,40
Australian Open,2017-01-18,Grand Slam,Hard,2nd Round,Isner J.,Zverev M.,Zverev M.,19,50,50,19
Australian Open,2017-01-18,Grand Slam,Hard,2nd Round,Johnson S.,Wawrinka S.,Wawrinka S.,30,4,4,30
Australian Open,2017-01-18,Grand Slam,Hard,2nd Round,Troicki V.,Lorenzi P.,Troicki V.,35,43,35,43
Australian Open,2017-01-19,Grand Slam,Hard,2nd Round,Carreno Busta P.,Edmund K.,Carreno Busta P.,31,46,31,46
Australian Open,2017-01-19,Grand Slam,Hard,2nd Round,Muller G.,Raonic M.,Raonic M.,28,3,3,28
Australian Open,2017-01-19,Grand Slam,Hard,2nd Round,Paire B.,Fognini F.,Paire B.,47,48,47,48
Australian Open,2017-01-19,Grand Slam,Hard,2nd Round,Nadal R.,Baghdatis M.,Nadal R.,9,36,9,36
Australian Open,2017-01-20,Grand Slam,Hard,3rd Round,Tsonga J.W.,Sock J.,Tsonga J.W.,12,20,12,20
Australian Open,2017-01-20,Grand Slam,Hard,3rd Round,Wawrinka S.,Troicki V.,Wawrinka S.,4,35,4,35
Australian Open,2017-01-20,Grand Slam,Hard,3rd Round,Querrey S.,Murray A.,Murray A.,32,1,1,32
Australian Open,2017-01-20,Grand Slam,Hard,3rd Round,Federer R.,Berdych T.,Federer R.,17,10,17,10
Australian Open,2017-01-21,Grand Slam,Hard,3rd Round,Karlovic I.,Goffin D.,Goffin D.,21,11,11,21
Australian Open,2017-01-21,Grand Slam,Hard,3rd Round,Thiem D.,Paire B.,Thiem D.,8,47,8,47
Australian Open,2017-01-21,Grand Slam,Hard,3rd Round,Ferrer D.,Bautista Agut R.,Bautista Agut R.,23,14,14,23
Australian Open,2017-01-21,Grand Slam,Hard,3rd Round,Zverev A.,Nadal R.,Nadal R.,24,9,9,24
Australian Open,2017-01-21,Grand Slam,Hard,3rd Round,Raonic M.,Simon G.,Raonic M.,3,25,3,25
Australian Open,2017-01-21,Grand Slam,Hard,3rd Round,Kohlschreiber P.,Monfils G.,Monfils G.,33,6,6,33
Australian Open,2017-01-21,Grand Slam,Hard,3rd Round,Dimitrov G.,Gasquet R.,Dimitrov G.,15,18,15,18
Australian Open,2017-01-22,Grand Slam,Hard,4th Round,Murray A.,Zverev M.,Zverev M.,1,50,50,1
Australian Open,2017-01-22,Grand Slam,Hard,4th Round,Federer R.,Nishikori K.,Federer R.,17,5,17,5
Australian Open,2017-01-23,Grand Slam,Hard,4th Round,Thiem D.,Goffin D.,Goffin D.,8,11,11,8
Australian Open,2017-01-23,Grand Slam,Hard,4th Round,Bautista Agut R.,Raonic M.,Raonic M.,14,3,3,14
Australian Open,2017-01-23,Grand Slam,Hard,4th Round,Nadal R.,Monfils G.,Nadal R.,9,6,9,6
Australian Open,2017-01-24,Grand Slam,Hard,Quarterfinals,Tsonga J.W.,Wawrinka S.,Wawrinka S.,12,4,4,12
Australian Open,2017-01-24,Grand Slam,Hard,Quarterfinals,Federer R.,Zverev M.,Federer R.,17,50,17,50
Australian Open,2017-01-25,Grand Slam,Hard,Quarterfinals,Goffin D.,Dimitrov G.,Dimitrov G.,11,15,15,11
Australian Open,2017-01-25,Grand Slam,Hard,Quarterfinals,Nadal R.,Raonic M.,Nadal R.,9,3,9,3
Australian Open,2017-01-26,Grand Slam,Hard,Semifinals,Wawrinka S.,Federer R.,Federer R.,4,17,17,4
Australian Open,2017-01-27,Grand Slam,Hard,Semifinals,Nadal R.,Dimitrov G.,Nadal R.,9,15,9,15
Australian Open,2017-01-29,Grand Slam,Hard,The Final,Nadal R.,Federer R.,Federer R.,9,17,17,9
Open Sud de France,2017-02-09,ATP250,Hard,2nd Round,Gasquet R.,Jaziri M.,Gasquet R.,22,50,22,50
Open Sud de France,2017-02-09,ATP250,Hard,2nd Round,Lopez F.,Paire B.,Paire B.,32,43,43,32
Open Sud de France,2017-02-11,ATP250,Hard,Semifinals,Paire B.,Gasquet R.,Gasquet R.,43,22,22,43
Open Sud de France,2017-02-11,ATP250,Hard,Semifinals,Zverev A.,Tsonga J.W.,Zverev A.,21,14,21,14
Open Sud de France,2017-02-12,ATP250,Hard,The Final,Gasquet R.,Zverev A.,Zverev A.,22,21,21,22
Ecuador Open,2017-02-11,ATP250,Clay,Semifinals,Ramos-Vinolas A.,Lorenzi P.,Lorenzi P.,30,46,46,30
Garanti Koza Sofia Open,2017-02-10,ATP250,Hard,Quarterfinals,Bautista Agut R.,Muller G.,Bautista Agut R.,16,29,16,29
Garanti Koza Sofia Open,2017-02-10,ATP250,Hard,Quarterfinals,Dimitrov G.,Troicki V.,Dimitrov G.,13,37,13,37
Garanti Koza Sofia Open,2017-02-11,ATP250,Hard,Semifinals,Goffin D.,Bautista Agut R.,Goffin D.,11,16,11,16
Garanti Koza Sofia Open,2017-02-12,ATP250,Hard,The Final,Dimitrov G.,Goffin D.,Dimitrov G.,13,11,13,11
Argentina Open,2017-02-15,ATP250,Clay,2nd Round,Delbonis F.,Sousa J.,Sousa J.,45,41,41,45
Argentina Open,2017-02-16,ATP250,Clay,2nd Round,Schwartzman D.,Nishikori K.,Nishikori K.,50,5,5,50
Argentina Open,2017-02-17,ATP250,Clay,Quarterfinals,Carreno Busta P.,Ramos-Vinolas A.,Carreno Busta P.,25,26,25,26
Argentina Open,2017-02-17,ATP250,Clay,Quarterfinals,Nishikori K.,Sousa J.,Nishikori K.,5,41,5,41
ABN AMRO World Tennis Tournament,2017-02-14,ATP500,Hard,1st Round,Pouille L.,Kohlschreiber P.,Kohlschreiber P.,17,33,33,17
ABN AMRO World Tennis Tournament,2017-02-14,ATP500,Hard,1st Round,Cilic M.,Paire B.,Cilic M.,7,42,7,42
ABN AMRO World Tennis Tournament,2017-02-15,ATP500,Hard,1st Round,Troicki V.,Gasquet R.,Gasquet R.,38,19,19,38
ABN AMRO World Tennis Tournament,2017-02-15,ATP500,Hard,1st Round,Dimitrov G.,Zverev M.,Dimitrov G.,12,34,12,34
ABN AMRO World Tennis Tournament,2017-02-15,ATP500,Hard,1st Round,Zverev A.,Thiem D.,Thiem D.,18,8,8,18
ABN AMRO World Tennis Tournament,2017-02-15,ATP500,Hard,2nd Round,Tsonga J.W.,Muller G.,Tsonga J.W.,14,28,14,28
ABN AMRO World Tennis Tournament,2017-02-16,ATP500,Hard,2nd Round,Gasquet R.,Berdych T.,Berdych T.,19,13,13,19
ABN AMRO World Tennis Tournament,2017-02-16,ATP500,Hard,2nd Round,Simon G.,Thiem D.,Thiem D.,24,8,8,24
ABN AMRO World Tennis Tournament,2017-02-17,ATP500,Hard,Quarterfinals,Cilic M.,Tsonga J.W.,Tsonga J.W.,7,14,14,7
ABN AMRO World Tennis Tournament,2017-02-17,ATP500,Hard,Quarterfinals,Goffin D.,Dimitrov G.,Goffin D.,11,12,11,12
ABN AMRO World Tennis Tournament,2017-02-18,ATP500,Hard,Semifinals,Tsonga J.W.,Berdych T.,Tsonga J.W.,14,13,14,13
ABN AMRO World Tennis Tournament,2017-02-19,ATP500,Hard,The Final,Tsonga J.W.,Goffin D.,Tsonga J.W.,14,11,14,11
Delray Beach Open,2017-02-24,ATP250,Hard,Quarterfinals,Sock J.,Johnson S.,Sock J.,21,26,21,26
Delray Beach Open,2017-02-24,ATP250,Hard,Quarterfinals,Edmund K.,Raonic M.,Raonic M.,49,4,4,49
Delray Beach Open,2017-02-25,ATP250,Hard,Quarterfinals,Del Potro J.M.,Querrey S.,Del Potro J.M.,42,35,42,35
Delray Beach Open,2017-02-26,ATP250,Hard,Semifinals,Raonic M.,Del Potro J.M.,Raonic M.,4,42,4,42
Open 13,2017-02-20,ATP250,Hard,1st Round,Khachanov K.,Simon G.,Simon G.,48,23,23,48
Open 13,2017-02-22,ATP250,Hard,2nd Round,Jaziri M.,Kyrgios N.,Kyrgios N.,47,16,16,47
Open 13,2017-02-24,ATP250,Hard,Quarterfinals,Tsonga J.W.,Simon G.,Tsonga J.W.,11,23,11,23
Open 13,2017-02-24,ATP250,Hard,Quarterfinals,Gasquet R.,Monfils G.,Gasquet R.,19,12,19,12
Open 13,2017-02-25,ATP250,Hard,Semifinals,Kyrgios N.,Tsonga J.W.,Tsonga J.W.,16,11,11,16
Open 13,2017-02-25,ATP250,Hard,Semifinals,Pouille L.,Gasquet R.,Pouille L.,17,19,17,19
Open 13,2017-02-26,ATP250,Hard,The Final,Pouille L.,Tsonga J.W.,Tsonga J.W.,17,11,11,17
Rio Open,2017-02-21,ATP500,Clay,1st Round,Ferrer D.,Dolgopolov O.,Dolgopolov O.,29,50,50,29
Rio Open,2017-02-22,ATP500,Clay,2nd Round,Ramos-Vinolas A.,Fognini F.,Ramos-Vinolas A.,25,45,25,45
Rio Open,2017-02-25,ATP500,Clay,Semifinals,Ramos-Vinolas A.,Thiem D.,Thiem D.,25,8,8,25
Rio Open,2017-02-26,ATP500,Clay,The Final,Carreno Busta P.,Thiem D.,Thiem D.,24,8,8,24
Abierto Mexicano,2017-02-28,ATP500,Hard,1st Round,Isner J.,Johnson S.,Johnson S.,22,26,26,22
Abierto Mexicano,2017-02-28,ATP500,Hard,1st Round,Querrey S.,Edmund K.,Querrey S.,40,45,40,45
Abierto Mexicano,2017-03-01,ATP500,Hard,1st Round,Zverev M.,Nadal R.,Nadal R.,30,6,6,30
Abierto Mexicano,2017-03-01,ATP500,Hard,1st Round,Thiem D.,Simon G.,Thiem D.,9,25,9,25
Abierto Mexicano,2017-03-01,ATP500,Hard,2nd Round,Goffin D.,Querrey S.,Querrey S.,11,40,40,11
Abierto Mexicano,2017-03-02,ATP500,Hard,2nd Round,Nadal R.,Lorenzi P.,Nadal R.,6,38,6,38
Abierto Mexicano,2017-03-02,ATP500,Hard,2nd Round,Del Potro J.M.,Djokovic N.,Djokovic N.,32,2,2,32
Abierto Mexicano,2017-03-03,ATP500,Hard,Quarterfinals,Querrey S.,Thiem D.,Querrey S.,40,9,40,9
Abierto Mexicano,2017-03-03,ATP500,Hard,Quarterfinals,Djokovic N.,Kyrgios N.,Kyrgios N.,2,17,17,2
Abierto Mexicano,2017-03-04,ATP500,Hard,Semifinals,Nadal R.,Cilic M.,Nadal R.,6,8,6,8
Abierto Mexicano,2017-03-04,ATP500,Hard,Semifinals,Kyrgios N.,Querrey S.,Querrey S.,17,40,40,17
Abierto Mexicano,2017-03-05,ATP500,Hard,The Final,Querrey S.,Nadal R.,Querrey S.,40,6,40,6
Dubai Tennis Championships,2017-02-27,ATP500,Hard,1st Round,Kohlschreiber P.,Muller G.,Kohlschreiber P.,29,27,29,27
Dubai Tennis Championships,2017-02-27,ATP500,Hard,1st Round,Bautista Agut R.,Khachanov K.,Bautista Agut R.,16,50,16,50
Dubai Tennis Championships,2017-02-27,ATP500,Hard,1st Round,Paire B.,Federer R.,Federer R.,39,10,10,39
Dubai Tennis Championships,2017-03-01,ATP500,Hard,2nd Round,Verdasco F.,Bautista Agut R.,Verdasco F.,35,16,35,16
Dubai Tennis Championships,2017-03-01,ATP500,Hard,2nd Round,Evans D.,Monfils G.,Monfils G.,43,12,12,43
Dubai Tennis Championships,2017-03-02,ATP500,Hard,Quarterfinals,Verdasco F.,Monfils G.,Verdasco F.,35,12,35,12
Dubai Tennis Championships,2017-03-02,ATP500,Hard,Quarterfinals,Kohlschreiber P.,Murray A.,Murray A.,29,1,1,29
Dubai Tennis Championships,2017-03-03,ATP500,Hard,Semifinals,Murray A.,Pouille L.,Murray A.,1,15,1,15
Dubai Tennis Championships,2017-03-04,ATP500,Hard,The Final,Verdasco F.,Murray A.,Murray A.,35,1,1,35
Brasil Open,2017-03-04,ATP250,Clay,Quarterfinals,Carreno Busta P.,Fognini F.,Carreno Busta P.,23,42,23,42
Brasil Open,2017-03-04,ATP250,Clay,Quarterfinals,Schwartzman D.,Cuevas P.,Cuevas P.,44,33,33,44
Brasil Open,2017-03-04,ATP250,Clay,Semifinals,Ramos-Vinolas A.,Sousa J.,Ramos-Vinolas A.,24,37,24,37
Brasil Open,2017-03-04,ATP250,Clay,Semifinals,Carreno Busta P.,Cuevas P.,Cuevas P.,23,33,33,23
Brasil Open,2017-03-05,ATP250,Clay,The Final,Cuevas P.,Ramos-Vinolas A.,Cuevas P.,33,24,33,24
BNP Paribas Open,2017-03-09,Masters 1000,Hard,1st Round,Haase R.,Lorenzi P.,Lorenzi P.,47,38,38,47
BNP Paribas Open,2017-03-09,Masters 1000,Hard,1st Round,Sousa J.,Schwartzman D.,Sousa J.,37,44,37,44
BNP Paribas Open,2017-03-11,Masters 1000,Hard,2nd Round,Fognini F.,Tsonga J.W.,Fognini F.,43,8,43,8
BNP Paribas Open,2017-03-11,Masters 1000,Hard,2nd Round,Zverev M.,Sousa J.,Zverev M.,32,37,32,37
BNP Paribas Open,2017-03-12,Masters 1000,Hard,2nd Round,Lorenzi P.,Wawrinka S.,Wawrinka S.,38,3,3,38
BNP Paribas Open,2017-03-12,Masters 1000,Hard,2nd Round,Evans D.,Nishikori K.,Nishikori K.,41,5,5,41
BNP Paribas Open,2017-03-12,Masters 1000,Hard,2nd Round,Delbonis F.,Del Potro J.M.,Del Potro J.M.,49,35,35,49
BNP Paribas Open,2017-03-13,Masters 1000,Hard,2nd Round,Djokovic N.,Edmund K.,Djokovic N.,2,46,2,46
BNP Paribas Open,2017-03-13,Masters 1000,Hard,3rd Round,Zverev M.,Thiem D.,Thiem D.,32,9,9,32
BNP Paribas Open,2017-03-13,Masters 1000,Hard,3rd Round,Wawrinka S.,Kohlschreiber P.,Wawrinka S.,3,30,3,30
BNP Paribas Open,2017-03-14,Masters 1000,Hard,3rd Round,Ramos-Vinolas A.,Goffin D.,Goffin D.,24,12,12,24
BNP Paribas Open,2017-03-14,Masters 1000,Hard,3rd Round,Cuevas P.,Fognini F.,Cuevas P.,33,43,33,43
BNP Paribas Open,2017-03-14,Masters 1000,Hard,3rd Round,Isner J.,Monfils G.,Monfils G.,22,11,11,22
BNP Paribas Open,2017-03-14,Masters 1000,Hard,3rd Round,Muller G.,Nishikori K.,Nishikori K.,28,5,5,28
BNP Paribas Open,2017-03-14,Masters 1000,Hard,3rd Round,Nadal R.,Verdasco F.,Nadal R.,6,29,6,29
BNP Paribas Open,2017-03-14,Masters 1000,Hard,3rd Round,Kyrgios N.,Zverev A.,Kyrgios N.,16,20,16,20
BNP Paribas Open,2017-03-15,Masters 1000,Hard,3rd Round,Johnson S.,Federer R.,Federer R.,27,10,10,27
BNP Paribas Open,2017-03-15,Masters 1000,Hard,3rd Round,Sock J.,Dimitrov G.,Sock J.,18,13,18,13
BNP Paribas Open,2017-03-15,Masters 1000,Hard,3rd Round,Del Potro J.M.,Djokovic N.,Djokovic N.,35,2,2,35
BNP Paribas Open,2017-03-15,Masters 1000,Hard,4th Round,Cuevas P.,Goffin D.,Cuevas P.,33,12,33,12
BNP Paribas Open,2017-03-15,Masters 1000,Hard,4th Round,Djokovic N.,Kyrgios N.,Kyrgios N.,2,16,16,2
BNP Paribas Open,2017-03-16,Masters 1000,Hard,4th Round,Nadal R.,Federer R.,Federer R.,6,10,10,6
BNP Paribas Open,2017-03-16,Masters 1000,Hard,4th Round,Monfils G.,Thiem D.,Thiem D.,11,9,9,11
BNP Paribas Open,2017-03-16,Masters 1000,Hard,Quarterfinals,Carreno Busta P.,Cuevas P.,Carreno Busta P.,23,33,23,33
BNP Paribas Open,2017-03-17,Masters 1000,Hard,Quarterfinals,Thiem D.,Wawrinka S.,Wawrinka S.,9,3,3,9
BNP Paribas Open,2017-03-17,Masters 1000,Hard,Quarterfinals,Sock J.,Nishikori K.,Sock J.,18,5,18,5
BNP Paribas Open,2017-03-18,Masters 1000,Hard,Semifinals,Carreno Busta P.,Wawrinka S.,Wawrinka S.,23,3,3,23
BNP Paribas Open,2017-03-18,Masters 1000,Hard,Semifinals,Federer R.,Sock J.,Federer R.,10,18,10,18
BNP Paribas Open,2017-03-19,Masters 1000,Hard,The Final,Wawrinka S.,Federer R.,Federer R.,3,10,10,3
Sony Ericsson Open,2017-03-22,Masters 1000,Hard,1st Round,Fognini F.,Harrison R.,Fognini F.,40,47,40,47
Sony Ericsson Open,2017-03-24,Masters 1000,Hard,2nd Round,Raonic M.,Troicki V.,Raonic M.,5,38,5,38
Sony Ericsson Open,2017-03-24,Masters 1000,Hard,2nd Round,Fognini F.,Sousa J.,Fognini F.,40,35,40,35
Sony Ericsson Open,2017-03-24,Masters 1000,Hard,2nd Round,Paire B.,Cuevas P.,Paire B.,39,26,39,26
Sony Ericsson Open,2017-03-25,Masters 1000,Hard,2nd Round,Ferrer D.,Schwartzman D.,Schwartzman D.,32,42,42,32
Sony Ericsson Open,2017-03-26,Masters 1000,Hard,2nd Round,Haase R.,Del Potro J.M.,Del Potro J.M.,48,34,34,48
Sony Ericsson Open,2017-03-26,Masters 1000,Hard,3rd Round,Nishikori K.,Verdasco F.,Nishikori K.,4,30,4,30
Sony Ericsson Open,2017-03-26,Masters 1000,Hard,3rd Round,Nadal R.,Kohlschreiber P.,Nadal R.,7,31,7,31
Sony Ericsson Open,2017-03-27,Masters 1000,Hard,3rd Round,Berdych T.,Muller G.,Berdych T.,14,29,14,29
Sony Ericsson Open,2017-03-27,Masters 1000,Hard,3rd Round,Querrey S.,Bautista Agut R.,Bautista Agut R.,27,18,18,27
Sony Ericsson Open,2017-03-27,Masters 1000,Hard,3rd Round,Del Potro J.M.,Federer R.,Federer R.,34,6,6,34
Sony Ericsson Open,2017-03-27,Masters 1000,Hard,3rd Round,Kyrgios N.,Karlovic I.,Kyrgios N.,16,21,16,21
Sony Ericsson Open,2017-03-27,Masters 1000,Hard,3rd Round,Isner J.,Zverev A.,Zverev A.,23,20,20,23
Sony Ericsson Open,2017-03-28,Masters 1000,Hard,3rd Round,Goffin D.,Schwartzman D.,Goffin D.,12,42,12,42
Sony Ericsson Open,2017-03-28,Masters 1000,Hard,4th Round,Bautista Agut R.,Federer R.,Federer R.,18,6,6,18
Sony Ericsson Open,2017-03-28,Masters 1000,Hard,4th Round,Zverev A.,Wawrinka S.,Zverev A.,20,3,20,3
Sony Ericsson Open,2017-03-29,Masters 1000,Hard,4th Round,Goffin D.,Kyrgios N.,Kyrgios N.,12,16,16,12
Sony Ericsson Open,2017-03-29,Masters 1000,Hard,Quarterfinals,Fognini F.,Nishikori K.,Fognini F.,40,4,40,4
Sony Ericsson Open,2017-03-30,Masters 1000,Hard,Quarterfinals,Sock J.,Nadal R.,Nadal R.,17,7,7,17
Sony Ericsson Open,2017-03-30,Masters 1000,Hard,Quarterfinals,Federer R.,Berdych T.,Federer R.,6,14,6,14
Sony Ericsson Open,2017-03-31,Masters 1000,Hard,Quarterfinals,Zverev A.,Kyrgios N.,Kyrgios N.,20,16,16,20
Sony Ericsson Open,2017-03-31,Masters 1000,Hard,Semifinals,Nadal R.,Fognini F.,Nadal R.,7,40,7,40
Sony Ericsson Open,2017-04-01,Masters 1000,Hard,Semifinals,Kyrgios N.,Federer R.,Federer R.,16,6,6,16
Sony Ericsson Open,2017-01-02,Masters 1000,Hard,The Final,Federer R.,Nadal R.,Federer R.,6,7,6,7
U.S. Men's Clay Court Championships,2017-04-14,ATP250,Clay,Quarterfinals,Johnson S.,Verdasco F.,Johnson S.,29,31,29,31
U.S. Men's Clay Court Championships,2017-04-15,ATP250,Clay,Quarterfinals,Lopez F.,Sock J.,Sock J.,40,16,16,40
U.S. Men's Clay Court Championships,2017-04-15,ATP250,Clay,Semifinals,Sock J.,Johnson S.,Johnson S.,16,29,29,16
Grand Prix Hassan II,2017-04-15,ATP250,Clay,Semifinals,Paire B.,Kohlschreiber P.,Kohlschreiber P.,39,32,32,39
Monte Carlo Masters,2017-04-16,Masters 1000,Clay,1st Round,Sousa J.,Mayer F.,Sousa J.,36,48,36,48
Monte Carlo Masters,2017-04-17,Masters 1000,Clay,1st Round,Tomic B.,Schwartzman D.,Schwartzman D.,43,41,41,43
Monte Carlo Masters,2017-04-17,Masters 1000,Clay,1st Round,Cuevas P.,Troicki V.,Cuevas P.,27,38,27,38
Monte Carlo Masters,2017-04-17,Masters 1000,Clay,1st Round,Edmund K.,Evans D.,Edmund K.,45,44,45,44
Monte Carlo Masters,2017-04-17,Masters 1000,Clay,1st Round,Fognini F.,Carreno Busta P.,Carreno Busta P.,29,19,19,29
Monte Carlo Masters,2017-04-18,Masters 1000,Clay,1st Round,Harrison R.,Pouille L.,Pouille L.,50,17,17,50
Monte Carlo Masters,2017-04-18,Masters 1000,Clay,2nd Round,Simon G.,Djokovic N.,Djokovic N.,32,2,2,32
Monte Carlo Masters,2017-04-18,Masters 1000,Clay,2nd Round,Sousa J.,Cuevas P.,Cuevas P.,36,27,27,36
Monte Carlo Masters,2017-04-19,Masters 1000,Clay,2nd Round,Haase R.,Thiem D.,Thiem D.,46,9,9,46
Monte Carlo Masters,2017-04-19,Masters 1000,Clay,2nd Round,Lopez F.,Zverev A.,Zverev A.,39,20,20,39
Monte Carlo Masters,2017-04-19,Masters 1000,Clay,2nd Round,Muller G.,Murray A.,Murray A.,28,1,1,28
Monte Carlo Masters,2017-04-19,Masters 1000,Clay,2nd Round,Lorenzi P.,Pouille L.,Pouille L.,37,17,17,37
Monte Carlo Masters,2017-04-19,Masters 1000,Clay,2nd Round,Nadal R.,Edmund K.,Nadal R.,7,45,7,45
Monte Carlo Masters,2017-04-19,Masters 1000,Clay,2nd Round,Bautista Agut R.,Schwartzman D.,Schwartzman D.,18,41,41,18
Monte Carlo Masters,2017-04-20,Masters 1000,Clay,3rd Round,Berdych T.,Cilic M.,Cilic M.,12,8,8,12
Monte Carlo Masters,2017-04-20,Masters 1000,Clay,3rd Round,Ramos-Vinolas A.,Murray A.,Ramos-Vinolas A.,24,1,24,1
Monte Carlo Masters,2017-04-20,Masters 1000,Clay,3rd Round,Wawrinka S.,Cuevas P.,Cuevas P.,3,27,27,3
Monte Carlo Masters,2017-04-20,Masters 1000,Clay,3rd Round,Goffin D.,Thiem D.,Goffin D.,13,9,13,9
Monte Carlo Masters,2017-04-20,Masters 1000,Clay,3rd Round,Zverev A.,Nadal R.,Nadal R.,20,7,7,20
Monte Carlo Masters,2017-04-20,Masters 1000,Clay,3rd Round,Carreno Busta P.,Djokovic N.,Djokovic N.,19,2,2,19
Monte Carlo Masters,2017-04-21,Masters 1000,Clay,Quarterfinals,Ramos-Vinolas A.,Cilic M.,Ramos-Vinolas A.,24,8,24,8
Monte Carlo Masters,2017-04-21,Masters 1000,Clay,Quarterfinals,Cuevas P.,Pouille L.,Pouille L.,27,17,17,27
Monte Carlo Masters,2017-04-21,Masters 1000,Clay,Quarterfinals,Goffin D.,Djokovic N.,Goffin D.,13,2,13,2
Monte Carlo Masters,2017-04-21,Masters 1000,Clay,Quarterfinals,Schwartzman D.,Nadal R.,Nadal R.,41,7,7,41
Monte Carlo Masters,2017-04-22,Masters 1000,Clay,Semifinals,Ramos-Vinolas A.,Pouille L.,Ramos-Vinolas A.,24,17,24,17
Monte Carlo Masters,2017-04-22,Masters 1000,Clay,Semifinals,Goffin D.,Nadal R.,Nadal R.,13,7,7,13
Monte Carlo Masters,2017-04-23,Masters 1000,Clay,The Final,Nadal R.,Ramos-Vinolas A.,Nadal R.,7,24,7,24
Open Banco Sabadell,2017-04-25,ATP500,Clay,2nd Round,Edmund K.,Thiem D.,Thiem D.,42,9,9,42
Open Banco Sabadell,2017-04-25,ATP500,Clay,2nd Round,Zverev M.,Evans D.,Evans D.,35,43,43,35
Open Banco Sabadell,2017-04-27,ATP500,Clay,3rd Round,Thiem D.,Evans D.,Thiem D.,9,43,9,43
Open Banco Sabadell,2017-04-27,ATP500,Clay,3rd Round,Lopez F.,Murray A.,Murray A.,40,1,1,40
Open Banco Sabadell,2017-04-27,ATP500,Clay,3rd Round,Bautista Agut R.,Ramos-Vinolas A.,Ramos-Vinolas A.,18,19,19,18
Open Banco Sabadell,2017-04-28,ATP500,Clay,Quarterfinals,Ramos-Vinolas A.,Murray A.,Murray A.,19,1,1,19
Open Banco Sabadell,2017-04-29,ATP500,Clay,Semifinals,Thiem D.,Murray A.,Thiem D.,9,1,9,1
Open Banco Sabadell,2017-04-30,ATP500,Clay,The Final,Nadal R.,Thiem D.,Nadal R.,5,9,5,9
Gazprom Hungarian Open,2017-04-25,ATP250,Clay,1st Round,Haase R.,Schwartzman D.,Haase R.,46,34,46,34
Gazprom Hungarian Open,2017-04-29,ATP250,Clay,Semifinals,Pouille L.,Lorenzi P.,Pouille L.,14,38,14,38
Millenium Estoril Open,2017-05-06,ATP250,Clay,Semifinals,Carreno Busta P.,Ferrer D.,Carreno Busta P.,21,31,21,31
Millenium Estoril Open,2017-05-07,ATP250,Clay,The Final,Carreno Busta P.,Muller G.,Carreno Busta P.,21,28,21,28
Istanbul Open,2017-05-04,ATP250,Clay,2nd Round,Troicki V.,Khachanov K.,Troicki V.,38,42,38,42
Istanbul Open,2017-05-05,ATP250,Clay,Quarterfinals,Cilic M.,Darcis S.,Cilic M.,8,49,8,49
Istanbul Open,2017-05-05,ATP250,Clay,Quarterfinals,Tomic B.,Raonic M.,Raonic M.,40,6,6,40
Istanbul Open,2017-05-06,ATP250,Clay,Semifinals,Cilic M.,Schwartzman D.,Cilic M.,8,46,8,46
Istanbul Open,2017-05-06,ATP250,Clay,Semifinals,Troicki V.,Raonic M.,Raonic M.,38,6,6,38
Istanbul Open,2017-05-07,ATP250,Clay,The Final,Cilic M.,Raonic M.,Cilic M.,8,6,8,6
BMW Open,2017-05-05,ATP250,Clay,Quarterfinals,Zverev A.,Struff J.L.,Zverev A.,20,48,20,48
BMW Open,2017-05-06,ATP250,Clay,Semifinals,Bautista Agut R.,Zverev A.,Zverev A.,18,20,20,18
Mutua Madrid Open,2017-05-07,Masters 1000,Clay,1st Round,Fognini F.,Sousa J.,Fognini F.,29,41,29,41
Mutua Madrid Open,2017-05-07,Masters 1000,Clay,1st Round,Khachanov K.,Goffin D.,Goffin D.,42,10,10,42
Mutua Madrid Open,2017-05-08,Masters 1000,Clay,1st Round,Dimitrov G.,Kohlschreiber P.,Dimitrov G.,12,37,12,37
Mutua Madrid Open,2017-05-08,Masters 1000,Clay,1st Round,Simon G.,Monfils G.,Simon G.,32,16,32,16
Mutua Madrid Open,2017-05-08,Masters 1000,Clay,1st Round,Sock J.,Mahut N.,Mahut N.,15,48,48,15
Mutua Madrid Open,2017-05-09,Masters 1000,Clay,1st Round,Tomic B.,Harrison R.,Harrison R.,39,47,47,39
Mutua Madrid Open,2017-05-09,Masters 1000,Clay,1st Round,Karlovic I.,Bautista Agut R.,Karlovic I.,22,21,22,21
Mutua Madrid Open,2017-05-09,Masters 1000,Clay,1st Round,Schwartzman D.,Ramos-Vinolas A.,Schwartzman D.,40,17,40,17
Mutua Madrid Open,2017-05-09,Masters 1000,Clay,1st Round,Verdasco F.,Zverev A.,Zverev A.,35,19,19,35
Mutua Madrid Open,2017-05-10,Masters 1000,Clay,2nd Round,Harrison R.,Kyrgios N.,Kyrgios N.,47,20,20,47
Mutua Madrid Open,2017-05-10,Masters 1000,Clay,2nd Round,Nishikori K.,Schwartzman D.,Nishikori K.,8,40,8,40
Mutua Madrid Open,2017-05-10,Masters 1000,Clay,2nd Round,Muller G.,Raonic M.,Raonic M.,26,6,6,26
Mutua Madrid Open,2017-05-10,Masters 1000,Clay,2nd Round,Haase R.,Berdych T.,Berdych T.,45,14,14,45
Mutua Madrid Open,2017-05-10,Masters 1000,Clay,2nd Round,Cuevas P.,Mahut N.,Cuevas P.,27,48,27,48
Mutua Madrid Open,2017-05-10,Masters 1000,Clay,2nd Round,Simon G.,Lopez F.,Lopez F.,32,38,38,32
Mutua Madrid Open,2017-05-10,Masters 1000,Clay,2nd Round,Nadal R.,Fognini F.,Nadal R.,5,29,5,29
Mutua Madrid Open,2017-05-10,Masters 1000,Clay,2nd Round,Dimitrov G.,Karlovic I.,Dimitrov G.,12,22,12,22
Mutua Madrid Open,2017-05-10,Masters 1000,Clay,2nd Round,Cilic M.,Zverev A.,Zverev A.,7,19,19,7
Mutua Madrid Open,2017-05-11,Masters 1000,Clay,3rd Round,Ferrer D.,Nishikori K.,Nishikori K.,30,8,8,30
Mutua Madrid Open,2017-05-11,Masters 1000,Clay,3rd Round,Djokovic N.,Lopez F.,Djokovic N.,2,38,2,38
Mutua Madrid Open,2017-05-11,Masters 1000,Clay,3rd Round,Raonic M.,Goffin D.,Goffin D.,6,10,10,6
Mutua Madrid Open,2017-05-11,Masters 1000,Clay,3rd Round,Zverev A.,Berdych T.,Zverev A.,19,14,19,14
Mutua Madrid Open,2017-05-11,Masters 1000,Clay,3rd Round,Thiem D.,Dimitrov G.,Thiem D.,9,12,9,12
Mutua Madrid Open,2017-05-11,Masters 1000,Clay,3rd Round,Nadal R.,Kyrgios N.,Nadal R.,5,20,5,20
Mutua Madrid Open,2017-05-12,Masters 1000,Clay,Quarterfinals,Zverev A.,Cuevas P.,Cuevas P.,19,27,27,19
Mutua Madrid Open,2017-05-12,Masters 1000,Clay,Quarterfinals,Nadal R.,Goffin D.,Nadal R.,5,10,5,10
Mutua Madrid Open,2017-05-13,Masters 1000,Clay,Semifinals,Nadal R.,Djokovic N.,Nadal R.,5,2,5,2
Mutua Madrid Open,2017-05-13,Masters 1000,Clay,Semifinals,Cuevas P.,Thiem D.,Thiem D.,27,9,9,27
Mutua Madrid Open,2017-05-14,Masters 1000,Clay,The Final,Nadal R.,Thiem D.,Nadal R.,5,9,5,9
Internazionali BNL d'Italia,2017-05-14,Masters 1000,Clay,1st Round,Young D.,Verdasco F.,Verdasco F.,45,37,37,45
Internazionali BNL d'Italia,2017-05-14,Masters 1000,Clay,1st Round,Ramos-Vinolas A.,Isner J.,Isner J.,19,24,24,19
Internazionali BNL d'Italia,2017-05-15,Masters 1000,Clay,1st Round,Pouille L.,Querrey S.,Querrey S.,16,28,28,16
Internazionali BNL d'Italia,2017-05-15,Masters 1000,Clay,1st Round,Zverev M.,Berdych T.,Berdych T.,32,13,13,32
Internazionali BNL d'Italia,2017-05-15,Masters 1000,Clay,1st Round,Del Potro J.M.,Dimitrov G.,Del Potro J.M.,34,11,34,11
Internazionali BNL d'Italia,2017-05-16,Masters 1000,Clay,1st Round,Cuevas P.,Mannarino A.,Cuevas P.,23,47,23,47
Internazionali BNL d'Italia,2017-05-16,Masters 1000,Clay,1st Round,Schwartzman D.,Sock J.,Sock J.,39,14,14,39
Internazionali BNL d'Italia,2017-05-16,Masters 1000,Clay,1st Round,Mahut N.,Paire B.,Paire B.,48,44,44,48
Internazionali BNL d'Italia,2017-05-16,Masters 1000,Clay,1st Round,Ferrer D.,Lopez F.,Ferrer D.,30,35,30,35
Internazionali BNL d'Italia,2017-05-16,Masters 1000,Clay,1st Round,Simon G.,Carreno Busta P.,Carreno Busta P.,31,21,21,31
Internazionali BNL d'Italia,2017-05-16,Masters 1000,Clay,2nd Round,Goffin D.,Verdasco F.,Goffin D.,10,37,10,37
Internazionali BNL d'Italia,2017-05-16,Masters 1000,Clay,2nd Round,Mayer F.,Isner J.,Isner J.,46,24,24,46
Internazionali BNL d'Italia,2017-05-16,Masters 1000,Clay,2nd Round,Cilic M.,Harrison R.,Cilic M.,8,42,8,42
Internazionali BNL d'Italia,2017-05-16,Masters 1000,Clay,2nd Round,Murray A.,Fognini F.,Fognini F.,1,29,29,1
Internazionali BNL d'Italia,2017-05-17,Masters 1000,Clay,2nd Round,Nishikori K.,Ferrer D.,Nishikori K.,9,30,9,30
Internazionali BNL d'Italia,2017-05-17,Masters 1000,Clay,2nd Round,Zverev A.,Troicki V.,Zverev A.,17,36,17,36
Internazionali BNL d'Italia,2017-05-17,Masters 1000,Clay,2nd Round,Carreno Busta P.,Bautista Agut R.,Bautista Agut R.,21,20,20,21
Internazionali BNL d'Italia,2017-05-17,Masters 1000,Clay,2nd Round,Thiem D.,Cuevas P.,Thiem D.,7,23,7,23
Internazionali BNL d'Italia,2017-05-17,Masters 1000,Clay,2nd Round,Paire B.,Wawrinka S.,Wawrinka S.,44,3,3,44
Internazionali BNL d'Italia,2017-05-18,Masters 1000,Clay,3rd Round,Fognini F.,Zverev A.,Zverev A.,29,17,17,29
Internazionali BNL d'Italia,2017-05-18,Masters 1000,Clay,3rd Round,Cilic M.,Goffin D.,Cilic M.,8,10,8,10
Internazionali BNL d'Italia,2017-05-18,Masters 1000,Clay,3rd Round,Berdych T.,Raonic M.,Raonic M.,13,6,6,13
Internazionali BNL d'Italia,2017-05-18,Masters 1000,Clay,3rd Round,Isner J.,Wawrinka S.,Isner J.,24,3,24,3
Internazionali BNL d'Italia,2017-05-18,Masters 1000,Clay,3rd Round,Bautista Agut R.,Djokovic N.,Djokovic N.,20,2,2,20
Internazionali BNL d'Italia,2017-05-18,Masters 1000,Clay,3rd Round,Del Potro J.M.,Nishikori K.,Del Potro J.M.,34,9,34,9
Internazionali BNL d'Italia,2017-05-18,Masters 1000,Clay,3rd Round,Querrey S.,Thiem D.,Thiem D.,28,7,7,28
Internazionali BNL d'Italia,2017-05-18,Masters 1000,Clay,3rd Round,Nadal R.,Sock J.,Nadal R.,4,14,4,14
Internazionali BNL d'Italia,2017-05-19,Masters 1000,Clay,Quarterfinals,Cilic M.,Isner J.,Isner J.,8,24,24,8
Internazionali BNL d'Italia,2017-05-19,Masters 1000,Clay,Quarterfinals,Zverev A.,Raonic M.,Zverev A.,17,6,17,6
Internazionali BNL d'Italia,2017-05-19,Masters 1000,Clay,Quarterfinals,Nadal R.,Thiem D.,Thiem D.,4,7,7,4
Internazionali BNL d'Italia,2017-05-20,Masters 1000,Clay,Quarterfinals,Djokovic N.,Del Potro J.M.,Djokovic N.,2,34,2,34
Internazionali BNL d'Italia,2017-05-20,Masters 1000,Clay,Semifinals,Isner J.,Zverev A.,Zverev A.,24,17,17,24
Internazionali BNL d'Italia,2017-05-20,Masters 1000,Clay,Semifinals,Djokovic N.,Thiem D.,Djokovic N.,2,7,2,7
Internazionali BNL d'Italia,2017-05-21,Masters 1000,Clay,The Final,Djokovic N.,Zverev A.,Zverev A.,2,17,17,2
Geneva Open,2017-05-22,ATP250,Clay,1st Round,Haase R.,Zverev M.,Zverev M.,46,33,33,46
Geneva Open,2017-05-24,ATP250,Clay,2nd Round,Isner J.,Zverev M.,Zverev M.,22,33,33,22
Geneva Open,2017-05-25,ATP250,Clay,Quarterfinals,Zverev M.,Johnson S.,Zverev M.,33,26,33,26
Geneva Open,2017-05-25,ATP250,Clay,Quarterfinals,Wawrinka S.,Querrey S.,Wawrinka S.,3,28,3,28
Geneva Open,2017-05-26,ATP250,Clay,Semifinals,Zverev M.,Nishikori K.,Zverev M.,33,9,33,9
Geneva Open,2017-05-27,ATP250,Clay,The Final,Wawrinka S.,Zverev M.,Wawrinka S.,3,33,3,33
Lyon Open,2017-05-24,ATP250,Clay,2nd Round,Simon G.,Edmund K.,Simon G.,32,50,32,50
Lyon Open,2017-05-25,ATP250,Clay,Quarterfinals,Simon G.,Berdych T.,Berdych T.,32,14,14,32
Lyon Open,2017-05-26,ATP250,Clay,Semifinals,Raonic M.,Berdych T.,Berdych T.,6,14,14,6
Lyon Open,2017-05-27,ATP250,Clay,The Final,Tsonga J.W.,Berdych T.,Tsonga J.W.,13,14,13,14
French Open,2017-05-28,Grand Slam,Clay,1st Round,Mayer F.,Carreno Busta P.,Carreno Busta P.,44,21,21,44
French Open,2017-05-28,Grand Slam,Clay,1st Round,Thiem D.,Tomic B.,Thiem D.,7,39,7,39
French Open,2017-05-29,Grand Slam,Clay,1st Round,Darcis S.,Raonic M.,Raonic M.,38,6,6,38
French Open,2017-05-29,Grand Slam,Clay,1st Round,Paire B.,Nadal R.,Nadal R.,45,4,4,45
French Open,2017-05-30,Grand Slam,Clay,1st Round,Kyrgios N.,Kohlschreiber P.,Kyrgios N.,19,43,19,43
French Open,2017-05-30,Grand Slam,Clay,1st Round,Verdasco F.,Zverev A.,Verdasco F.,37,10,37,10
French Open,2017-05-30,Grand Slam,Clay,1st Round,Struff J.L.,Berdych T.,Berdych T.,47,14,14,47
French Open,2017-05-31,Grand Slam,Clay,2nd Round,Johnson S.,Coric B.,Johnson S.,26,40,26,40
French Open,2017-05-31,Grand Slam,Clay,2nd Round,Nadal R.,Haase R.,Nadal R.,4,46,4,46
French Open,2017-06-01,Grand Slam,Clay,2nd Round,Lopez F.,Ferrer D.,Lopez F.,36,33,36,33
French Open,2017-06-01,Grand Slam,Clay,2nd Round,Lorenzi P.,Isner J.,Isner J.,34,22,22,34
French Open,2017-06-01,Grand Slam,Clay,2nd Round,Murray A.,Klizan M.,Murray A.,1,50,1,50
French Open,2017-06-02,Grand Slam,Clay,3rd Round,Carreno Busta P.,Dimitrov G.,Carreno Busta P.,21,13,21,13
French Open,2017-06-02,Grand Slam,Clay,3rd Round,Johnson S.,Thiem D.,Thiem D.,26,7,7,26
French Open,2017-06-02,Grand Slam,Clay,3rd Round,Djokovic N.,Schwartzman D.,Djokovic N.,2,41,2,41
French Open,2017-06-02,Grand Slam,Clay,3rd Round,Pouille L.,Ramos-Vinolas A.,Ramos-Vinolas A.,17,20,20,17
French Open,2017-06-03,Grand Slam,Clay,3rd Round,Cilic M.,Lopez F.,Cilic M.,8,36,8,36
French Open,2017-06-03,Grand Slam,Clay,3rd Round,Murray A.,Del Potro J. M.,Murray A.,1,30,1,30
French Open,2017-06-03,Grand Slam,Clay,3rd Round,Cuevas P.,Verdasco F.,Verdasco F.,23,37,37,23
French Open,2017-06-03,Grand Slam,Clay,3rd Round,Wawrinka S.,Fognini F.,Wawrinka S.,3,29,3,29
French Open,2017-06-04,Grand Slam,Clay,4th Round,Raonic M.,Carreno Busta P.,Carreno Busta P.,6,21,21,6
French Open,2017-06-04,Grand Slam,Clay,4th Round,Nadal R.,Bautista Agut R.,Nadal R.,4,18,4,18
French Open,2017-06-04,Grand Slam,Clay,4th Round,Djokovic N.,Ramos-Vinolas A.,Djokovic N.,2,20,2,20
French Open,2017-06-05,Grand Slam,Clay,4th Round,Nishikori K.,Verdasco F.,Nishikori K.,9,37,9,37
French Open,2017-06-05,Grand Slam,Clay,4th Round,Monfils G.,Wawrinka S.,Wawrinka S.,16,3,3,16
French Open,2017-06-07,Grand Slam,Clay,Quarterfinals,Thiem D.,Djokovic N.,Thiem D.,7,2,7,2
French Open,2017-06-07,Grand Slam,Clay,Quarterfinals,Nishikori K.,Murray A.,Murray A.,9,1,1,9
French Open,2017-06-07,Grand Slam,Clay,Quarterfinals,Wawrinka S.,Cilic M.,Wawrinka S.,3,8,3,8
French Open,2017-06-09,Grand Slam,Clay,Semifinals,Murray A.,Wawrinka S.,Wawrinka S.,1,3,3,1
French Open,2017-06-09,Grand Slam,Clay,Semifinals,Nadal R.,Thiem D.,Nadal R.,4,7,4,7
French Open,2017-06-11,Grand Slam,Clay,The Final,Wawrinka S.,Nadal R.,Nadal R.,3,4,4,3
Ricoh Open,2017-06-17,ATP250,Grass,Semifinals,Zverev A.,Muller G.,Muller G.,10,28,28,10
Ricoh Open,2017-06-17,ATP250,Grass,Semifinals,Karlovic I.,Cilic M.,Karlovic I.,24,7,24,7
Ricoh Open,2017-06-18,ATP250,Grass,The Final,Karlovic I.,Muller G.,Muller G.,24,28,28,24
Mercedes Cup,2017-06-13,ATP250,Grass,1st Round,Troicki V.,Paire B.,Paire B.,40,49,49,40
Mercedes Cup,2017-06-13,ATP250,Grass,1st Round,Simon G.,Lopez F.,Lopez F.,34,33,33,34
Mercedes Cup,2017-06-15,ATP250,Grass,2nd Round,Berdych T.,Tomic B.,Berdych T.,14,48,14,48
Mercedes Cup,2017-06-16,ATP250,Grass,Quarterfinals,Berdych T.,Lopez F.,Lopez F.,14,33,33,14
Mercedes Cup,2017-06-17,ATP250,Grass,Semifinals,Zverev M.,Lopez F.,Lopez F.,31,33,33,31
Mercedes Cup,2017-06-17,ATP250,Grass,Semifinals,Pouille L.,Paire B.,Pouille L.,16,49,16,49
Mercedes Cup,2017-06-18,ATP250,Grass,The Final,Lopez F.,Pouille L.,Pouille L.,33,16,16,33
Gerry Weber Open,2017-06-19,ATP500,Grass,1st Round,Monfils G.,Gasquet R.,Gasquet R.,16,30,30,16
Gerry Weber Open,2017-06-20,ATP500,Grass,1st Round,Verdasco F.,Nishikori K.,Nishikori K.,34,9,9,34
Gerry Weber Open,2017-06-20,ATP500,Grass,1st Round,Haase R.,Ferrer D.,Haase R.,42,37,42,37
Gerry Weber Open,2017-06-20,ATP500,Grass,1st Round,Simon G.,Khachanov K.,Khachanov K.,35,38,38,35
Gerry Weber Open,2017-06-20,ATP500,Grass,1st Round,Zverev A.,Lorenzi P.,Zverev A.,12,33,12,33
Gerry Weber Open,2017-06-20,ATP500,Grass,1st Round,Struff J.L.,Pouille L.,Pouille L.,49,15,15,49
Gerry Weber Open,2017-06-21,ATP500,Grass,2nd Round,Thiem D.,Haase R.,Haase R.,8,42,42,8
Gerry Weber Open,2017-06-22,ATP500,Grass,2nd Round,Federer R.,Zverev M.,Federer R.,5,29,5,29
Gerry Weber Open,2017-06-23,ATP500,Grass,Quarterfinals,Gasquet R.,Haase R.,Gasquet R.,30,42,30,42
Gerry Weber Open,2017-06-23,ATP500,Grass,Quarterfinals,Zverev A.,Bautista Agut R.,Zverev A.,12,19,12,19
Gerry Weber Open,2017-06-24,ATP500,Grass,Semifinals,Khachanov K.,Federer R.,Federer R.,38,5,5,38
Gerry Weber Open,2017-06-24,ATP500,Grass,Semifinals,Zverev A.,Gasquet R.,Zverev A.,12,30,12,30
Gerry Weber Open,2017-06-25,ATP500,Grass,The Final,Zverev A.,Federer R.,Federer R.,12,5,5,12
AEGON Championships,2017-06-19,ATP500,Grass,1st Round,Harrison R.,Dimitrov G.,Dimitrov G.,41,11,11,41
AEGON Championships,2017-06-20,ATP500,Grass,1st Round,Wawrinka S.,Lopez F.,Lopez F.,3,32,32,3
AEGON Championships,2017-06-20,ATP500,Grass,1st Round,Isner J.,Cilic M.,Cilic M.,21,7,7,21
AEGON Championships,2017-06-21,ATP500,Grass,2nd Round,Muller G.,Tsonga J.W.,Muller G.,26,10,26,10
AEGON Championships,2017-06-23,ATP500,Grass,Quarterfinals,Querrey S.,Muller G.,Muller G.,28,26,26,28
AEGON Championships,2017-06-23,ATP500,Grass,Quarterfinals,Lopez F.,Berdych T.,Lopez F.,32,14,32,14
AEGON Championships,2017-06-24,ATP500,Grass,Semifinals,Muller G.,Cilic M.,Cilic M.,26,7,7,26
AEGON Championships,2017-06-24,ATP500,Grass,Semifinals,Lopez F.,Dimitrov G.,Lopez F.,32,11,32,11
AEGON Championships,2017-06-25,ATP500,Grass,The Final,Cilic M.,Lopez F.,Lopez F.,7,32,32,7
AEGON International,2017-06-26,ATP250,Grass,1st Round,Young D.,Edmund K.,Young D.,47,48,47,48
AEGON International,2017-06-28,ATP250,Grass,1st Round,Zverev M.,Harrison R.,Zverev M.,30,41,30,41
AEGON International,2017-06-29,ATP250,Grass,2nd Round,Gasquet R.,Anderson K.,Gasquet R.,27,45,27,45
AEGON International,2017-06-29,ATP250,Grass,Quarterfinals,Young D.,Djokovic N.,Djokovic N.,47,4,4,47
AEGON International,2017-06-29,ATP250,Grass,Quarterfinals,Gasquet R.,Isner J.,Gasquet R.,27,21,27,21
AEGON International,2017-06-30,ATP250,Grass,Semifinals,Monfils G.,Gasquet R.,Monfils G.,16,27,16,27
AEGON International,2017-07-01,ATP250,Grass,The Final,Monfils G.,Djokovic N.,Djokovic N.,16,4,4,16
Wimbledon,2017-07-03,Grand Slam,Grass,1st Round,Verdasco F.,Anderson K.,Anderson K.,35,42,42,35
Wimbledon,2017-07-03,Grand Slam,Grass,1st Round,Wawrinka S.,Medvedev D.,Medvedev D.,3,49,49,3
Wimbledon,2017-07-04,Grand Slam,Grass,1st Round,Gasquet R.,Ferrer D.,Ferrer D.,27,39,39,27
Wimbledon,2017-07-04,Grand Slam,Grass,1st Round,Harrison R.,Coric B.,Harrison R.,41,45,41,45
Wimbledon,2017-07-04,Grand Slam,Grass,1st Round,Schwartzman D.,Dimitrov G.,Dimitrov G.,37,11,11,37
Wimbledon,2017-07-05,Grand Slam,Grass,2nd Round,Vesely J.,Fognini F.,Fognini F.,48,29,29,48
Wimbledon,2017-07-05,Grand Slam,Grass,2nd Round,Nadal R.,Young D.,Nadal R.,2,43,2,43
Wimbledon,2017-07-06,Grand Slam,Grass,2nd Round,Edmund K.,Monfils G.,Monfils G.,50,14,14,50
Wimbledon,2017-07-06,Grand Slam,Grass,2nd Round,Thiem D.,Simon G.,Thiem D.,8,36,8,36
Wimbledon,2017-07-06,Grand Slam,Grass,2nd Round,Harrison R.,Berdych T.,Berdych T.,41,15,15,41
Wimbledon,2017-07-07,Grand Slam,Grass,3rd Round,Bautista Agut R.,Nishikori K.,Bautista Agut R.,19,9,19,9
Wimbledon,2017-07-07,Grand Slam,Grass,3rd Round,Cilic M.,Johnson S.,Cilic M.,6,31,6,31
Wimbledon,2017-07-07,Grand Slam,Grass,3rd Round,Nadal R.,Khachanov K.,Nadal R.,2,34,2,34
Wimbledon,2017-07-07,Grand Slam,Grass,3rd Round,Fognini F.,Murray A.,Murray A.,29,1,1,29
Wimbledon,2017-07-08,Grand Slam,Grass,3rd Round,Raonic M.,Ramos-Vinolas A.,Raonic M.,7,22,7,22
Wimbledon,2017-07-08,Grand Slam,Grass,3rd Round,Tsonga J.W.,Querrey S.,Querrey S.,10,28,28,10
Wimbledon,2017-07-08,Grand Slam,Grass,3rd Round,Berdych T.,Ferrer D.,Berdych T.,15,39,15,39
Wimbledon,2017-07-08,Grand Slam,Grass,3rd Round,Federer R.,Zverev M.,Federer R.,5,30,5,30
Wimbledon,2017-07-10,Grand Slam,Grass,4th Round,Bautista Agut R.,Cilic M.,Cilic M.,19,6,6,19
Wimbledon,2017-07-10,Grand Slam,Grass,4th Round,Querrey S.,Anderson K.,Querrey S.,28,42,28,42
Wimbledon,2017-07-10,Grand Slam,Grass,4th Round,Paire B.,Murray A.,Murray A.,46,1,1,46
Wimbledon,2017-07-10,Grand Slam,Grass,4th Round,Berdych T.,Thiem D.,Berdych T.,15,8,15,8
Wimbledon,2017-07-10,Grand Slam,Grass,4th Round,Nadal R.,Muller G.,Muller G.,2,26,26,2
Wimbledon,2017-07-10,Grand Slam,Grass,4th Round,Raonic M.,Zverev A.,Raonic M.,7,12,7,12
Wimbledon,2017-07-10,Grand Slam,Grass,4th Round,Dimitrov G.,Federer R.,Federer R.,11,5,5,11
Wimbledon,2017-07-12,Grand Slam,Grass,Quarterfinals,Muller G.,Cilic M.,Cilic M.,26,6,6,26
Wimbledon,2017-07-12,Grand Slam,Grass,Quarterfinals,Querrey S.,Murray A.,Querrey S.,28,1,28,1
Wimbledon,2017-07-12,Grand Slam,Grass,Quarterfinals,Raonic M.,Federer R.,Federer R.,7,5,5,7
Wimbledon,2017-07-14,Grand Slam,Grass,Semifinals,Cilic M.,Querrey S.,Cilic M.,6,28,6,28
Wimbledon,2017-07-14,Grand Slam,Grass,Semifinals,Berdych T.,Federer R.,Federer R.,15,5,5,15
Wimbledon,2017-07-16,Grand Slam,Grass,The Final,Federer R.,Cilic M.,Federer R.,5,6,5,6
SkiStar Swedish Open,2017-07-21,ATP250,Clay,Quarterfinals,Ramos-Vinolas A.,Verdasco F.,Verdasco F.,24,39,39,24
SkiStar Swedish Open,2017-07-22,ATP250,Clay,Semifinals,Ferrer D.,Verdasco F.,Ferrer D.,46,39,46,39
Croatia Open,2017-07-19,ATP250,Clay,2nd Round,Lorenzi P.,Bedene A.,Lorenzi P.,34,48,34,48
BB&T Atlanta Open,2017-07-29,ATP250,Hard,Quarterfinals,Sock J.,Edmund K.,Edmund K.,19,45,45,19
BB&T Atlanta Open,2017-07-29,ATP250,Hard,Semifinals,Isner J.,Muller G.,Isner J.,20,22,20,22
BB&T Atlanta Open,2017-07-30,ATP250,Hard,Semifinals,Edmund K.,Harrison R.,Harrison R.,45,42,42,45
BB&T Atlanta Open,2017-07-30,ATP250,Hard,The Final,Isner J.,Harrison R.,Isner J.,20,42,20,42
Suisse Open Gstaad,2017-07-28,ATP250,Clay,Quarterfinals,Goffin D.,Haase R.,Haase R.,13,50,50,13
Suisse Open Gstaad,2017-07-29,ATP250,Clay,Semifinals,Fognini F.,Bautista Agut R.,Fognini F.,31,18,31,18
German Tennis Championships,2017-07-27,ATP500,Clay,2nd Round,Bedene A.,Khachanov K.,Khachanov K.,46,32,32,46
Generali Open,2017-08-02,ATP250,Clay,2nd Round,Kohlschreiber P.,Vesely J.,Kohlschreiber P.,47,48,47,48
Generali Open,2017-08-04,ATP250,Clay,Semifinals,Fognini F.,Kohlschreiber P.,Kohlschreiber P.,25,47,47,25
Abierto Mexicano Mifel,2017-08-04,ATP250,Hard,Quarterfinals,Berdych T.,Mannarino A.,Berdych T.,14,42,14,42
Citi Open,2017-08-03,ATP500,Hard,2nd Round,Dimitrov G.,Edmund K.,Dimitrov G.,11,41,11,41
Citi Open,2017-08-03,ATP500,Hard,2nd Round,Medvedev D.,Johnson S.,Medvedev D.,50,34,50,34
Citi Open,2017-08-03,ATP500,Hard,3rd Round,Thiem D.,Anderson K.,Anderson K.,7,45,45,7
Citi Open,2017-08-04,ATP500,Hard,3rd Round,Dimitrov G.,Medvedev D.,Medvedev D.,11,50,50,11
Citi Open,2017-08-04,ATP500,Hard,3rd Round,Del Potro J.M.,Nishikori K.,Nishikori K.,32,9,9,32
Citi Open,2017-08-04,ATP500,Hard,Quarterfinals,Raonic M.,Sock J.,Sock J.,10,19,19,10
Citi Open,2017-08-05,ATP500,Hard,Quarterfinals,Medvedev D.,Zverev A.,Zverev A.,50,8,8,50
Citi Open,2017-08-05,ATP500,Hard,Semifinals,Sock J.,Anderson K.,Anderson K.,19,45,45,19
Citi Open,2017-08-06,ATP500,Hard,Semifinals,Zverev A.,Nishikori K.,Zverev A.,8,9,8,9
Citi Open,2017-08-06,ATP500,Hard,The Final,Anderson K.,Zverev A.,Zverev A.,45,8,8,45
Rogers Masters,2017-08-07,Masters 1000,Hard,1st Round,Kyrgios N.,Troicki V.,Kyrgios N.,24,45,24,45
Rogers Masters,2017-08-07,Masters 1000,Hard,1st Round,Johnson S.,Monfils G.,Monfils G.,35,22,22,35
Rogers Masters,2017-08-07,Masters 1000,Hard,1st Round,Ferrer D.,Edmund K.,Ferrer D.,33,43,33,43
Rogers Masters,2017-08-07,Masters 1000,Hard,1st Round,Del Potro J.M.,Isner J.,Del Potro J.M.,31,19,31,19
Rogers Masters,2017-08-08,Masters 1000,Hard,1st Round,Medvedev D.,Mannarino A.,Mannarino A.,48,42,42,48
Rogers Masters,2017-08-08,Masters 1000,Hard,1st Round,Carreno Busta P.,Khachanov K.,Carreno Busta P.,15,30,15,30
Rogers Masters,2017-08-08,Masters 1000,Hard,1st Round,Sugita Y.,Goffin D.,Goffin D.,46,13,13,46
Rogers Masters,2017-08-09,Masters 1000,Hard,2nd Round,Thiem D.,Schwartzman D.,Schwartzman D.,7,36,36,7
Rogers Masters,2017-08-09,Masters 1000,Hard,2nd Round,Harrison R.,Bautista Agut R.,Bautista Agut R.,44,16,16,44
Rogers Masters,2017-08-09,Masters 1000,Hard,2nd Round,Monfils G.,Nishikori K.,Monfils G.,22,9,22,9
Rogers Masters,2017-08-09,Masters 1000,Hard,2nd Round,Sock J.,Ferrer D.,Ferrer D.,17,33,33,17
Rogers Masters,2017-08-09,Masters 1000,Hard,2nd Round,Dimitrov G.,Zverev M.,Dimitrov G.,11,26,11,26
Rogers Masters,2017-08-09,Masters 1000,Hard,2nd Round,Carreno Busta P.,Anderson K.,Anderson K.,15,32,32,15
Rogers Masters,2017-08-09,Masters 1000,Hard,2nd Round,Kyrgios N.,Lorenzi P.,Kyrgios N.,24,38,24,38
Rogers Masters,2017-08-09,Masters 1000,Hard,2nd Round,Gasquet R.,Zverev A.,Zverev A.,29,8,8,29
Rogers Masters,2017-08-10,Masters 1000,Hard,2nd Round,Mannarino A.,Raonic M.,Mannarino A.,42,10,42,10
Rogers Masters,2017-08-10,Masters 1000,Hard,2nd Round,Tsonga J.W.,Querrey S.,Querrey S.,12,20,20,12
Rogers Masters,2017-08-10,Masters 1000,Hard,3rd Round,Bautista Agut R.,Monfils G.,Bautista Agut R.,16,22,16,22
Rogers Masters,2017-08-10,Masters 1000,Hard,3rd Round,Ferrer D.,Federer R.,Federer R.,33,3,3,33
Rogers Masters,2017-08-10,Masters 1000,Hard,3rd Round,Anderson K.,Querrey S.,Anderson K.,32,20,32,20
Rogers Masters,2017-08-10,Masters 1000,Hard,3rd Round,Kyrgios N.,Zverev A.,Zverev A.,24,8,8,24
Rogers Masters,2017-08-11,Masters 1000,Hard,Quarterfinals,Bautista Agut R.,Federer R.,Federer R.,16,3,3,16
Rogers Masters,2017-08-12,Masters 1000,Hard,Quarterfinals,Anderson K.,Zverev A.,Zverev A.,32,8,8,32
Rogers Masters,2017-08-13,Masters 1000,Hard,The Final,Zverev A.,Federer R.,Zverev A.,8,3,8,3
Western & Southern Financial Group Masters,2017-08-13,Masters 1000,Hard,1st Round,Harrison R.,Muller G.,Muller G.,43,22,22,43
Western & Southern Financial Group Masters,2017-08-14,Masters 1000,Hard,1st Round,Isner J.,Troicki V.,Isner J.,19,47,19,47
Western & Southern Financial Group Masters,2017-08-14,Masters 1000,Hard,1st Round,Chung H.,Lopez F.,Lopez F.,49,34,34,49
Western & Southern Financial Group Masters,2017-08-15,Masters 1000,Hard,1st Round,Zverev M.,Verdasco F.,Zverev M.,26,40,26,40
Western & Southern Financial Group Masters,2017-08-15,Masters 1000,Hard,1st Round,Berdych T.,Del Potro J.M.,Del Potro J.M.,15,30,30,15
Western & Southern Financial Group Masters,2017-08-15,Masters 1000,Hard,1st Round,Kyrgios N.,Goffin D.,Kyrgios N.,23,13,23,13
Western & Southern Financial Group Masters,2017-08-15,Masters 1000,Hard,1st Round,Schwartzman D.,Khachanov K.,Khachanov K.,33,32,32,33
Western & Southern Financial Group Masters,2017-08-15,Masters 1000,Hard,1st Round,Johnson S.,Ferrer D.,Ferrer D.,37,31,31,37
Western & Southern Financial Group Masters,2017-08-15,Masters 1000,Hard,1st Round,Mannarino A.,Haase R.,Mannarino A.,36,35,36,35
Western & Southern Financial Group Masters,2017-08-15,Masters 1000,Hard,1st Round,Sock J.,Sugita Y.,Sugita Y.,16,46,46,16
Western & Southern Financial Group Masters,2017-08-15,Masters 1000,Hard,1st Round,Carreno Busta P.,Lorenzi P.,Carreno Busta P.,17,38,17,38
Western & Southern Financial Group Masters,2017-08-16,Masters 1000,Hard,2nd Round,Karlovic I.,Tsonga J.W.,Karlovic I.,44,12,44,12
Western & Southern Financial Group Masters,2017-08-16,Masters 1000,Hard,2nd Round,Fognini F.,Thiem D.,Thiem D.,25,8,8,25
Western & Southern Financial Group Masters,2017-08-16,Masters 1000,Hard,2nd Round,Lopez F.,Dimitrov G.,Dimitrov G.,34,11,11,34
Western & Southern Financial Group Masters,2017-08-16,Masters 1000,Hard,2nd Round,Carreno Busta P.,Zverev M.,Carreno Busta P.,17,26,17,26
Western & Southern Financial Group Masters,2017-08-16,Masters 1000,Hard,2nd Round,Ramos-Vinolas A.,Muller G.,Ramos-Vinolas A.,24,22,24,22
Western & Southern Financial Group Masters,2017-08-17,Masters 1000,Hard,2nd Round,Querrey S.,Mannarino A.,Mannarino A.,20,36,36,20
Western & Southern Financial Group Masters,2017-08-17,Masters 1000,Hard,2nd Round,Nadal R.,Gasquet R.,Nadal R.,2,29,2,29
Western & Southern Financial Group Masters,2017-08-17,Masters 1000,Hard,3rd Round,Del Potro J.M.,Dimitrov G.,Dimitrov G.,30,11,11,30
Western & Southern Financial Group Masters,2017-08-17,Masters 1000,Hard,3rd Round,Sugita Y.,Khachanov K.,Sugita Y.,46,32,46,32
Western & Southern Financial Group Masters,2017-08-17,Masters 1000,Hard,3rd Round,Ferrer D.,Carreno Busta P.,Ferrer D.,31,17,31,17
Western & Southern Financial Group Masters,2017-08-17,Masters 1000,Hard,3rd Round,Mannarino A.,Thiem D.,Thiem D.,36,8,8,36
Western & Southern Financial Group Masters,2017-08-18,Masters 1000,Hard,3rd Round,Karlovic I.,Kyrgios N.,Kyrgios N.,44,23,23,44
Western & Southern Financial Group Masters,2017-08-18,Masters 1000,Hard,3rd Round,Nadal R.,Ramos-Vinolas A.,Nadal R.,2,24,2,24
Western & Southern Financial Group Masters,2017-08-18,Masters 1000,Hard,Quarterfinals,Sugita Y.,Dimitrov G.,Dimitrov G.,46,11,11,46
Western & Southern Financial Group Masters,2017-08-19,Masters 1000,Hard,Quarterfinals,Thiem D.,Ferrer D.,Ferrer D.,8,31,31,8
Western & Southern Financial Group Masters,2017-08-19,Masters 1000,Hard,Quarterfinals,Kyrgios N.,Nadal R.,Kyrgios N.,23,2,23,2
Western & Southern Financial Group Masters,2017-08-19,Masters 1000,Hard,Semifinals,Isner J.,Dimitrov G.,Dimitrov G.,19,11,11,19
Western & Southern Financial Group Masters,2017-08-20,Masters 1000,Hard,Semifinals,Kyrgios N.,Ferrer D.,Kyrgios N.,23,31,23,31
Western & Southern Financial Group Masters,2017-08-20,Masters 1000,Hard,The Final,Kyrgios N.,Dimitrov G.,Dimitrov G.,23,11,11,23
Winston-Salem Open at Wake Forest University,2017-08-24,ATP250,Hard,Quarterfinals,Johnson S.,Edmund K.,Edmund K.,46,45,45,46
US Open,2017-08-28,Grand Slam,Hard,1st Round,Haase R.,Edmund K.,Edmund K.,36,42,42,36
US Open,2017-08-28,Grand Slam,Hard,1st Round,Sousa J.,Lorenzi P.,Lorenzi P.,50,40,40,50
US Open,2017-08-28,Grand Slam,Hard,1st Round,Querrey S.,Simon G.,Querrey S.,21,39,21,39
US Open,2017-08-30,Grand Slam,Hard,1st Round,Harrison R.,Berdych T.,Berdych T.,45,18,18,45
US Open,2017-08-30,Grand Slam,Hard,2nd Round,Lorenzi P.,Muller G.,Lorenzi P.,40,23,40,23
US Open,2017-08-30,Grand Slam,Hard,2nd Round,Isner J.,Chung H.,Isner J.,15,47,15,47
US Open,2017-08-30,Grand Slam,Hard,2nd Round,Zverev M.,Paire B.,Zverev M.,27,41,27,41
US Open,2017-08-31,Grand Slam,Hard,2nd Round,Edmund K.,Johnson S.,Edmund K.,42,46,42,46
US Open,2017-08-31,Grand Slam,Hard,2nd Round,Lopez F.,Verdasco F.,Lopez F.,35,43,35,43
US Open,2017-09-01,Grand Slam,Hard,3rd Round,Schwartzman D.,Cilic M.,Schwartzman D.,33,7,33,7
US Open,2017-09-02,Grand Slam,Hard,3rd Round,Zverev M.,Isner J.,Zverev M.,27,15,27,15
US Open,2017-09-02,Grand Slam,Hard,3rd Round,Thiem D.,Mannarino A.,Thiem D.,8,34,8,34
US Open,2017-09-02,Grand Slam,Hard,3rd Round,Del Potro J.M.,Bautista Agut R.,Del Potro J.M.,28,13,28,13
US Open,2017-09-03,Grand Slam,Hard,3rd Round,Lopez F.,Federer R.,Federer R.,35,3,3,35
US Open,2017-09-03,Grand Slam,Hard,4th Round,Pouille L.,Schwartzman D.,Schwartzman D.,20,33,33,20
US Open,2017-09-03,Grand Slam,Hard,4th Round,Anderson K.,Lorenzi P.,Anderson K.,32,40,32,40
US Open,2017-09-04,Grand Slam,Hard,4th Round,Zverev M.,Querrey S.,Querrey S.,27,21,21,27
US Open,2017-09-04,Grand Slam,Hard,4th Round,Del Potro J.M.,Thiem D.,Del Potro J.M.,28,8,28,8
US Open,2017-09-05,Grand Slam,Hard,4th Round,Kohlschreiber P.,Federer R.,Federer R.,37,3,3,37
US Open,2017-09-05,Grand Slam,Hard,Quarterfinals,Carreno Busta P.,Schwartzman D.,Carreno Busta P.,19,33,19,33
US Open,2017-09-06,Grand Slam,Hard,Quarterfinals,Querrey S.,Anderson K.,Anderson K.,21,32,32,21
US Open,2017-09-07,Grand Slam,Hard,Quarterfinals,Federer R.,Del Potro J.M.,Del Potro J.M.,3,28,28,3
US Open,2017-09-08,Grand Slam,Hard,Semifinals,Anderson K.,Carreno Busta P.,Anderson K.,32,19,32,19
US Open,2017-09-09,Grand Slam,Hard,Semifinals,Del Potro J.M.,Nadal R.,Nadal R.,28,1,1,28
US Open,2017-09-10,Grand Slam,Hard,The Final,Nadal R.,Anderson K.,Nadal R.,1,32,1,32
Open de Moselle,2017-09-22,ATP250,Hard,Quarterfinals,Goffin D.,Paire B.,Paire B.,12,41,41,12
St. Petersburg Open,2017-09-22,ATP250,Hard,Quarterfinals,Troicki V.,Bautista Agut R.,Bautista Agut R.,47,13,13,47
St. Petersburg Open,2017-09-23,ATP250,Hard,Semifinals,Bautista Agut R.,Fognini F.,Fognini F.,13,29,29,13
Shenzhen Open,2017-09-29,ATP250,Hard,Quarterfinals,Dzumhur D.,Zverev A.,Dzumhur D.,40,4,40,4
China Open,2017-10-02,ATP500,Hard,1st Round,Fognini F.,Haase R.,Fognini F.,26,43,26,43
China Open,2017-10-02,ATP500,Hard,1st Round,Struff J.L.,Zverev M.,Zverev M.,48,27,27,48
China Open,2017-10-03,ATP500,Hard,1st Round,Dimitrov G.,Dzumhur D.,Dimitrov G.,8,36,8,36
China Open,2017-10-03,ATP500,Hard,1st Round,Cuevas P.,Del Potro J.M.,Del Potro J.M.,32,24,24,32
China Open,2017-10-03,ATP500,Hard,1st Round,Pouille L.,Nadal R.,Nadal R.,23,1,1,23
China Open,2017-10-03,ATP500,Hard,1st Round,Rublev A.,Sock J.,Rublev A.,39,21,39,21
China Open,2017-10-03,ATP500,Hard,1st Round,Edmund K.,Zverev A.,Zverev A.,47,4,4,47
China Open,2017-10-04,ATP500,Hard,2nd Round,Kyrgios N.,Zverev M.,Kyrgios N.,19,27,19,27
China Open,2017-10-04,ATP500,Hard,2nd Round,Dimitrov G.,Del Potro J.M.,Dimitrov G.,8,24,8,24
China Open,2017-10-05,ATP500,Hard,2nd Round,Nadal R.,Khachanov K.,Nadal R.,1,42,1,42
China Open,2017-10-05,ATP500,Hard,2nd Round,Berdych T.,Rublev A.,Rublev A.,20,39,39,20
China Open,2017-10-05,ATP500,Hard,2nd Round,Zverev A.,Fognini F.,Zverev A.,4,26,4,26
China Open,2017-10-06,ATP500,Hard,Quarterfinals,Bautista Agut R.,Dimitrov G.,Dimitrov G.,13,8,8,13
China Open,2017-10-06,ATP500,Hard,Quarterfinals,Nadal R.,Isner J.,Nadal R.,1,17,1,17
China Open,2017-10-06,ATP500,Hard,Quarterfinals,Rublev A.,Zverev A.,Zverev A.,39,4,4,39
China Open,2017-10-07,ATP500,Hard,Semifinals,Nadal R.,Dimitrov G.,Nadal R.,1,8,1,8
China Open,2017-10-07,ATP500,Hard,Semifinals,Zverev A.,Kyrgios N.,Kyrgios N.,4,19,19,4
China Open,2017-10-08,ATP500,Hard,The Final,Nadal R.,Kyrgios N.,Nadal R.,1,19,1,19
Rakuten Japan Open Tennis Championships,2017-10-02,ATP500,Hard,1st Round,Simon G.,Anderson K.,Anderson K.,45,16,16,45
Rakuten Japan Open Tennis Championships,2017-10-03,ATP500,Hard,1st Round,Querrey S.,Gasquet R.,Gasquet R.,15,30,30,15
Rakuten Japan Open Tennis Championships,2017-10-03,ATP500,Hard,1st Round,Thiem D.,Johnson S.,Johnson S.,7,46,46,7
Rakuten Japan Open Tennis Championships,2017-10-04,ATP500,Hard,1st Round,Lopez F.,Goffin D.,Goffin D.,34,11,11,34
Rakuten Japan Open Tennis Championships,2017-10-05,ATP500,Hard,2nd Round,Johnson S.,Dolgopolov O.,Johnson S.,46,44,46,44
Rakuten Japan Open Tennis Championships,2017-10-06,ATP500,Hard,Quarterfinals,Johnson S.,Schwartzman D.,Schwartzman D.,46,29,29,46
Rakuten Japan Open Tennis Championships,2017-10-06,ATP500,Hard,Quarterfinals,Goffin D.,Gasquet R.,Goffin D.,11,30,11,30
Rakuten Japan Open Tennis Championships,2017-10-06,ATP500,Hard,Quarterfinals,Mannarino A.,Sugita Y.,Mannarino A.,31,40,31,40
Rakuten Japan Open Tennis Championships,2017-10-07,ATP500,Hard,Semifinals,Schwartzman D.,Goffin D.,Goffin D.,29,11,11,29
Rakuten Japan Open Tennis Championships,2017-10-07,ATP500,Hard,Semifinals,Mannarino A.,Cilic M.,Mannarino A.,31,5,31,5
Rakuten Japan Open Tennis Championships,2017-10-08,ATP500,Hard,The Final,Mannarino A.,Goffin D.,Goffin D.,31,11,11,31
Shanghai Masters,2017-10-08,Masters 1000,Hard,1st Round,Fognini F.,Verdasco F.,Fognini F.,28,43,28,43
Shanghai Masters,2017-10-09,Masters 1000,Hard,1st Round,Gasquet R.,Haase R.,Gasquet R.,31,44,31,44
Shanghai Masters,2017-10-09,Masters 1000,Hard,1st Round,Rublev A.,Dzumhur D.,Rublev A.,35,37,35,37
Shanghai Masters,2017-10-10,Masters 1000,Hard,1st Round,Bedene A.,Lorenzi P.,Bedene A.,48,39,48,39
Shanghai Masters,2017-10-10,Masters 1000,Hard,1st Round,Mannarino A.,Anderson K.,Anderson K.,29,15,15,29
Shanghai Masters,2017-10-10,Masters 1000,Hard,1st Round,Querrey S.,Sugita Y.,Querrey S.,17,36,17,36
Shanghai Masters,2017-10-10,Masters 1000,Hard,2nd Round,Carreno Busta P.,Ramos-Vinolas A.,Ramos-Vinolas A.,11,25,25,11
Shanghai Masters,2017-10-10,Masters 1000,Hard,2nd Round,Fognini F.,Pouille L.,Fognini F.,28,24,28,24
Shanghai Masters,2017-10-10,Masters 1000,Hard,2nd Round,Rublev A.,Del Potro J.M.,Del Potro J.M.,35,23,23,35
Shanghai Masters,2017-10-11,Masters 1000,Hard,2nd Round,Dimitrov G.,Harrison R.,Dimitrov G.,9,46,9,46
Shanghai Masters,2017-10-11,Masters 1000,Hard,2nd Round,Simon G.,Goffin D.,Simon G.,47,10,47,10
Shanghai Masters,2017-10-11,Masters 1000,Hard,2nd Round,Dolgopolov O.,Lopez F.,Dolgopolov O.,41,34,41,34
Shanghai Masters,2017-10-11,Masters 1000,Hard,2nd Round,Federer R.,Schwartzman D.,Federer R.,2,26,2,26
Shanghai Masters,2017-10-12,Masters 1000,Hard,3rd Round,Dimitrov G.,Querrey S.,Dimitrov G.,9,17,9,17
Shanghai Masters,2017-10-12,Masters 1000,Hard,3rd Round,Zverev A.,Del Potro J.M.,Del Potro J.M.,4,23,23,4
Shanghai Masters,2017-10-12,Masters 1000,Hard,3rd Round,Johnson S.,Cilic M.,Cilic M.,45,5,5,45
Shanghai Masters,2017-10-12,Masters 1000,Hard,3rd Round,Gasquet R.,Simon G.,Gasquet R.,31,47,31,47
Shanghai Masters,2017-10-12,Masters 1000,Hard,3rd Round,Fognini F.,Nadal R.,Nadal R.,28,1,1,28
Shanghai Masters,2017-10-12,Masters 1000,Hard,3rd Round,Federer R.,Dolgopolov O.,Federer R.,2,41,2,41
Shanghai Masters,2017-10-13,Masters 1000,Hard,Quarterfinals,Cilic M.,Ramos-Vinolas A.,Cilic M.,5,25,5,25
Shanghai Masters,2017-10-13,Masters 1000,Hard,Quarterfinals,Dimitrov G.,Nadal R.,Nadal R.,9,1,1,9
Shanghai Masters,2017-10-13,Masters 1000,Hard,Quarterfinals,Gasquet R.,Federer R.,Federer R.,31,2,2,31
Shanghai Masters,2017-10-14,Masters 1000,Hard,Semifinals,Nadal R.,Cilic M.,Nadal R.,1,5,1,5
Shanghai Masters,2017-10-14,Masters 1000,Hard,Semifinals,Del Potro J.M.,Federer R.,Federer R.,23,2,2,23
Shanghai Masters,2017-10-15,Masters 1000,Hard,The Final,Federer R.,Nadal R.,Federer R.,2,1,2,1
European Open,2017-10-20,ATP250,Hard,Quarterfinals,Ferrer D.,Schwartzman D.,Schwartzman D.,31,26,26,31
European Open,2017-10-22,ATP250,Hard,The Final,Tsonga J.W.,Schwartzman D.,Tsonga J.W.,17,26,17,26
Stockholm Open,2017-10-17,ATP250,Hard,1st Round,Verdasco F.,Haase R.,Verdasco F.,43,44,43,44
Stockholm Open,2017-10-19,ATP250,Hard,2nd Round,Troicki V.,Zverev M.,Zverev M.,48,30,30,48
Stockholm Open,2017-10-19,ATP250,Hard,2nd Round,Struff J.L.,Del Potro J.M.,Del Potro J.M.,49,19,19,49
Stockholm Open,2017-10-20,ATP250,Hard,Quarterfinals,Fognini F.,Sock J.,Fognini F.,27,21,27,21
Stockholm Open,2017-10-20,ATP250,Hard,Quarterfinals,Zverev M.,Dimitrov G.,Dimitrov G.,30,8,8,30
Stockholm Open,2017-10-20,ATP250,Hard,Quarterfinals,Del Potro J.M.,Sugita Y.,Del Potro J.M.,19,37,19,37
Stockholm Open,2017-10-20,ATP250,Hard,Quarterfinals,Anderson K.,Verdasco F.,Verdasco F.,16,43,43,16
Stockholm Open,2017-10-21,ATP250,Hard,Semifinals,Dimitrov G.,Fognini F.,Dimitrov G.,8,27,8,27
Stockholm Open,2017-10-21,ATP250,Hard,Semifinals,Verdasco F.,Del Potro J.M.,Del Potro J.M.,43,19,19,43
Stockholm Open,2017-10-22,ATP250,Hard,The Final,Del Potro J.M.,Dimitrov G.,Del Potro J.M.,19,8,19,8
Swiss Indoors,2017-10-23,ATP500,Hard,1st Round,Shapovalov D.,Sugita Y.,Shapovalov D.,49,38,49,38
Swiss Indoors,2017-10-24,ATP500,Hard,1st Round,Johnson S.,Paire B.,Paire B.,43,40,40,43
Swiss Indoors,2017-10-24,ATP500,Hard,1st Round,Harrison R.,Dolgopolov O.,Harrison R.,46,37,46,37
Swiss Indoors,2017-10-25,ATP500,Hard,2nd Round,Bautista Agut R.,Harrison R.,Bautista Agut R.,21,46,21,46
Swiss Indoors,2017-10-25,ATP500,Hard,2nd Round,Haase R.,Sock J.,Sock J.,44,23,23,44
Swiss Indoors,2017-10-26,ATP500,Hard,2nd Round,Paire B.,Federer R.,Federer R.,40,2,2,40
Swiss Indoors,2017-10-26,ATP500,Hard,2nd Round,Mannarino A.,Shapovalov D.,Mannarino A.,28,49,28,49
Swiss Indoors,2017-10-27,ATP500,Hard,Quarterfinals,Bautista Agut R.,Del Potro J.M.,Del Potro J.M.,21,19,19,21
Swiss Indoors,2017-10-27,ATP500,Hard,Quarterfinals,Mannarino A.,Federer R.,Federer R.,28,2,2,28
Swiss Indoors,2017-10-27,ATP500,Hard,Quarterfinals,Goffin D.,Sock J.,Goffin D.,10,23,10,23
Swiss Indoors,2017-10-28,ATP500,Hard,Semifinals,Cilic M.,Del Potro J.M.,Del Potro J.M.,4,19,19,4
Swiss Indoors,2017-10-28,ATP500,Hard,Semifinals,Federer R.,Goffin D.,Federer R.,2,10,2,10
Swiss Indoors,2017-10-29,ATP500,Hard,The Final,Del Potro J.M.,Federer R.,Federer R.,19,2,2,19
Erste Bank Open,2017-10-23,ATP500,Hard,1st Round,Lopez F.,Gasquet R.,Gasquet R.,33,32,32,33
Erste Bank Open,2017-10-23,ATP500,Hard,1st Round,Isner J.,Kohlschreiber P.,Kohlschreiber P.,13,34,34,13
Erste Bank Open,2017-10-23,ATP500,Hard,1st Round,Zverev A.,Troicki V.,Zverev A.,5,48,5,48
Erste Bank Open,2017-10-24,ATP500,Hard,1st Round,Ramos-Vinolas A.,Querrey S.,Ramos-Vinolas A.,22,14,22,14
Erste Bank Open,2017-10-24,ATP500,Hard,1st Round,Thiem D.,Rublev A.,Thiem D.,6,35,6,35
Erste Bank Open,2017-10-25,ATP500,Hard,1st Round,Fognini F.,Schwartzman D.,Schwartzman D.,27,26,26,27
Erste Bank Open,2017-10-25,ATP500,Hard,1st Round,Khachanov K.,Tsonga J.W.,Tsonga J.W.,42,15,15,42
Erste Bank Open,2017-10-26,ATP500,Hard,2nd Round,Schwartzman D.,Carreno Busta P.,Schwartzman D.,26,11,26,11
Erste Bank Open,2017-10-26,ATP500,Hard,2nd Round,Tsonga J.W.,Dzumhur D.,Tsonga J.W.,15,31,15,31
Erste Bank Open,2017-10-26,ATP500,Hard,2nd Round,Thiem D.,Gasquet R.,Gasquet R.,6,32,32,6
Erste Bank Open,2017-10-27,ATP500,Hard,Quarterfinals,Schwartzman D.,Kohlschreiber P.,Kohlschreiber P.,26,34,34,26
Erste Bank Open,2017-10-27,ATP500,Hard,Quarterfinals,Pouille L.,Gasquet R.,Pouille L.,25,32,25,32
Erste Bank Open,2017-10-27,ATP500,Hard,Quarterfinals,Zverev A.,Tsonga J.W.,Tsonga J.W.,5,15,15,5
Erste Bank Open,2017-10-28,ATP500,Hard,Semifinals,Kohlschreiber P.,Tsonga J.W.,Tsonga J.W.,34,15,15,34
Erste Bank Open,2017-10-29,ATP500,Hard,The Final,Pouille L.,Tsonga J.W.,Pouille L.,25,15,25,15
BNP Paribas Masters,2017-10-30,Masters 1000,Hard,1st Round,Haase R.,Johnson S.,Haase R.,43,42,43,42
BNP Paribas Masters,2017-10-30,Masters 1000,Hard,1st Round,Paire B.,Gasquet R.,Gasquet R.,40,30,30,40
BNP Paribas Masters,2017-10-31,Masters 1000,Hard,1st Round,Cuevas P.,Khachanov K.,Cuevas P.,36,44,36,44
BNP Paribas Masters,2017-10-31,Masters 1000,Hard,1st Round,Rublev A.,Verdasco F.,Verdasco F.,35,39,39,35
BNP Paribas Masters,2017-10-31,Masters 1000,Hard,1st Round,Mannarino A.,Ferrer D.,Mannarino A.,28,34,28,34
BNP Paribas Masters,2017-11-01,Masters 1000,Hard,2nd Round,Isner J.,Schwartzman D.,Isner J.,14,25,14,25
BNP Paribas Masters,2017-11-01,Masters 1000,Hard,2nd Round,Zverev A.,Haase R.,Haase R.,4,43,43,4
BNP Paribas Masters,2017-11-01,Masters 1000,Hard,2nd Round,Cuevas P.,Ramos-Vinolas A.,Cuevas P.,36,24,36,24
BNP Paribas Masters,2017-11-01,Masters 1000,Hard,2nd Round,Lopez F.,Pouille L.,Pouille L.,33,18,18,33
BNP Paribas Masters,2017-11-01,Masters 1000,Hard,2nd Round,Verdasco F.,Anderson K.,Verdasco F.,39,16,39,16
BNP Paribas Masters,2017-11-01,Masters 1000,Hard,2nd Round,Sock J.,Edmund K.,Sock J.,22,50,22,50
BNP Paribas Masters,2017-11-01,Masters 1000,Hard,2nd Round,Gasquet R.,Dimitrov G.,Dimitrov G.,30,8,8,30
BNP Paribas Masters,2017-11-01,Masters 1000,Hard,2nd Round,Mannarino A.,Goffin D.,Goffin D.,28,10,10,28
BNP Paribas Masters,2017-11-02,Masters 1000,Hard,3rd Round,Haase R.,Del Potro J.M.,Del Potro J.M.,43,17,17,43
BNP Paribas Masters,2017-11-02,Masters 1000,Hard,3rd Round,Verdasco F.,Thiem D.,Verdasco F.,39,6,39,6
BNP Paribas Masters,2017-11-02,Masters 1000,Hard,3rd Round,Dimitrov G.,Isner J.,Isner J.,8,14,14,8
BNP Paribas Masters,2017-11-02,Masters 1000,Hard,3rd Round,Sock J.,Pouille L.,Sock J.,22,18,22,18
BNP Paribas Masters,2017-11-02,Masters 1000,Hard,3rd Round,Cuevas P.,Nadal R.,Nadal R.,36,1,1,36
BNP Paribas Masters,2017-11-02,Masters 1000,Hard,3rd Round,Cilic M.,Bautista Agut R.,Cilic M.,5,23,5,23
BNP Paribas Masters,2017-11-03,Masters 1000,Hard,Quarterfinals,Del Potro J.M.,Isner J.,Isner J.,17,14,14,17
BNP Paribas Masters,2017-11-03,Masters 1000,Hard,Quarterfinals,Verdasco F.,Sock J.,Sock J.,39,22,22,39
Masters Cup,2017-11-12,Masters Cup,Hard,Round Robin,Sock J.,Federer R.,Federer R.,9,2,2,9
Masters Cup,2017-11-12,Masters Cup,Hard,Round Robin,Zverev A.,Cilic M.,Zverev A.,3,5,3,5
Masters Cup,2017-11-13,Masters Cup,Hard,Round Robin,Thiem D.,Dimitrov G.,Dimitrov G.,4,6,6,4
Masters Cup,2017-11-13,Masters Cup,Hard,Round Robin,Goffin D.,Nadal R.,Goffin D.,8,1,8,1
Masters Cup,2017-11-14,Masters Cup,Hard,Round Robin,Cilic M.,Sock J.,Sock J.,5,9,9,5
Masters Cup,2017-11-14,Masters Cup,Hard,Round Robin,Federer R.,Zverev A.,Federer R.,2,3,2,3
Masters Cup,2017-11-15,Masters Cup,Hard,Round Robin,Goffin D.,Dimitrov G.,Dimitrov G.,8,6,6,8
Masters Cup,2017-11-15,Masters Cup,Hard,Round Robin,Thiem D.,Carreno Busta P.,Thiem D.,4,10,4,10
Masters Cup,2017-11-16,Masters Cup,Hard,Round Robin,Cilic M.,Federer R.,Federer R.,5,2,2,5
Masters Cup,2017-11-16,Masters Cup,Hard,Round Robin,Sock J.,Zverev A.,Sock J.,9,3,9,3
Masters Cup,2017-11-17,Masters Cup,Hard,Round Robin,Thiem D.,Goffin D.,Goffin D.,4,8,8,4
Masters Cup,2017-11-17,Masters Cup,Hard,Round Robin,Dimitrov G.,Carreno Busta P.,Dimitrov G.,6,10,6,10
Masters Cup,2017-11-18,Masters Cup,Hard,Semifinals,Federer R.,Goffin D.,Goffin D.,2,8,8,2
Masters Cup,2017-11-18,Masters Cup,Hard,Semifinals,Dimitrov G.,Sock J.,Dimitrov G.,6,9,6,9
Masters Cup,2017-11-19,Masters Cup,Hard,The Final,Goffin D.,Dimitrov G.,Dimitrov G.,8,6,6,8
Brisbane International,2018-01-05,ATP250,Hard,Quarterfinals,Dimitrov G.,Edmund K.,Dimitrov G.,3,50,3,50
Brisbane International,2018-01-06,ATP250,Hard,Semifinals,Kyrgios N.,Dimitrov G.,Kyrgios N.,21,3,21,3
Brisbane International,2018-01-07,ATP250,Hard,The Final,Harrison R.,Kyrgios N.,Kyrgios N.,47,21,21,47
Qatar Exxon Mobil Open,2018-01-02,ATP250,Hard,1st Round,Coric B.,Carreno Busta P.,Coric B.,48,10,48,10
Qatar Exxon Mobil Open,2018-01-02,ATP250,Hard,1st Round,Lorenzi P.,Monfils G.,Monfils G.,43,46,46,43
Qatar Exxon Mobil Open,2018-01-03,ATP250,Hard,2nd Round,Rublev A.,Verdasco F.,Rublev A.,39,35,39,35
Qatar Exxon Mobil Open,2018-01-03,ATP250,Hard,2nd Round,Thiem D.,Bedene A.,Thiem D.,5,49,5,49
Qatar Exxon Mobil Open,2018-01-04,ATP250,Hard,Quarterfinals,Coric B.,Rublev A.,Rublev A.,48,39,39,48
Qatar Exxon Mobil Open,2018-01-06,ATP250,Hard,The Final,Rublev A.,Monfils G.,Monfils G.,39,46,46,39
Tata Open,2018-01-04,ATP250,Hard,Quarterfinals,Paire B.,Haase R.,Paire B.,41,42,41,42
Tata Open,2018-01-05,ATP250,Hard,Semifinals,Anderson K.,Paire B.,Anderson K.,14,41,14,41
ASB Classic,2018-01-08,ATP250,Hard,1st Round,Khachanov K.,Sugita Y.,Khachanov K.,48,41,48,41
ASB Classic,2018-01-08,ATP250,Hard,1st Round,Venus M.,Bautista Agut R.,Bautista Agut R.,40,21,21,40
ASB Classic,2018-01-09,ATP250,Hard,2nd Round,Bautista Agut R.,Johnson S.,Bautista Agut R.,21,46,21,46
ASB Classic,2018-01-10,ATP250,Hard,2nd Round,Cuevas P.,Khachanov K.,Khachanov K.,33,48,48,33
ASB Classic,2018-01-10,ATP250,Hard,2nd Round,Del Potro J.M.,Shapovalov D.,Del Potro J.M.,12,50,12,50
ASB Classic,2018-01-11,ATP250,Hard,Quarterfinals,Khachanov K.,Del Potro J.M.,Del Potro J.M.,48,12,12,48
ASB Classic,2018-01-12,ATP250,Hard,Semifinals,Bautista Agut R.,Haase R.,Bautista Agut R.,21,43,21,43
ASB Classic,2018-01-12,ATP250,Hard,Semifinals,Ferrer D.,Del Potro J.M.,Del Potro J.M.,38,12,12,38
ASB Classic,2018-01-13,ATP250,Hard,The Final,Bautista Agut R.,Del Potro J.M.,Bautista Agut R.,21,12,21,12
Sydney International,2018-01-10,ATP250,Hard,2nd Round,Lorenzi P.,Ramos-Vinolas A.,Lorenzi P.,45,22,45,22
Sydney International,2018-01-10,ATP250,Hard,2nd Round,Fognini F.,Dolgopolov O.,Fognini F.,27,37,27,37
Sydney International,2018-01-10,ATP250,Hard,2nd Round,Lopez F.,Schwartzman D.,Lopez F.,36,26,36,26
Sydney International,2018-01-11,ATP250,Hard,Quarterfinals,Fognini F.,Mannarino A.,Fognini F.,27,28,27,28
Sydney International,2018-01-11,ATP250,Hard,Quarterfinals,Paire B.,Muller G.,Paire B.,42,25,42,25
Australian Open,2018-01-15,Grand Slam,Hard,1st Round,Anderson K.,Edmund K.,Edmund K.,12,49,49,12
Australian Open,2018-01-15,Grand Slam,Hard,1st Round,Ferrer D.,Rublev A.,Rublev A.,33,32,32,33
Australian Open,2018-01-15,Grand Slam,Hard,1st Round,Lorenzi P.,Dzumhur D.,Dzumhur D.,44,30,30,44
Australian Open,2018-01-15,Grand Slam,Hard,1st Round,Sock J.,Sugita Y.,Sugita Y.,9,41,41,9
Australian Open,2018-01-16,Grand Slam,Hard,1st Round,Verdasco F.,Bautista Agut R.,Verdasco F.,40,21,40,21
Australian Open,2018-01-16,Grand Slam,Hard,1st Round,Querrey S.,Lopez F.,Querrey S.,13,38,13,38
Australian Open,2018-01-17,Grand Slam,Hard,2nd Round,Shapovalov D.,Tsonga J.W.,Tsonga J.W.,50,15,15,50
Australian Open,2018-01-17,Grand Slam,Hard,2nd Round,Harrison R.,Cuevas P.,Harrison R.,45,34,45,34
Australian Open,2018-01-18,Grand Slam,Hard,2nd Round,Del Potro J.M.,Khachanov K.,Del Potro J.M.,10,47,10,47
Australian Open,2018-01-18,Grand Slam,Hard,2nd Round,Monfils G.,Djokovic N.,Djokovic N.,39,14,14,39
Australian Open,2018-01-19,Grand Slam,Hard,3rd Round,Carreno Busta P.,Muller G.,Carreno Busta P.,11,28,11,28
Australian Open,2018-01-19,Grand Slam,Hard,3rd Round,Rublev A.,Dimitrov G.,Dimitrov G.,32,3,3,32
Australian Open,2018-01-19,Grand Slam,Hard,3rd Round,Dolgopolov O.,Schwartzman D.,Schwartzman D.,37,26,26,37
Australian Open,2018-01-19,Grand Slam,Hard,3rd Round,Kyrgios N.,Tsonga J.W.,Kyrgios N.,17,15,17,15
Australian Open,2018-01-19,Grand Slam,Hard,3rd Round,Dzumhur D.,Nadal R.,Nadal R.,30,1,1,30
Australian Open,2018-01-19,Grand Slam,Hard,3rd Round,Cilic M.,Harrison R.,Cilic M.,6,45,6,45
Australian Open,2018-01-20,Grand Slam,Hard,3rd Round,Thiem D.,Mannarino A.,Thiem D.,5,27,5,27
Australian Open,2018-01-20,Grand Slam,Hard,3rd Round,Berdych T.,Del Potro J.M.,Berdych T.,20,10,20,10
Australian Open,2018-01-20,Grand Slam,Hard,3rd Round,Ramos-Vinolas A.,Djokovic N.,Djokovic N.,22,14,14,22
Australian Open,2018-01-20,Grand Slam,Hard,3rd Round,Federer R.,Gasquet R.,Federer R.,2,31,2,31
Australian Open,2018-01-21,Grand Slam,Hard,4th Round,Carreno Busta P.,Cilic M.,Cilic M.,11,6,6,11
Australian Open,2018-01-21,Grand Slam,Hard,4th Round,Nadal R.,Schwartzman D.,Nadal R.,1,26,1,26
Australian Open,2018-01-21,Grand Slam,Hard,4th Round,Dimitrov G.,Kyrgios N.,Dimitrov G.,3,17,3,17
Australian Open,2018-01-22,Grand Slam,Hard,4th Round,Fognini F.,Berdych T.,Berdych T.,25,20,20,25
Australian Open,2018-01-23,Grand Slam,Hard,Quarterfinals,Dimitrov G.,Edmund K.,Edmund K.,3,49,49,3
Australian Open,2018-01-24,Grand Slam,Hard,Quarterfinals,Berdych T.,Federer R.,Federer R.,20,2,2,20
Australian Open,2018-01-25,Grand Slam,Hard,Semifinals,Cilic M.,Edmund K.,Cilic M.,6,49,6,49
Australian Open,2018-01-28,Grand Slam,Hard,The Final,Cilic M.,Federer R.,Federer R.,6,2,2,6
Open Sud de France,2018-02-06,ATP250,Hard,1st Round,Khachanov K.,Ferrer D.,Khachanov K.,49,39,49,39
Open Sud de France,2018-02-09,ATP250,Hard,Quarterfinals,Khachanov K.,Goffin D.,Goffin D.,49,7,7,49
Open Sud de France,2018-02-09,ATP250,Hard,Quarterfinals,Gasquet R.,Dzumhur D.,Gasquet R.,33,30,33,30
Open Sud de France,2018-02-09,ATP250,Hard,Quarterfinals,Rublev A.,Tsonga J.W.,Tsonga J.W.,36,19,19,36
Open Sud de France,2018-02-09,ATP250,Hard,Quarterfinals,Pouille L.,Paire B.,Pouille L.,17,44,17,44
Open Sud de France,2018-02-10,ATP250,Hard,Semifinals,Goffin D.,Gasquet R.,Gasquet R.,7,33,33,7
Open Sud de France,2018-02-11,ATP250,Hard,The Final,Pouille L.,Gasquet R.,Pouille L.,17,33,17,33
Argentina Open,2018-02-13,ATP250,Clay,1st Round,Cuevas P.,Monfils G.,Monfils G.,32,43,43,32
Argentina Open,2018-02-16,ATP250,Clay,2nd Round,Mayer L.,Fognini F.,Mayer L.,50,22,50,22
Argentina Open,2018-02-16,ATP250,Clay,Quarterfinals,Mayer L.,Monfils G.,Monfils G.,50,43,43,50
Argentina Open,2018-02-17,ATP250,Clay,Semifinals,Thiem D.,Monfils G.,Thiem D.,6,43,6,43
New York Open,2018-02-17,ATP250,Hard,Semifinals,Mannarino A.,Querrey S.,Querrey S.,25,12,12,25
New York Open,2018-02-18,ATP250,Hard,Semifinals,Anderson K.,Nishikori K.,Anderson K.,11,27,11,27
New York Open,2018-02-18,ATP250,Hard,The Final,Querrey S.,Anderson K.,Anderson K.,12,11,11,12
ABN AMRO World Tennis Tournament,2018-02-12,ATP500,Hard,1st Round,Zverev A.,Ferrer D.,Zverev A.,4,39,4,39
ABN AMRO World Tennis Tournament,2018-02-13,ATP500,Hard,1st Round,Kohlschreiber P.,Khachanov K.,Kohlschreiber P.,36,48,36,48
ABN AMRO World Tennis Tournament,2018-02-14,ATP500,Hard,1st Round,Rublev A.,Pouille L.,Rublev A.,34,16,34,16
ABN AMRO World Tennis Tournament,2018-02-14,ATP500,Hard,1st Round,Sugita Y.,Dimitrov G.,Dimitrov G.,41,5,5,41
ABN AMRO World Tennis Tournament,2018-02-14,ATP500,Hard,2nd Round,Lopez F.,Goffin D.,Goffin D.,37,7,7,37
ABN AMRO World Tennis Tournament,2018-02-15,ATP500,Hard,2nd Round,Rublev A.,Dzumhur D.,Rublev A.,34,29,34,29
ABN AMRO World Tennis Tournament,2018-02-15,ATP500,Hard,2nd Round,Dimitrov G.,Krajinovic F.,Dimitrov G.,5,38,5,38
ABN AMRO World Tennis Tournament,2018-02-15,ATP500,Hard,2nd Round,Kohlschreiber P.,Federer R.,Federer R.,36,2,2,36
ABN AMRO World Tennis Tournament,2018-02-16,ATP500,Hard,Quarterfinals,Rublev A.,Dimitrov G.,Dimitrov G.,34,5,5,34
ABN AMRO World Tennis Tournament,2018-02-16,ATP500,Hard,Quarterfinals,Federer R.,Haase R.,Federer R.,2,42,2,42
ABN AMRO World Tennis Tournament,2018-02-18,ATP500,Hard,The Final,Dimitrov G.,Federer R.,Federer R.,5,2,2,5
Open 13,2018-02-23,ATP250,Hard,Quarterfinals,Krajinovic F.,Pouille L.,Pouille L.,36,16,16,36
Open 13,2018-02-24,ATP250,Hard,Semifinals,Berdych T.,Khachanov K.,Khachanov K.,17,47,47,17
Open 13,2018-02-25,ATP250,Hard,The Final,Pouille L.,Khachanov K.,Khachanov K.,16,47,47,16
Rio Open,2018-02-19,ATP500,Clay,1st Round,Verdasco F.,Mayer L.,Verdasco F.,40,49,40,49
Rio Open,2018-02-22,ATP500,Clay,2nd Round,Carreno Busta P.,Bedene A.,Bedene A.,11,43,43,11
Rio Open,2018-02-22,ATP500,Clay,2nd Round,Monfils G.,Cilic M.,Monfils G.,39,3,39,3
Rio Open,2018-02-23,ATP500,Clay,Quarterfinals,Monfils G.,Schwartzman D.,Schwartzman D.,39,23,23,39
Rio Open,2018-02-23,ATP500,Clay,Quarterfinals,Verdasco F.,Thiem D.,Verdasco F.,40,6,40,6
Rio Open,2018-02-24,ATP500,Clay,Quarterfinals,Bedene A.,Fognini F.,Fognini F.,43,21,21,43
Rio Open,2018-02-24,ATP500,Clay,Semifinals,Fognini F.,Verdasco F.,Verdasco F.,21,40,40,21
Rio Open,2018-02-25,ATP500,Clay,The Final,Schwartzman D.,Verdasco F.,Schwartzman D.,23,40,23,40
Abierto Mexicano,2018-02-27,ATP500,Hard,1st Round,Ferrer D.,Rublev A.,Ferrer D.,39,32,39,32
Abierto Mexicano,2018-02-27,ATP500,Hard,1st Round,Shapovalov D.,Nishikori K.,Shapovalov D.,45,26,45,26
Abierto Mexicano,2018-02-28,ATP500,Hard,1st Round,Verdasco F.,Schwartzman D.,Schwartzman D.,27,18,18,27
Abierto Mexicano,2018-03-01,ATP500,Hard,2nd Round,Shapovalov D.,Thiem D.,Thiem D.,45,6,6,45
Abierto Mexicano,2018-03-01,ATP500,Hard,2nd Round,Anderson K.,Mannarino A.,Anderson K.,8,24,8,24
Abierto Mexicano,2018-03-01,ATP500,Hard,2nd Round,Ferrer D.,Del Potro J.M.,Del Potro J.M.,39,9,9,39
Abierto Mexicano,2018-03-02,ATP500,Hard,Quarterfinals,Anderson K.,Chung H.,Anderson K.,8,29,8,29
Abierto Mexicano,2018-03-02,ATP500,Hard,Quarterfinals,Thiem D.,Del Potro J.M.,Del Potro J.M.,6,9,9,6
Abierto Mexicano,2018-03-03,ATP500,Hard,Semifinals,Zverev A.,Del Potro J.M.,Del Potro J.M.,5,9,9,5
Abierto Mexicano,2018-03-04,ATP500,Hard,The Final,Del Potro J.M.,Anderson K.,Del Potro J.M.,9,8,9,8
Dubai Tennis Championships,2018-02-27,ATP500,Hard,1st Round,Gasquet R.,Coric B.,Coric B.,37,50,50,37
Dubai Tennis Championships,2018-02-28,ATP500,Hard,2nd Round,Coric B.,Paire B.,Coric B.,50,46,50,46
Dubai Tennis Championships,2018-02-28,ATP500,Hard,2nd Round,Pouille L.,Khachanov K.,Pouille L.,15,41,15,41
Dubai Tennis Championships,2018-03-01,ATP500,Hard,Quarterfinals,Coric B.,Bautista Agut R.,Bautista Agut R.,50,23,23,50
Dubai Tennis Championships,2018-03-01,ATP500,Hard,Quarterfinals,Sugita Y.,Pouille L.,Pouille L.,42,15,15,42
Dubai Tennis Championships,2018-03-02,ATP500,Hard,Semifinals,Krajinovic F.,Pouille L.,Pouille L.,34,15,15,34
Dubai Tennis Championships,2018-03-03,ATP500,Hard,The Final,Pouille L.,Bautista Agut R.,Bautista Agut R.,15,23,23,15
Brasil Open,2018-03-02,ATP250,Clay,Quarterfinals,Cuevas P.,Mayer L.,Cuevas P.,31,49,31,49
Brasil Open,2018-03-03,ATP250,Clay,Semifinals,Fognini F.,Cuevas P.,Fognini F.,20,31,20,31
BNP Paribas Open,2018-03-10,Masters 1000,Hard,2nd Round,Cuevas P.,Shapovalov D.,Cuevas P.,34,44,34,44
BNP Paribas Open,2018-03-11,Masters 1000,Hard,2nd Round,Bautista Agut R.,Donaldson J.,Bautista Agut R.,16,48,16,48
BNP Paribas Open,2018-03-11,Masters 1000,Hard,2nd Round,Dimitrov G.,Verdasco F.,Verdasco F.,4,39,39,4
BNP Paribas Open,2018-03-11,Masters 1000,Hard,2nd Round,Ramos-Vinolas A.,Coric B.,Coric B.,22,49,49,22
BNP Paribas Open,2018-03-11,Masters 1000,Hard,2nd Round,Monfils G.,Isner J.,Monfils G.,42,18,42,18
BNP Paribas Open,2018-03-12,Masters 1000,Hard,3rd Round,Krajinovic F.,Federer R.,Federer R.,28,1,1,28
BNP Paribas Open,2018-03-12,Masters 1000,Hard,3rd Round,Bautista Agut R.,Coric B.,Coric B.,16,49,49,16
BNP Paribas Open,2018-03-13,Masters 1000,Hard,3rd Round,Chung H.,Berdych T.,Chung H.,26,15,26,15
BNP Paribas Open,2018-03-13,Masters 1000,Hard,3rd Round,Cilic M.,Kohlschreiber P.,Kohlschreiber P.,3,37,37,3
BNP Paribas Open,2018-03-13,Masters 1000,Hard,3rd Round,Ferrer D.,Del Potro J.M.,Del Potro J.M.,33,8,8,33
BNP Paribas Open,2018-03-14,Masters 1000,Hard,3rd Round,Sock J.,Lopez F.,Lopez F.,10,32,32,10
BNP Paribas Open,2018-03-14,Masters 1000,Hard,4th Round,Cuevas P.,Chung H.,Chung H.,34,26,26,34
BNP Paribas Open,2018-03-14,Masters 1000,Hard,4th Round,Carreno Busta P.,Anderson K.,Anderson K.,14,9,9,14
BNP Paribas Open,2018-03-15,Masters 1000,Hard,4th Round,Mayer L.,Del Potro J.M.,Del Potro J.M.,47,8,8,47
BNP Paribas Open,2018-03-15,Masters 1000,Hard,4th Round,Querrey S.,Lopez F.,Querrey S.,21,32,21,32
BNP Paribas Open,2018-03-15,Masters 1000,Hard,Quarterfinals,Anderson K.,Coric B.,Coric B.,9,49,49,9
BNP Paribas Open,2018-03-16,Masters 1000,Hard,Quarterfinals,Federer R.,Chung H.,Federer R.,1,26,1,26
BNP Paribas Open,2018-03-16,Masters 1000,Hard,Quarterfinals,Querrey S.,Raonic M.,Raonic M.,21,38,38,21
BNP Paribas Open,2018-03-16,Masters 1000,Hard,Quarterfinals,Del Potro J.M.,Kohlschreiber P.,Del Potro J.M.,8,37,8,37
BNP Paribas Open,2018-03-17,Masters 1000,Hard,Semifinals,Coric B.,Federer R.,Federer R.,49,1,1,49
BNP Paribas Open,2018-03-17,Masters 1000,Hard,Semifinals,Del Potro J.M.,Raonic M.,Del Potro J.M.,8,38,8,38
BNP Paribas Open,2018-03-18,Masters 1000,Hard,The Final,Federer R.,Del Potro J.M.,Del Potro J.M.,1,8,8,1
Sony Ericsson Open,2018-03-21,Masters 1000,Hard,1st Round,Haase R.,Sugita Y.,Haase R.,44,43,44,43
Sony Ericsson Open,2018-03-23,Masters 1000,Hard,2nd Round,Paire B.,Djokovic N.,Paire B.,47,12,47,12
Sony Ericsson Open,2018-03-23,Masters 1000,Hard,2nd Round,Donaldson J.,Lopez F.,Donaldson J.,49,32,49,32
Sony Ericsson Open,2018-03-24,Masters 1000,Hard,2nd Round,Del Potro J.M.,Haase R.,Del Potro J.M.,6,44,6,44
Sony Ericsson Open,2018-03-24,Masters 1000,Hard,2nd Round,Coric B.,Mayer L.,Coric B.,36,45,36,45
Sony Ericsson Open,2018-03-24,Masters 1000,Hard,2nd Round,Dzumhur D.,Shapovalov D.,Shapovalov D.,30,46,46,30
Sony Ericsson Open,2018-03-25,Masters 1000,Hard,3rd Round,Krajinovic F.,Paire B.,Krajinovic F.,27,47,27,47
Sony Ericsson Open,2018-03-25,Masters 1000,Hard,3rd Round,Del Potro J.M.,Nishikori K.,Del Potro J.M.,6,33,6,33
Sony Ericsson Open,2018-03-26,Masters 1000,Hard,3rd Round,Schwartzman D.,Raonic M.,Raonic M.,16,25,25,16
Sony Ericsson Open,2018-03-26,Masters 1000,Hard,3rd Round,Shapovalov D.,Querrey S.,Shapovalov D.,46,14,46,14
Sony Ericsson Open,2018-03-26,Masters 1000,Hard,3rd Round,Fognini F.,Kyrgios N.,Kyrgios N.,18,20,20,18
Sony Ericsson Open,2018-03-26,Masters 1000,Hard,3rd Round,Anderson K.,Khachanov K.,Anderson K.,8,41,8,41
Sony Ericsson Open,2018-03-27,Masters 1000,Hard,3rd Round,Sock J.,Coric B.,Coric B.,11,36,36,11
Sony Ericsson Open,2018-03-27,Masters 1000,Hard,3rd Round,Zverev A.,Ferrer D.,Zverev A.,5,35,5,35
Sony Ericsson Open,2018-03-27,Masters 1000,Hard,4th Round,Isner J.,Cilic M.,Isner J.,17,3,17,3
Sony Ericsson Open,2018-03-27,Masters 1000,Hard,4th Round,Krajinovic F.,Del Potro J.M.,Del Potro J.M.,27,6,6,27
Sony Ericsson Open,2018-03-27,Masters 1000,Hard,4th Round,Carreno Busta P.,Verdasco F.,Carreno Busta P.,19,39,19,39
Sony Ericsson Open,2018-03-27,Masters 1000,Hard,4th Round,Shapovalov D.,Coric B.,Coric B.,46,36,36,46
Sony Ericsson Open,2018-03-28,Masters 1000,Hard,4th Round,Kyrgios N.,Zverev A.,Zverev A.,20,5,5,20
Sony Ericsson Open,2018-03-28,Masters 1000,Hard,Quarterfinals,Isner J.,Chung H.,Isner J.,17,23,17,23
Sony Ericsson Open,2018-03-29,Masters 1000,Hard,Quarterfinals,Raonic M.,Del Potro J.M.,Del Potro J.M.,25,6,6,25
Sony Ericsson Open,2018-03-29,Masters 1000,Hard,Quarterfinals,Carreno Busta P.,Anderson K.,Carreno Busta P.,19,8,19,8
Sony Ericsson Open,2018-03-30,Masters 1000,Hard,Quarterfinals,Coric B.,Zverev A.,Zverev A.,36,5,5,36
Sony Ericsson Open,2018-03-30,Masters 1000,Hard,Semifinals,Isner J.,Del Potro J.M.,Isner J.,17,6,17,6
Sony Ericsson Open,2018-03-31,Masters 1000,Hard,Semifinals,Carreno Busta P.,Zverev A.,Zverev A.,19,5,5,19
Sony Ericsson Open,2018-04-01,Masters 1000,Hard,The Final,Isner J.,Zverev A.,Isner J.,17,5,17,5
Grand Prix Hassan II,2018-04-14,ATP250,Clay,Semifinals,Gasquet R.,Edmund K.,Edmund K.,38,26,26,38
Monte Carlo Masters,2018-04-16,Masters 1000,Clay,1st Round,Gojowczyk P.,Bautista Agut R.,Bautista Agut R.,50,16,16,50
Monte Carlo Masters,2018-04-16,Masters 1000,Clay,1st Round,Haase R.,Rublev A.,Rublev A.,44,33,33,44
Monte Carlo Masters,2018-04-16,Masters 1000,Clay,1st Round,Berdych T.,Nishikori K.,Nishikori K.,18,36,36,18
Monte Carlo Masters,2018-04-17,Masters 1000,Clay,1st Round,Verdasco F.,Cuevas P.,Verdasco F.,37,41,37,41
Monte Carlo Masters,2018-04-17,Masters 1000,Clay,1st Round,Paire B.,Lopez F.,Lopez F.,48,30,30,48
Monte Carlo Masters,2018-04-17,Masters 1000,Clay,1st Round,Sandgren T.,Kohlschreiber P.,Kohlschreiber P.,47,40,40,47
Monte Carlo Masters,2018-04-17,Masters 1000,Clay,2nd Round,Thiem D.,Rublev A.,Thiem D.,7,33,7,33
Monte Carlo Masters,2018-04-17,Masters 1000,Clay,2nd Round,Zverev A.,Muller G.,Zverev A.,4,28,4,28
Monte Carlo Masters,2018-04-18,Masters 1000,Clay,2nd Round,Medvedev D.,Nishikori K.,Nishikori K.,49,36,36,49
Monte Carlo Masters,2018-04-18,Masters 1000,Clay,2nd Round,Bautista Agut R.,Lopez F.,Bautista Agut R.,16,30,16,30
Monte Carlo Masters,2018-04-18,Masters 1000,Clay,2nd Round,Coric B.,Djokovic N.,Djokovic N.,39,13,13,39
Monte Carlo Masters,2018-04-18,Masters 1000,Clay,2nd Round,Kohlschreiber P.,Ramos-Vinolas A.,Kohlschreiber P.,40,24,40,24
Monte Carlo Masters,2018-04-18,Masters 1000,Clay,2nd Round,Schwartzman D.,Gasquet R.,Gasquet R.,15,34,34,15
Monte Carlo Masters,2018-04-18,Masters 1000,Clay,2nd Round,Verdasco F.,Cilic M.,Cilic M.,37,3,3,37
Monte Carlo Masters,2018-04-19,Masters 1000,Clay,3rd Round,Goffin D.,Bautista Agut R.,Goffin D.,10,16,10,16
Monte Carlo Masters,2018-04-19,Masters 1000,Clay,3rd Round,Dimitrov G.,Kohlschreiber P.,Dimitrov G.,5,40,5,40
Monte Carlo Masters,2018-04-19,Masters 1000,Clay,3rd Round,Djokovic N.,Thiem D.,Thiem D.,13,7,7,13
Monte Carlo Masters,2018-04-19,Masters 1000,Clay,3rd Round,Khachanov K.,Nadal R.,Nadal R.,38,1,1,38
Monte Carlo Masters,2018-04-20,Masters 1000,Clay,Quarterfinals,Goffin D.,Dimitrov G.,Dimitrov G.,10,5,5,10
Monte Carlo Masters,2018-04-20,Masters 1000,Clay,Quarterfinals,Nadal R.,Thiem D.,Nadal R.,1,7,1,7
Monte Carlo Masters,2018-04-20,Masters 1000,Clay,Quarterfinals,Cilic M.,Nishikori K.,Nishikori K.,3,36,36,3
Monte Carlo Masters,2018-04-20,Masters 1000,Clay,Quarterfinals,Zverev A.,Gasquet R.,Zverev A.,4,34,4,34
Monte Carlo Masters,2018-04-21,Masters 1000,Clay,Semifinals,Dimitrov G.,Nadal R.,Nadal R.,5,1,1,5
Monte Carlo Masters,2018-04-21,Masters 1000,Clay,Semifinals,Nishikori K.,Zverev A.,Nishikori K.,36,4,36,4
Monte Carlo Masters,2018-04-22,Masters 1000,Clay,The Final,Nishikori K.,Nadal R.,Nadal R.,36,1,1,36
Open Banco Sabadell,2018-04-24,ATP500,Clay,2nd Round,Mannarino A.,Cuevas P.,Mannarino A.,27,46,27,46
Open Banco Sabadell,2018-04-25,ATP500,Clay,2nd Round,Carreno Busta P.,Paire B.,Carreno Busta P.,11,47,11,47
Open Banco Sabadell,2018-04-25,ATP500,Clay,2nd Round,Mayer L.,Khachanov K.,Khachanov K.,45,37,37,45
Open Banco Sabadell,2018-04-26,ATP500,Clay,3rd Round,Mannarino A.,Carreno Busta P.,Carreno Busta P.,27,11,11,27
Open Banco Sabadell,2018-04-26,ATP500,Clay,3rd Round,Khachanov K.,Goffin D.,Goffin D.,37,10,10,37
Open Banco Sabadell,2018-04-27,ATP500,Clay,Quarterfinals,Carreno Busta P.,Dimitrov G.,Carreno Busta P.,11,5,11,5
Open Banco Sabadell,2018-04-27,ATP500,Clay,Quarterfinals,Goffin D.,Bautista Agut R.,Goffin D.,10,15,10,15
Open Banco Sabadell,2018-04-28,ATP500,Clay,Semifinals,Nadal R.,Goffin D.,Nadal R.,1,10,1,10
Millennium Estoril Open,2018-05-03,ATP250,Clay,2nd Round,Tsitsipas S.,Anderson K.,Tsitsipas S.,44,8,44,8
BMW Open,2018-05-04,ATP250,Clay,Quarterfinals,Kohlschreiber P.,Bautista Agut R.,Kohlschreiber P.,34,14,34,14
BMW Open,2018-05-05,ATP250,Clay,Semifinals,Zverev A.,Chung H.,Zverev A.,3,22,3,22
BMW Open,2018-05-06,ATP250,Clay,The Final,Zverev A.,Kohlschreiber P.,Zverev A.,3,34,3,34
Mutua Madrid Open,2018-05-06,Masters 1000,Clay,1st Round,Gasquet R.,Berdych T.,Gasquet R.,29,17,29,17
Mutua Madrid Open,2018-05-07,Masters 1000,Clay,1st Round,Mannarino A.,Schwartzman D.,Schwartzman D.,27,16,16,27
Mutua Madrid Open,2018-05-07,Masters 1000,Clay,1st Round,Paire B.,Pouille L.,Paire B.,50,18,50,18
Mutua Madrid Open,2018-05-07,Masters 1000,Clay,1st Round,Nishikori K.,Djokovic N.,Djokovic N.,20,12,12,20
Mutua Madrid Open,2018-05-08,Masters 1000,Clay,1st Round,Fognini F.,Mayer L.,Mayer L.,19,45,45,19
Mutua Madrid Open,2018-05-08,Masters 1000,Clay,1st Round,Haase R.,Chung H.,Haase R.,44,21,44,21
Mutua Madrid Open,2018-05-08,Masters 1000,Clay,1st Round,Sugita Y.,Kohlschreiber P.,Kohlschreiber P.,46,28,28,46
Mutua Madrid Open,2018-05-08,Masters 1000,Clay,1st Round,Cuevas P.,Sock J.,Cuevas P.,47,15,47,15
Mutua Madrid Open,2018-05-08,Masters 1000,Clay,1st Round,Coric B.,Carreno Busta P.,Coric B.,35,11,35,11
Mutua Madrid Open,2018-05-08,Masters 1000,Clay,2nd Round,Paire B.,Shapovalov D.,Shapovalov D.,50,43,43,50
Mutua Madrid Open,2018-05-08,Masters 1000,Clay,2nd Round,Dimitrov G.,Raonic M.,Raonic M.,4,24,24,4
Mutua Madrid Open,2018-05-08,Masters 1000,Clay,2nd Round,Del Potro J.M.,Dzumhur D.,Del Potro J.M.,6,32,6,32
Mutua Madrid Open,2018-05-09,Masters 1000,Clay,2nd Round,Bautista Agut R.,Kohlschreiber P.,Kohlschreiber P.,14,28,28,14
Mutua Madrid Open,2018-05-09,Masters 1000,Clay,2nd Round,Goffin D.,Haase R.,Goffin D.,10,44,10,44
Mutua Madrid Open,2018-05-09,Masters 1000,Clay,2nd Round,Edmund K.,Djokovic N.,Edmund K.,22,12,22,12
Mutua Madrid Open,2018-05-09,Masters 1000,Clay,2nd Round,Ramos-Vinolas A.,Cuevas P.,Cuevas P.,42,47,47,42
Mutua Madrid Open,2018-05-09,Masters 1000,Clay,2nd Round,Nadal R.,Monfils G.,Nadal R.,1,41,1,41
Mutua Madrid Open,2018-05-09,Masters 1000,Clay,2nd Round,Schwartzman D.,Lopez F.,Schwartzman D.,16,30,16,30
Mutua Madrid Open,2018-05-09,Masters 1000,Clay,2nd Round,Verdasco F.,Mayer L.,Mayer L.,37,45,45,37
Mutua Madrid Open,2018-05-10,Masters 1000,Clay,3rd Round,Goffin D.,Edmund K.,Edmund K.,10,22,22,10
Mutua Madrid Open,2018-05-10,Masters 1000,Clay,3rd Round,Shapovalov D.,Raonic M.,Shapovalov D.,43,24,43,24
Mutua Madrid Open,2018-05-10,Masters 1000,Clay,3rd Round,Kohlschreiber P.,Anderson K.,Anderson K.,28,8,8,28
Mutua Madrid Open,2018-05-10,Masters 1000,Clay,3rd Round,Coric B.,Thiem D.,Thiem D.,35,7,7,35
Mutua Madrid Open,2018-05-10,Masters 1000,Clay,3rd Round,Zverev A.,Mayer L.,Zverev A.,3,45,3,45
Mutua Madrid Open,2018-05-10,Masters 1000,Clay,3rd Round,Cuevas P.,Isner J.,Isner J.,47,9,9,47
Mutua Madrid Open,2018-05-10,Masters 1000,Clay,3rd Round,Nadal R.,Schwartzman D.,Nadal R.,1,16,1,16
Mutua Madrid Open,2018-05-11,Masters 1000,Clay,Quarterfinals,Thiem D.,Nadal R.,Thiem D.,7,1,7,1
Mutua Madrid Open,2018-05-11,Masters 1000,Clay,Quarterfinals,Edmund K.,Shapovalov D.,Shapovalov D.,22,43,43,22
Mutua Madrid Open,2018-05-11,Masters 1000,Clay,Quarterfinals,Zverev A.,Isner J.,Zverev A.,3,9,3,9
Mutua Madrid Open,2018-05-12,Masters 1000,Clay,Semifinals,Anderson K.,Thiem D.,Thiem D.,8,7,7,8
Mutua Madrid Open,2018-05-12,Masters 1000,Clay,Semifinals,Zverev A.,Shapovalov D.,Zverev A.,3,43,3,43
Mutua Madrid Open,2018-05-13,Masters 1000,Clay,The Final,Thiem D.,Zverev A.,Zverev A.,7,3,3,7
Internazionali BNL d'Italia,2018-05-13,Masters 1000,Clay,1st Round,Johnson S.,Wawrinka S.,Johnson S.,48,23,48,23
Internazionali BNL d'Italia,2018-05-13,Masters 1000,Clay,1st Round,Ferrer D.,Sock J.,Sock J.,38,14,14,38
Internazionali BNL d'Italia,2018-05-14,Masters 1000,Clay,1st Round,Medvedev D.,Haase R.,Haase R.,50,44,44,50
Internazionali BNL d'Italia,2018-05-14,Masters 1000,Clay,1st Round,Nishikori K.,Lopez F.,Nishikori K.,24,33,24,33
Internazionali BNL d'Italia,2018-05-14,Masters 1000,Clay,1st Round,Mayer L.,Goffin D.,Goffin D.,42,10,10,42
Internazionali BNL d'Italia,2018-05-14,Masters 1000,Clay,1st Round,Kohlschreiber P.,Khachanov K.,Kohlschreiber P.,28,36,28,36
Internazionali BNL d'Italia,2018-05-14,Masters 1000,Clay,1st Round,Monfils G.,Fognini F.,Fognini F.,39,21,21,39
Internazionali BNL d'Italia,2018-05-15,Masters 1000,Clay,1st Round,Pouille L.,Seppi A.,Pouille L.,16,49,16,49
Internazionali BNL d'Italia,2018-05-15,Masters 1000,Clay,1st Round,Dzumhur D.,Verdasco F.,Dzumhur D.,31,34,31,34
Internazionali BNL d'Italia,2018-05-15,Masters 1000,Clay,1st Round,Berdych T.,Shapovalov D.,Shapovalov D.,17,29,29,17
Internazionali BNL d'Italia,2018-05-15,Masters 1000,Clay,2nd Round,Sock J.,Kohlschreiber P.,Kohlschreiber P.,14,28,28,14
Internazionali BNL d'Italia,2018-05-16,Masters 1000,Clay,2nd Round,Ramos-Vinolas A.,Isner J.,Ramos-Vinolas A.,41,9,41,9
Internazionali BNL d'Italia,2018-05-16,Masters 1000,Clay,2nd Round,Thiem D.,Fognini F.,Fognini F.,8,21,21,8
Internazionali BNL d'Italia,2018-05-16,Masters 1000,Clay,2nd Round,Nishikori K.,Dimitrov G.,Nishikori K.,24,4,24,4
Internazionali BNL d'Italia,2018-05-16,Masters 1000,Clay,2nd Round,Johnson S.,Carreno Busta P.,Carreno Busta P.,48,11,11,48
Internazionali BNL d'Italia,2018-05-16,Masters 1000,Clay,2nd Round,Nadal R.,Dzumhur D.,Nadal R.,2,31,2,31
Internazionali BNL d'Italia,2018-05-16,Masters 1000,Clay,2nd Round,Tsitsipas S.,Del Potro J.M.,Del Potro J.M.,43,6,6,43
Internazionali BNL d'Italia,2018-05-16,Masters 1000,Clay,2nd Round,Haase R.,Shapovalov D.,Shapovalov D.,44,29,29,44
Internazionali BNL d'Italia,2018-05-16,Masters 1000,Clay,2nd Round,Edmund K.,Pouille L.,Edmund K.,19,16,19,16
Internazionali BNL d'Italia,2018-05-17,Masters 1000,Clay,3rd Round,Nadal R.,Shapovalov D.,Nadal R.,2,29,2,29
Internazionali BNL d'Italia,2018-05-17,Masters 1000,Clay,3rd Round,Zverev A.,Edmund K.,Zverev A.,3,19,3,19
Internazionali BNL d'Italia,2018-05-17,Masters 1000,Clay,3rd Round,Ramos-Vinolas A.,Djokovic N.,Djokovic N.,41,18,18,41
Internazionali BNL d'Italia,2018-05-17,Masters 1000,Clay,3rd Round,Nishikori K.,Kohlschreiber P.,Nishikori K.,24,28,24,28
Internazionali BNL d'Italia,2018-05-18,Masters 1000,Clay,Quarterfinals,Fognini F.,Nadal R.,Nadal R.,21,2,2,21
Internazionali BNL d'Italia,2018-05-18,Masters 1000,Clay,Quarterfinals,Cilic M.,Carreno Busta P.,Cilic M.,5,11,5,11
Internazionali BNL d'Italia,2018-05-18,Masters 1000,Clay,Quarterfinals,Nishikori K.,Djokovic N.,Djokovic N.,24,18,18,24
Internazionali BNL d'Italia,2018-05-18,Masters 1000,Clay,Quarterfinals,Zverev A.,Goffin D.,Zverev A.,3,10,3,10
Internazionali BNL d'Italia,2018-05-19,Masters 1000,Clay,Semifinals,Djokovic N.,Nadal R.,Nadal R.,18,2,2,18
Internazionali BNL d'Italia,2018-05-19,Masters 1000,Clay,Semifinals,Zverev A.,Cilic M.,Zverev A.,3,5,3,5
Internazionali BNL d'Italia,2018-05-20,Masters 1000,Clay,The Final,Zverev A.,Nadal R.,Nadal R.,3,2,2,3
Geneva Open,2018-05-22,ATP250,Clay,2nd Round,Gojowczyk P.,Ferrer D.,Gojowczyk P.,49,42,49,42
Geneva Open,2018-05-25,ATP250,Clay,Semifinals,Gojowczyk P.,Fognini F.,Gojowczyk P.,49,19,49,19
French Open,2018-05-27,Grand Slam,Clay,1st Round,Goffin D.,Haase R.,Goffin D.,9,44,9,44
French Open,2018-05-28,Grand Slam,Clay,1st Round,Kohlschreiber P.,Coric B.,Coric B.,24,40,40,24
French Open,2018-05-28,Grand Slam,Clay,1st Round,Gasquet R.,Seppi A.,Gasquet R.,32,50,32,50
French Open,2018-05-29,Grand Slam,Clay,1st Round,Johnson S.,Mannarino A.,Johnson S.,46,26,46,26
French Open,2018-05-31,Grand Slam,Clay,2nd Round,Edmund K.,Fucsovics M.,Edmund K.,17,45,17,45
French Open,2018-05-31,Grand Slam,Clay,2nd Round,Thiem D.,Tsitsipas S.,Thiem D.,8,39,8,39
French Open,2018-06-01,Grand Slam,Clay,3rd Round,Zverev A.,Dzumhur D.,Zverev A.,3,29,3,29
French Open,2018-06-01,Grand Slam,Clay,3rd Round,Dimitrov G.,Verdasco F.,Verdasco F.,5,35,35,5
French Open,2018-06-01,Grand Slam,Clay,3rd Round,Djokovic N.,Bautista Agut R.,Djokovic N.,22,13,22,13
French Open,2018-06-02,Grand Slam,Clay,3rd Round,Fognini F.,Edmund K.,Fognini F.,18,17,18,17
French Open,2018-06-02,Grand Slam,Clay,3rd Round,Khachanov K.,Pouille L.,Khachanov K.,38,16,38,16
French Open,2018-06-02,Grand Slam,Clay,3rd Round,Schwartzman D.,Coric B.,Schwartzman D.,12,40,12,40
French Open,2018-06-02,Grand Slam,Clay,3rd Round,Gasquet R.,Nadal R.,Nadal R.,32,1,1,32
French Open,2018-06-02,Grand Slam,Clay,3rd Round,Goffin D.,Monfils G.,Goffin D.,9,37,9,37
French Open,2018-06-02,Grand Slam,Clay,3rd Round,Johnson S.,Cilic M.,Cilic M.,46,4,4,46
French Open,2018-06-02,Grand Slam,Clay,3rd Round,Del Potro J.M.,Ramos-Vinolas A.,Del Potro J.M.,6,36,6,36
French Open,2018-06-03,Grand Slam,Clay,4th Round,Zverev A.,Khachanov K.,Zverev A.,3,38,3,38
French Open,2018-06-03,Grand Slam,Clay,4th Round,Nishikori K.,Thiem D.,Thiem D.,21,8,8,21
French Open,2018-06-03,Grand Slam,Clay,4th Round,Djokovic N.,Verdasco F.,Djokovic N.,22,35,22,35
French Open,2018-06-04,Grand Slam,Clay,4th Round,Schwartzman D.,Anderson K.,Schwartzman D.,12,7,12,7
French Open,2018-06-04,Grand Slam,Clay,4th Round,Cilic M.,Fognini F.,Cilic M.,4,18,4,18
French Open,2018-06-04,Grand Slam,Clay,4th Round,Isner J.,Del Potro J.M.,Del Potro J.M.,10,6,6,10
French Open,2018-06-05,Grand Slam,Clay,Quarterfinals,Thiem D.,Zverev A.,Thiem D.,8,3,8,3
French Open,2018-06-07,Grand Slam,Clay,Quarterfinals,Del Potro J.M.,Cilic M.,Del Potro J.M.,6,4,6,4
French Open,2018-06-07,Grand Slam,Clay,Quarterfinals,Schwartzman D.,Nadal R.,Nadal R.,12,1,1,12
French Open,2018-06-08,Grand Slam,Clay,Semifinals,Del Potro J.M.,Nadal R.,Nadal R.,6,1,1,6
French Open,2018-06-10,Grand Slam,Clay,The Final,Nadal R.,Thiem D.,Nadal R.,1,8,1,8
Ricoh Open,2018-06-15,ATP250,Grass,Quarterfinals,Gasquet R.,Tsitsipas S.,Gasquet R.,30,37,30,37
Mercedes Cup,2018-06-14,ATP250,Grass,2nd Round,Kyrgios N.,Marterer M.,Kyrgios N.,24,50,24,50
Mercedes Cup,2018-06-14,ATP250,Grass,2nd Round,Paire B.,Berdych T.,Berdych T.,47,19,19,47
Mercedes Cup,2018-06-14,ATP250,Grass,2nd Round,Raonic M.,Fucsovics M.,Raonic M.,35,46,35,46
Mercedes Cup,2018-06-15,ATP250,Grass,Quarterfinals,Raonic M.,Berdych T.,Raonic M.,35,19,35,19
Mercedes Cup,2018-06-15,ATP250,Grass,Quarterfinals,Kyrgios N.,Lopez F.,Kyrgios N.,24,33,24,33
Mercedes Cup,2018-06-16,ATP250,Grass,Semifinals,Pouille L.,Raonic M.,Raonic M.,17,35,35,17
Mercedes Cup,2018-06-16,ATP250,Grass,Semifinals,Federer R.,Kyrgios N.,Federer R.,2,24,2,24
Mercedes Cup,2018-06-17,ATP250,Grass,The Final,Raonic M.,Federer R.,Federer R.,35,2,2,35
Gerry Weber Open,2018-06-18,ATP500,Grass,1st Round,Haase R.,Sousa J.,Haase R.,43,47,43,47
Gerry Weber Open,2018-06-19,ATP500,Grass,1st Round,Paire B.,Johnson S.,Paire B.,48,44,48,44
Gerry Weber Open,2018-06-19,ATP500,Grass,1st Round,Pouille L.,Tsitsipas S.,Tsitsipas S.,18,35,35,18
Gerry Weber Open,2018-06-19,ATP500,Grass,1st Round,Zverev A.,Coric B.,Coric B.,3,34,34,3
Gerry Weber Open,2018-06-20,ATP500,Grass,2nd Round,Haase R.,Bautista Agut R.,Bautista Agut R.,43,16,16,43
Gerry Weber Open,2018-06-20,ATP500,Grass,2nd Round,Khachanov K.,Nishikori K.,Khachanov K.,36,27,36,27
Gerry Weber Open,2018-06-21,ATP500,Grass,2nd Round,Paire B.,Federer R.,Federer R.,48,1,1,48
Gerry Weber Open,2018-06-22,ATP500,Grass,Quarterfinals,Khachanov K.,Bautista Agut R.,Bautista Agut R.,36,16,16,36
Gerry Weber Open,2018-06-22,ATP500,Grass,Quarterfinals,Coric B.,Seppi A.,Coric B.,34,50,34,50
Gerry Weber Open,2018-06-24,ATP500,Grass,The Final,Coric B.,Federer R.,Coric B.,34,1,34,1
AEGON Championships,2018-06-18,ATP500,Grass,1st Round,Shapovalov D.,Muller G.,Muller G.,23,46,46,23
AEGON Championships,2018-06-18,ATP500,Grass,1st Round,Cilic M.,Verdasco F.,Cilic M.,6,33,6,33
AEGON Championships,2018-06-19,ATP500,Grass,1st Round,Dzumhur D.,Dimitrov G.,Dimitrov G.,29,5,5,29
AEGON Championships,2018-06-19,ATP500,Grass,1st Round,Mayer L.,Anderson K.,Mayer L.,38,8,38,8
AEGON Championships,2018-06-19,ATP500,Grass,1st Round,Goffin D.,Lopez F.,Lopez F.,9,37,37,9
AEGON Championships,2018-06-20,ATP500,Grass,2nd Round,Muller G.,Cilic M.,Cilic M.,46,6,6,46
AEGON Championships,2018-06-21,ATP500,Grass,2nd Round,Kyrgios N.,Edmund K.,Kyrgios N.,21,17,21,17
AEGON Championships,2018-06-21,ATP500,Grass,2nd Round,Dimitrov G.,Djokovic N.,Djokovic N.,5,22,22,5
AEGON Championships,2018-06-22,ATP500,Grass,Quarterfinals,Querrey S.,Cilic M.,Cilic M.,13,6,6,13
AEGON Championships,2018-06-22,ATP500,Grass,Quarterfinals,Kyrgios N.,Lopez F.,Kyrgios N.,21,37,21,37
AEGON Championships,2018-06-22,ATP500,Grass,Quarterfinals,Mannarino A.,Djokovic N.,Djokovic N.,26,22,22,26
AEGON Championships,2018-06-23,ATP500,Grass,Semifinals,Kyrgios N.,Cilic M.,Cilic M.,21,6,6,21
AEGON Championships,2018-06-24,ATP500,Grass,The Final,Djokovic N.,Cilic M.,Cilic M.,22,6,6,22
Antalya Open,2018-06-28,ATP250,Grass,Quarterfinals,Mannarino A.,Sousa J.,Mannarino A.,24,47,24,47
Antalya Open,2018-06-29,ATP250,Grass,Semifinals,Monfils G.,Mannarino A.,Mannarino A.,41,24,24,41
Antalya Open,2018-06-30,ATP250,Grass,The Final,Dzumhur D.,Mannarino A.,Dzumhur D.,30,24,30,24
Wimbledon,2018-07-02,Grand Slam,Grass,1st Round,Monfils G.,Gasquet R.,Monfils G.,44,31,44,31
Wimbledon,2018-07-03,Grand Slam,Grass,1st Round,Gojowczyk P.,Del Potro J.M.,Del Potro J.M.,39,4,4,39
Wimbledon,2018-07-03,Grand Slam,Grass,1st Round,Dzumhur D.,Marterer M.,Dzumhur D.,23,48,23,48
Wimbledon,2018-07-03,Grand Slam,Grass,1st Round,Khachanov K.,Ferrer D.,Khachanov K.,40,37,40,37
Wimbledon,2018-07-03,Grand Slam,Grass,1st Round,Shapovalov D.,Chardy J.,Shapovalov D.,25,46,25,46
Wimbledon,2018-07-05,Grand Slam,Grass,2nd Round,Seppi A.,Anderson K.,Anderson K.,50,8,8,50
Wimbledon,2018-07-05,Grand Slam,Grass,2nd Round,Haase R.,Kyrgios N.,Kyrgios N.,43,18,18,43
Wimbledon,2018-07-05,Grand Slam,Grass,2nd Round,Shapovalov D.,Paire B.,Paire B.,25,47,47,25
Wimbledon,2018-07-06,Grand Slam,Grass,3rd Round,Kohlschreiber P.,Anderson K.,Anderson K.,27,8,8,27
Wimbledon,2018-07-06,Grand Slam,Grass,3rd Round,Monfils G.,Querrey S.,Monfils G.,44,13,44,13
Wimbledon,2018-07-07,Grand Slam,Grass,3rd Round,Del Potro J.M.,Paire B.,Del Potro J.M.,4,47,4,47
Wimbledon,2018-07-07,Grand Slam,Grass,3rd Round,Edmund K.,Djokovic N.,Djokovic N.,17,21,21,17
Wimbledon,2018-07-07,Grand Slam,Grass,3rd Round,Nishikori K.,Kyrgios N.,Nishikori K.,28,18,28,18
Wimbledon,2018-07-09,Grand Slam,Grass,4th Round,Mannarino A.,Federer R.,Federer R.,26,2,2,26
Wimbledon,2018-07-09,Grand Slam,Grass,4th Round,Isner J.,Tsitsipas S.,Isner J.,10,35,10,35
Wimbledon,2018-07-09,Grand Slam,Grass,4th Round,Monfils G.,Anderson K.,Anderson K.,44,8,8,44
Wimbledon,2018-07-09,Grand Slam,Grass,4th Round,Khachanov K.,Djokovic N.,Djokovic N.,40,21,21,40
Wimbledon,2018-07-11,Grand Slam,Grass,Quarterfinals,Nishikori K.,Djokovic N.,Djokovic N.,28,21,21,28
Wimbledon,2018-07-11,Grand Slam,Grass,Quarterfinals,Anderson K.,Federer R.,Anderson K.,8,2,8,2
Wimbledon,2018-07-11,Grand Slam,Grass,Quarterfinals,Del Potro J.M.,Nadal R.,Nadal R.,4,1,1,4
Wimbledon,2018-07-11,Grand Slam,Grass,Quarterfinals,Isner J.,Raonic M.,Isner J.,10,32,10,32
Wimbledon,2018-07-13,Grand Slam,Grass,Semifinals,Isner J.,Anderson K.,Anderson K.,10,8,8,10
Wimbledon,2018-07-14,Grand Slam,Grass,Semifinals,Djokovic N.,Nadal R.,Djokovic N.,21,1,21,1
Wimbledon,2018-07-15,Grand Slam,Grass,The Final,Anderson K.,Djokovic N.,Djokovic N.,8,21,21,8
SkiStar Swedish Open,2018-07-20,ATP250,Clay,Quarterfinals,Verdasco F.,Carreno Busta P.,Verdasco F.,33,13,33,13
SkiStar Swedish Open,2018-07-21,ATP250,Clay,Semifinals,Fognini F.,Verdasco F.,Fognini F.,15,33,15,33
SkiStar Swedish Open,2018-07-22,ATP250,Clay,The Final,Fognini F.,Gasquet R.,Fognini F.,15,29,15,29
Croatia Open,2018-07-20,ATP250,Clay,Quarterfinals,Rublev A.,Haase R.,Haase R.,35,38,38,35
BB&T Atlanta Open,2018-07-27,ATP250,Hard,Quarterfinals,Zverev M.,Isner J.,Isner J.,45,9,9,45
German Tennis Championships,2018-07-23,ATP500,Clay,1st Round,Ramos-Vinolas A.,Mayer L.,Mayer L.,40,36,36,40
German Tennis Championships,2018-07-24,ATP500,Clay,1st Round,Monfils G.,Cecchinato M.,Monfils G.,37,22,37,22
German Tennis Championships,2018-07-25,ATP500,Clay,2nd Round,Mayer L.,Monfils G.,Mayer L.,36,37,36,37
German Tennis Championships,2018-07-26,ATP500,Clay,2nd Round,Thiem D.,Millman J.,Thiem D.,8,50,8,50
German Tennis Championships,2018-07-27,ATP500,Clay,Quarterfinals,Mayer L.,Schwartzman D.,Mayer L.,36,12,36,12
Abierto Mexicano Mifel,2018-08-04,ATP250,Hard,Semifinals,Del Potro J.M.,Dzumhur D.,Del Potro J.M.,4,24,4,24
Abierto Mexicano Mifel,2018-08-05,ATP250,Hard,The Final,Del Potro J.M.,Fognini F.,Fognini F.,4,15,15,4
Citi Open,2018-08-03,ATP500,Hard,3rd Round,Zverev A.,Zverev M.,Zverev A.,3,42,3,42
Citi Open,2018-08-03,ATP500,Hard,3rd Round,Tiafoe F.,Goffin D.,Goffin D.,41,11,11,41
Citi Open,2018-08-03,ATP500,Hard,3rd Round,Nishikori K.,Shapovalov D.,Nishikori K.,20,26,20,26
Citi Open,2018-08-03,ATP500,Hard,Quarterfinals,Goffin D.,Tsitsipas S.,Tsitsipas S.,11,32,32,11
Citi Open,2018-08-04,ATP500,Hard,Quarterfinals,Zverev A.,Nishikori K.,Zverev A.,3,20,3,20
Citi Open,2018-08-04,ATP500,Hard,Semifinals,Zverev A.,Tsitsipas S.,Zverev A.,3,32,3,32
Rogers Masters,2018-08-06,Masters 1000,Hard,1st Round,Verdasco F.,Gojowczyk P.,Verdasco F.,31,48,31,48
Rogers Masters,2018-08-07,Masters 1000,Hard,1st Round,Goffin D.,Raonic M.,Raonic M.,11,29,29,11
Rogers Masters,2018-08-07,Masters 1000,Hard,1st Round,Schwartzman D.,Edmund K.,Schwartzman D.,12,16,12,16
Rogers Masters,2018-08-07,Masters 1000,Hard,1st Round,Khachanov K.,Krajinovic F.,Khachanov K.,38,30,38,30
Rogers Masters,2018-08-07,Masters 1000,Hard,1st Round,Nishikori K.,Haase R.,Haase R.,22,39,39,22
Rogers Masters,2018-08-07,Masters 1000,Hard,1st Round,Querrey S.,Mannarino A.,Querrey S.,32,25,32,25
Rogers Masters,2018-08-07,Masters 1000,Hard,1st Round,Dzumhur D.,Tsitsipas S.,Tsitsipas S.,24,27,27,24
Rogers Masters,2018-08-07,Masters 1000,Hard,1st Round,Tiafoe F.,Cecchinato M.,Tiafoe F.,41,21,41,21
Rogers Masters,2018-08-07,Masters 1000,Hard,1st Round,Fognini F.,Johnson S.,Fognini F.,14,33,14,33
Rogers Masters,2018-08-08,Masters 1000,Hard,1st Round,Chardy J.,Shapovalov D.,Shapovalov D.,46,26,26,46
Rogers Masters,2018-08-07,Masters 1000,Hard,2nd Round,Dimitrov G.,Verdasco F.,Dimitrov G.,5,31,5,31
Rogers Masters,2018-08-08,Masters 1000,Hard,2nd Round,Coric B.,Cilic M.,Cilic M.,20,7,7,20
Rogers Masters,2018-08-08,Masters 1000,Hard,2nd Round,Khachanov K.,Carreno Busta P.,Khachanov K.,38,13,38,13
Rogers Masters,2018-08-08,Masters 1000,Hard,2nd Round,Tiafoe F.,Raonic M.,Tiafoe F.,41,29,41,29
Rogers Masters,2018-08-08,Masters 1000,Hard,2nd Round,Shapovalov D.,Fognini F.,Shapovalov D.,26,14,26,14
Rogers Masters,2018-08-08,Masters 1000,Hard,2nd Round,Thiem D.,Tsitsipas S.,Tsitsipas S.,8,27,27,8
Rogers Masters,2018-08-09,Masters 1000,Hard,2nd Round,Querrey S.,Schwartzman D.,Schwartzman D.,32,12,12,32
Rogers Masters,2018-08-09,Masters 1000,Hard,3rd Round,Dimitrov G.,Tiafoe F.,Dimitrov G.,5,41,5,41
Rogers Masters,2018-08-09,Masters 1000,Hard,3rd Round,Tsitsipas S.,Djokovic N.,Tsitsipas S.,27,10,27,10
Rogers Masters,2018-08-09,Masters 1000,Hard,3rd Round,Schwartzman D.,Cilic M.,Cilic M.,12,7,7,12
Rogers Masters,2018-08-09,Masters 1000,Hard,3rd Round,Shapovalov D.,Haase R.,Haase R.,26,39,39,26
Rogers Masters,2018-08-09,Masters 1000,Hard,3rd Round,Khachanov K.,Isner J.,Khachanov K.,38,9,38,9
Rogers Masters,2018-08-10,Masters 1000,Hard,Quarterfinals,Anderson K.,Dimitrov G.,Anderson K.,6,5,6,5
Rogers Masters,2018-08-10,Masters 1000,Hard,Quarterfinals,Zverev A.,Tsitsipas S.,Tsitsipas S.,3,27,27,3
Rogers Masters,2018-08-10,Masters 1000,Hard,Quarterfinals,Khachanov K.,Haase R.,Khachanov K.,38,39,38,39
Rogers Masters,2018-08-11,Masters 1000,Hard,Quarterfinals,Cilic M.,Nadal R.,Nadal R.,7,1,1,7
Rogers Masters,2018-08-11,Masters 1000,Hard,Semifinals,Tsitsipas S.,Anderson K.,Tsitsipas S.,27,6,27,6
Rogers Masters,2018-08-12,Masters 1000,Hard,Semifinals,Khachanov K.,Nadal R.,Nadal R.,38,1,1,38
Rogers Masters,2018-08-12,Masters 1000,Hard,The Final,Nadal R.,Tsitsipas S.,Nadal R.,1,27,1,27
Western & Southern Financial Group Masters,2018-08-12,Masters 1000,Hard,1st Round,Cecchinato M.,Mannarino A.,Mannarino A.,22,28,28,22
Western & Southern Financial Group Masters,2018-08-13,Masters 1000,Hard,1st Round,Gasquet R.,Carreno Busta P.,Carreno Busta P.,26,13,13,26
Western & Southern Financial Group Masters,2018-08-13,Masters 1000,Hard,1st Round,Rublev A.,Nishikori K.,Nishikori K.,37,23,23,37
Western & Southern Financial Group Masters,2018-08-13,Masters 1000,Hard,1st Round,Tiafoe F.,Shapovalov D.,Shapovalov D.,38,32,32,38
Western & Southern Financial Group Masters,2018-08-13,Masters 1000,Hard,1st Round,Isner J.,Querrey S.,Querrey S.,9,34,34,9
Western & Southern Financial Group Masters,2018-08-13,Masters 1000,Hard,1st Round,Chardy J.,Verdasco F.,Chardy J.,46,30,46,30
Western & Southern Financial Group Masters,2018-08-14,Masters 1000,Hard,1st Round,Djokovic N.,Johnson S.,Djokovic N.,10,33,10,33
Western & Southern Financial Group Masters,2018-08-14,Masters 1000,Hard,1st Round,Sock J.,Chung H.,Chung H.,20,25,25,20
Western & Southern Financial Group Masters,2018-08-14,Masters 1000,Hard,1st Round,Khachanov K.,Ramos-Vinolas A.,Khachanov K.,27,41,27,41
Western & Southern Financial Group Masters,2018-08-14,Masters 1000,Hard,1st Round,Goffin D.,Tsitsipas S.,Goffin D.,11,15,11,15
Western & Southern Financial Group Masters,2018-08-14,Masters 1000,Hard,1st Round,Zverev M.,Dzumhur D.,Zverev M.,44,24,44,24
Western & Southern Financial Group Masters,2018-08-14,Masters 1000,Hard,2nd Round,Pouille L.,Mayer L.,Mayer L.,17,50,50,17
Western & Southern Financial Group Masters,2018-08-15,Masters 1000,Hard,2nd Round,Federer R.,Gojowczyk P.,Federer R.,2,47,2,47
Western & Southern Financial Group Masters,2018-08-15,Masters 1000,Hard,2nd Round,Edmund K.,Shapovalov D.,Shapovalov D.,16,32,32,16
Western & Southern Financial Group Masters,2018-08-15,Masters 1000,Hard,2nd Round,Djokovic N.,Mannarino A.,Djokovic N.,10,28,10,28
Western & Southern Financial Group Masters,2018-08-15,Masters 1000,Hard,2nd Round,Anderson K.,Chardy J.,Anderson K.,6,46,6,46
Western & Southern Financial Group Masters,2018-08-15,Masters 1000,Hard,2nd Round,Querrey S.,Khachanov K.,Khachanov K.,34,27,27,34
Western & Southern Financial Group Masters,2018-08-15,Masters 1000,Hard,2nd Round,Dimitrov G.,Zverev M.,Dimitrov G.,5,44,5,44
Western & Southern Financial Group Masters,2018-08-16,Masters 1000,Hard,2nd Round,Kyrgios N.,Coric B.,Kyrgios N.,18,21,18,21
Western & Southern Financial Group Masters,2018-08-16,Masters 1000,Hard,2nd Round,Del Potro J.M.,Chung H.,Del Potro J.M.,3,25,3,25
Western & Southern Financial Group Masters,2018-08-16,Masters 1000,Hard,3rd Round,Shapovalov D.,Raonic M.,Raonic M.,32,29,29,32
Western & Southern Financial Group Masters,2018-08-17,Masters 1000,Hard,3rd Round,Kyrgios N.,Del Potro J.M.,Del Potro J.M.,18,3,3,18
Western & Southern Financial Group Masters,2018-08-17,Masters 1000,Hard,3rd Round,Goffin D.,Anderson K.,Goffin D.,11,6,11,6
Western & Southern Financial Group Masters,2018-08-17,Masters 1000,Hard,3rd Round,Dimitrov G.,Djokovic N.,Djokovic N.,5,10,10,5
Western & Southern Financial Group Masters,2018-08-17,Masters 1000,Hard,3rd Round,Cilic M.,Khachanov K.,Cilic M.,7,27,7,27
Western & Southern Financial Group Masters,2018-08-17,Masters 1000,Hard,3rd Round,Federer R.,Mayer L.,Federer R.,2,50,2,50
Western & Southern Financial Group Masters,2018-08-17,Masters 1000,Hard,Quarterfinals,Carreno Busta P.,Cilic M.,Cilic M.,13,7,7,13
Western & Southern Financial Group Masters,2018-08-17,Masters 1000,Hard,Quarterfinals,Djokovic N.,Raonic M.,Djokovic N.,10,29,10,29
Western & Southern Financial Group Masters,2018-08-18,Masters 1000,Hard,Quarterfinals,Del Potro J.M.,Goffin D.,Goffin D.,3,11,11,3
Western & Southern Financial Group Masters,2018-08-18,Masters 1000,Hard,Semifinals,Cilic M.,Djokovic N.,Djokovic N.,7,10,10,7
Western & Southern Financial Group Masters,2018-08-19,Masters 1000,Hard,The Final,Djokovic N.,Federer R.,Djokovic N.,10,2,10,2
Winston-Salem Open at Wake Forest University,2018-08-21,ATP250,Hard,2nd Round,Jarry N.,Seppi A.,Jarry N.,47,50,47,50
Winston-Salem Open at Wake Forest University,2018-08-22,ATP250,Hard,2nd Round,Mayer L.,Edmund K.,Edmund K.,41,16,16,41
Winston-Salem Open at Wake Forest University,2018-08-23,ATP250,Hard,3rd Round,Gojowczyk P.,Carreno Busta P.,Carreno Busta P.,45,12,12,45
Winston-Salem Open at Wake Forest University,2018-08-23,ATP250,Hard,Quarterfinals,Johnson S.,Edmund K.,Johnson S.,34,16,34,16
Winston-Salem Open at Wake Forest University,2018-08-23,ATP250,Hard,Quarterfinals,Chung H.,Carreno Busta P.,Carreno Busta P.,23,12,12,23
Winston-Salem Open at Wake Forest University,2018-08-25,ATP250,Hard,Semifinals,Carreno Busta P.,Johnson S.,Johnson S.,12,34,34,12
US Open,2018-08-27,Grand Slam,Hard,1st Round,Gojowczyk P.,Jarry N.,Jarry N.,47,42,42,47
US Open,2018-08-27,Grand Slam,Hard,1st Round,Rublev A.,Chardy J.,Chardy J.,38,46,46,38
US Open,2018-08-28,Grand Slam,Hard,1st Round,Djokovic N.,Fucsovics M.,Djokovic N.,6,41,6,41
US Open,2018-08-28,Grand Slam,Hard,1st Round,Tiafoe F.,Mannarino A.,Tiafoe F.,44,29,44,29
US Open,2018-08-28,Grand Slam,Hard,1st Round,Marterer M.,Nishikori K.,Nishikori K.,50,19,19,50
US Open,2018-08-29,Grand Slam,Hard,2nd Round,Tsitsipas S.,Medvedev D.,Medvedev D.,15,36,36,15
US Open,2018-08-29,Grand Slam,Hard,2nd Round,Simon G.,Raonic M.,Raonic M.,40,24,24,40
US Open,2018-08-29,Grand Slam,Hard,2nd Round,Thiem D.,Johnson S.,Thiem D.,9,31,9,31
US Open,2018-08-29,Grand Slam,Hard,2nd Round,Isner J.,Jarry N.,Isner J.,11,42,11,42
US Open,2018-08-29,Grand Slam,Hard,2nd Round,Anderson K.,Chardy J.,Anderson K.,5,46,5,46
US Open,2018-08-30,Grand Slam,Hard,2nd Round,Sock J.,Basilashvili N.,Basilashvili N.,18,37,37,18
US Open,2018-08-30,Grand Slam,Hard,2nd Round,Goffin D.,Haase R.,Goffin D.,10,49,10,49
US Open,2018-08-30,Grand Slam,Hard,2nd Round,Tiafoe F.,De Minaur A.,De Minaur A.,44,45,45,44
US Open,2018-08-31,Grand Slam,Hard,3rd Round,Khachanov K.,Nadal R.,Nadal R.,26,1,1,26
US Open,2018-08-31,Grand Slam,Hard,3rd Round,Anderson K.,Shapovalov D.,Anderson K.,5,28,5,28
US Open,2018-09-01,Grand Slam,Hard,3rd Round,Coric B.,Medvedev D.,Coric B.,20,36,20,36
US Open,2018-09-01,Grand Slam,Hard,3rd Round,Del Potro J.M.,Verdasco F.,Del Potro J.M.,3,32,3,32
US Open,2018-09-01,Grand Slam,Hard,3rd Round,Federer R.,Kyrgios N.,Federer R.,2,30,2,30
US Open,2018-09-01,Grand Slam,Hard,3rd Round,Kohlschreiber P.,Zverev A.,Kohlschreiber P.,34,4,34,4
US Open,2018-09-01,Grand Slam,Hard,3rd Round,Schwartzman D.,Nishikori K.,Nishikori K.,13,19,19,13
US Open,2018-09-02,Grand Slam,Hard,3rd Round,Gasquet R.,Djokovic N.,Djokovic N.,25,6,6,25
US Open,2018-09-02,Grand Slam,Hard,3rd Round,Cilic M.,De Minaur A.,Cilic M.,7,45,7,45
US Open,2018-09-02,Grand Slam,Hard,4th Round,Anderson K.,Thiem D.,Thiem D.,5,9,9,5
US Open,2018-09-02,Grand Slam,Hard,4th Round,Nadal R.,Basilashvili N.,Nadal R.,1,37,1,37
US Open,2018-09-02,Grand Slam,Hard,4th Round,Raonic M.,Isner J.,Isner J.,24,11,11,24
US Open,2018-09-03,Grand Slam,Hard,4th Round,Del Potro J.M.,Coric B.,Del Potro J.M.,3,20,3,20
US Open,2018-09-03,Grand Slam,Hard,4th Round,Kohlschreiber P.,Nishikori K.,Nishikori K.,34,19,19,34
US Open,2018-09-03,Grand Slam,Hard,4th Round,Goffin D.,Cilic M.,Cilic M.,10,7,7,10
US Open,2018-09-04,Grand Slam,Hard,Quarterfinals,Isner J.,Del Potro J.M.,Del Potro J.M.,11,3,3,11
US Open,2018-09-05,Grand Slam,Hard,Quarterfinals,Nadal R.,Thiem D.,Nadal R.,1,9,1,9
US Open,2018-09-05,Grand Slam,Hard,Quarterfinals,Cilic M.,Nishikori K.,Nishikori K.,7,19,19,7
US Open,2018-09-08,Grand Slam,Hard,Semifinals,Nishikori K.,Djokovic N.,Djokovic N.,19,6,6,19
US Open,2018-09-09,Grand Slam,Hard,The Final,Djokovic N.,Del Potro J.M.,Djokovic N.,6,3,6,3
Open de Moselle,2018-09-19,ATP250,Hard,1st Round,Mannarino A.,Fucsovics M.,Fucsovics M.,32,43,43,32
Open de Moselle,2018-09-19,ATP250,Hard,2nd Round,Gojowczyk P.,Nishikori K.,Nishikori K.,45,12,12,45
Open de Moselle,2018-09-20,ATP250,Hard,2nd Round,Simon G.,Krajinovic F.,Simon G.,39,33,39,33
Open de Moselle,2018-09-21,ATP250,Hard,Quarterfinals,Simon G.,Gasquet R.,Simon G.,39,25,39,25
Open de Moselle,2018-09-21,ATP250,Hard,Quarterfinals,Basilashvili N.,Nishikori K.,Nishikori K.,31,12,12,31
St. Petersburg Open,2018-09-18,ATP250,Hard,1st Round,Medvedev D.,Sousa J.,Medvedev D.,35,49,35,49
St. Petersburg Open,2018-09-20,ATP250,Hard,2nd Round,Thiem D.,Struff J.L.,Thiem D.,8,50,8,50
St. Petersburg Open,2018-09-21,ATP250,Hard,Quarterfinals,Bautista Agut R.,Cecchinato M.,Bautista Agut R.,26,22,26,22
St. Petersburg Open,2018-09-21,ATP250,Hard,Quarterfinals,Thiem D.,Medvedev D.,Thiem D.,8,35,8,35
St. Petersburg Open,2018-09-22,ATP250,Hard,Semifinals,Thiem D.,Bautista Agut R.,Thiem D.,8,26,8,26
Chengdu Open,2018-09-28,ATP250,Hard,Quarterfinals,Ebden M.,Fognini F.,Fognini F.,47,13,13,47
Shenzhen Open,2018-09-28,ATP250,Hard,Quarterfinals,De Minaur A.,Dzumhur D.,De Minaur A.,40,39,40,39
China Open,2018-10-01,ATP500,Hard,1st Round,Fucsovics M.,Seppi A.,Fucsovics M.,45,46,45,46
China Open,2018-10-02,ATP500,Hard,1st Round,Monfils G.,Verdasco F.,Verdasco F.,39,28,28,39
China Open,2018-10-02,ATP500,Hard,1st Round,Basilashvili N.,Sock J.,Basilashvili N.,34,17,34,17
China Open,2018-10-02,ATP500,Hard,1st Round,Ramos-Vinolas A.,Del Potro J.M.,Del Potro J.M.,50,4,4,50
China Open,2018-10-02,ATP500,Hard,1st Round,Bautista Agut R.,Zverev A.,Zverev A.,26,5,5,26
China Open,2018-10-03,ATP500,Hard,2nd Round,Khachanov K.,Del Potro J.M.,Del Potro J.M.,24,4,4,24
China Open,2018-10-04,ATP500,Hard,2nd Round,Fucsovics M.,Cecchinato M.,Fucsovics M.,45,22,45,22
China Open,2018-10-04,ATP500,Hard,2nd Round,Basilashvili N.,Verdasco F.,Basilashvili N.,34,28,34,28
China Open,2018-10-05,ATP500,Hard,Quarterfinals,Fognini F.,Fucsovics M.,Fognini F.,13,45,13,45
China Open,2018-10-05,ATP500,Hard,Quarterfinals,Krajinovic F.,Del Potro J.M.,Del Potro J.M.,36,4,4,36
China Open,2018-10-06,ATP500,Hard,Semifinals,Basilashvili N.,Edmund K.,Basilashvili N.,34,16,34,16
China Open,2018-10-07,ATP500,Hard,The Final,Del Potro J.M.,Basilashvili N.,Basilashvili N.,4,34,34,4
Rakuten Japan Open Tennis Championships,2018-10-01,ATP500,Hard,1st Round,Raonic M.,Mannarino A.,Raonic M.,20,33,20,33
Rakuten Japan Open Tennis Championships,2018-10-01,ATP500,Hard,1st Round,Shapovalov D.,Chung H.,Shapovalov D.,31,23,31,23
Rakuten Japan Open Tennis Championships,2018-10-01,ATP500,Hard,1st Round,Medvedev D.,Schwartzman D.,Medvedev D.,32,14,32,14
Rakuten Japan Open Tennis Championships,2018-10-02,ATP500,Hard,1st Round,Dzumhur D.,Chardy J.,Chardy J.,40,42,42,40
Rakuten Japan Open Tennis Championships,2018-10-03,ATP500,Hard,1st Round,De Minaur A.,Simon G.,De Minaur A.,38,29,38,29
Rakuten Japan Open Tennis Championships,2018-10-03,ATP500,Hard,1st Round,Ebden M.,Anderson K.,Anderson K.,48,9,9,48
Rakuten Japan Open Tennis Championships,2018-10-04,ATP500,Hard,2nd Round,De Minaur A.,Tsitsipas S.,Tsitsipas S.,38,15,15,38
Rakuten Japan Open Tennis Championships,2018-10-04,ATP500,Hard,2nd Round,Anderson K.,Tiafoe F.,Anderson K.,9,41,9,41
Rakuten Japan Open Tennis Championships,2018-10-04,ATP500,Hard,2nd Round,Kyrgios N.,Gasquet R.,Gasquet R.,27,25,25,27
Rakuten Japan Open Tennis Championships,2018-10-05,ATP500,Hard,Quarterfinals,Raonic M.,Medvedev D.,Medvedev D.,20,32,32,20
Rakuten Japan Open Tennis Championships,2018-10-05,ATP500,Hard,Quarterfinals,Nishikori K.,Tsitsipas S.,Nishikori K.,12,15,12,15
Rakuten Japan Open Tennis Championships,2018-10-05,ATP500,Hard,Quarterfinals,Anderson K.,Gasquet R.,Gasquet R.,9,25,25,9
Rakuten Japan Open Tennis Championships,2018-10-06,ATP500,Hard,Semifinals,Medvedev D.,Shapovalov D.,Medvedev D.,32,31,32,31
Rakuten Japan Open Tennis Championships,2018-10-06,ATP500,Hard,Semifinals,Gasquet R.,Nishikori K.,Nishikori K.,25,12,12,25
Rakuten Japan Open Tennis Championships,2018-10-07,ATP500,Hard,The Final,Medvedev D.,Nishikori K.,Medvedev D.,32,12,32,12
Shanghai Masters,2018-10-07,Masters 1000,Hard,1st Round,Khachanov K.,Johnson S.,Khachanov K.,27,32,27,32
Shanghai Masters,2018-10-08,Masters 1000,Hard,1st Round,Dzumhur D.,Fucsovics M.,Fucsovics M.,39,42,42,39
Shanghai Masters,2018-10-08,Masters 1000,Hard,1st Round,Tsitsipas S.,Monfils G.,Tsitsipas S.,15,37,15,37
Shanghai Masters,2018-10-08,Masters 1000,Hard,1st Round,Simon G.,Cecchinato M.,Cecchinato M.,31,21,21,31
Shanghai Masters,2018-10-08,Masters 1000,Hard,1st Round,Mannarino A.,Seppi A.,Seppi A.,46,47,47,46
Shanghai Masters,2018-10-09,Masters 1000,Hard,1st Round,Basilashvili N.,Shapovalov D.,Basilashvili N.,23,29,23,29
Shanghai Masters,2018-10-09,Masters 1000,Hard,1st Round,Edmund K.,Krajinovic F.,Edmund K.,14,35,14,35
Shanghai Masters,2018-10-09,Masters 1000,Hard,2nd Round,Chardy J.,Djokovic N.,Djokovic N.,41,3,3,41
Shanghai Masters,2018-10-09,Masters 1000,Hard,2nd Round,Jarry N.,Cilic M.,Jarry N.,48,6,48,6
Shanghai Masters,2018-10-10,Masters 1000,Hard,2nd Round,Zverev A.,Basilashvili N.,Zverev A.,5,23,5,23
Shanghai Masters,2018-10-10,Masters 1000,Hard,2nd Round,Edmund K.,Seppi A.,Edmund K.,14,47,14,47
Shanghai Masters,2018-10-10,Masters 1000,Hard,2nd Round,Khachanov K.,Tsitsipas S.,Tsitsipas S.,27,15,15,27
Shanghai Masters,2018-10-10,Masters 1000,Hard,2nd Round,Cecchinato M.,Chung H.,Cecchinato M.,21,26,21,26
Shanghai Masters,2018-10-10,Masters 1000,Hard,2nd Round,Gasquet R.,Del Potro J.M.,Del Potro J.M.,25,4,4,25
Shanghai Masters,2018-10-10,Masters 1000,Hard,2nd Round,Federer R.,Medvedev D.,Federer R.,2,22,2,22
Shanghai Masters,2018-10-11,Masters 1000,Hard,3rd Round,Jarry N.,Edmund K.,Edmund K.,48,14,14,48
Shanghai Masters,2018-10-11,Masters 1000,Hard,3rd Round,Zverev A.,De Minaur A.,Zverev A.,5,33,5,33
Shanghai Masters,2018-10-11,Masters 1000,Hard,3rd Round,Tsitsipas S.,Anderson K.,Anderson K.,15,8,8,15
Shanghai Masters,2018-10-11,Masters 1000,Hard,3rd Round,Djokovic N.,Cecchinato M.,Djokovic N.,3,21,3,21
Shanghai Masters,2018-10-11,Masters 1000,Hard,3rd Round,Federer R.,Bautista Agut R.,Federer R.,2,28,2,28
Shanghai Masters,2018-10-12,Masters 1000,Hard,Quarterfinals,Zverev A.,Edmund K.,Zverev A.,5,14,5,14
Shanghai Masters,2018-10-12,Masters 1000,Hard,Quarterfinals,Anderson K.,Djokovic N.,Djokovic N.,8,3,3,8
Shanghai Masters,2018-10-12,Masters 1000,Hard,Quarterfinals,Nishikori K.,Federer R.,Federer R.,12,2,2,12
Shanghai Masters,2018-10-13,Masters 1000,Hard,Semifinals,Djokovic N.,Zverev A.,Djokovic N.,3,5,3,5
Shanghai Masters,2018-10-13,Masters 1000,Hard,Semifinals,Federer R.,Coric B.,Coric B.,2,19,19,2
Shanghai Masters,2018-10-14,Masters 1000,Hard,The Final,Djokovic N.,Coric B.,Djokovic N.,3,19,3,19
European Open,2018-10-19,ATP250,Hard,Quarterfinals,Simon G.,Schwartzman D.,Schwartzman D.,32,17,17,32
European Open,2018-10-20,ATP250,Hard,Semifinals,Monfils G.,Schwartzman D.,Monfils G.,38,17,38,17
European Open,2018-10-20,ATP250,Hard,Semifinals,Gasquet R.,Edmund K.,Edmund K.,28,15,15,28
European Open,2018-10-21,ATP250,Hard,The Final,Edmund K.,Monfils G.,Edmund K.,15,38,15,38
Kremlin Cup,2018-10-16,ATP250,Hard,1st Round,Klizan M.,Seppi A.,Seppi A.,47,46,46,47
Kremlin Cup,2018-10-17,ATP250,Hard,2nd Round,Cecchinato M.,Mannarino A.,Mannarino A.,19,49,49,19
Kremlin Cup,2018-10-18,ATP250,Hard,2nd Round,Medvedev D.,Lajovic D.,Medvedev D.,21,50,21,50
Kremlin Cup,2018-10-19,ATP250,Hard,Quarterfinals,Seppi A.,Krajinovic F.,Seppi A.,46,34,46,34
Kremlin Cup,2018-10-20,ATP250,Hard,Semifinals,Seppi A.,Mannarino A.,Mannarino A.,46,49,49,46
Kremlin Cup,2018-10-20,ATP250,Hard,Semifinals,Khachanov K.,Medvedev D.,Khachanov K.,26,21,26,21
Kremlin Cup,2018-10-21,ATP250,Hard,The Final,Mannarino A.,Khachanov K.,Khachanov K.,49,26,26,49
Stockholm Open,2018-10-16,ATP250,Hard,1st Round,Verdasco F.,Ebden M.,Verdasco F.,29,40,29,40
Stockholm Open,2018-10-16,ATP250,Hard,1st Round,De Minaur A.,Kohlschreiber P.,Kohlschreiber P.,31,35,35,31
Stockholm Open,2018-10-17,ATP250,Hard,2nd Round,Tsitsipas S.,Millman J.,Tsitsipas S.,16,33,16,33
Stockholm Open,2018-10-18,ATP250,Hard,2nd Round,Verdasco F.,Kohlschreiber P.,Kohlschreiber P.,29,35,35,29
Stockholm Open,2018-10-19,ATP250,Hard,Quarterfinals,Tsitsipas S.,Kohlschreiber P.,Tsitsipas S.,16,35,16,35
Stockholm Open,2018-10-20,ATP250,Hard,Semifinals,Fognini F.,Tsitsipas S.,Tsitsipas S.,14,16,16,14
Swiss Indoors,2018-10-22,ATP500,Hard,1st Round,Shapovalov D.,Cilic M.,Cilic M.,29,6,6,29
Swiss Indoors,2018-10-23,ATP500,Hard,1st Round,Krajinovic F.,Federer R.,Federer R.,35,3,3,35
Swiss Indoors,2018-10-24,ATP500,Hard,1st Round,Sousa J.,Bautista Agut R.,Bautista Agut R.,48,26,26,48
Swiss Indoors,2018-10-24,ATP500,Hard,1st Round,Lajovic D.,Mannarino A.,Lajovic D.,49,44,49,44
Swiss Indoors,2018-10-24,ATP500,Hard,1st Round,Tsitsipas S.,Chardy J.,Tsitsipas S.,16,41,16,41
Swiss Indoors,2018-10-24,ATP500,Hard,1st Round,Haase R.,Zverev A.,Zverev A.,47,5,5,47
Swiss Indoors,2018-10-25,ATP500,Hard,2nd Round,Medvedev D.,Seppi A.,Medvedev D.,20,43,20,43
Swiss Indoors,2018-10-25,ATP500,Hard,2nd Round,Bautista Agut R.,Lajovic D.,Bautista Agut R.,26,49,26,49
Swiss Indoors,2018-10-26,ATP500,Hard,Quarterfinals,Bautista Agut R.,Zverev A.,Zverev A.,26,5,5,26
Swiss Indoors,2018-10-26,ATP500,Hard,Quarterfinals,Federer R.,Simon G.,Federer R.,3,32,3,32
Swiss Indoors,2018-10-26,ATP500,Hard,Quarterfinals,Tsitsipas S.,Medvedev D.,Medvedev D.,16,20,20,16
Swiss Indoors,2018-10-27,ATP500,Hard,Semifinals,Medvedev D.,Federer R.,Federer R.,20,3,3,20
Erste Bank Open,2018-10-22,ATP500,Hard,1st Round,Anderson K.,Basilashvili N.,Anderson K.,8,24,8,24
Erste Bank Open,2018-10-23,ATP500,Hard,1st Round,Nishikori K.,Tiafoe F.,Nishikori K.,11,45,11,45
Erste Bank Open,2018-10-23,ATP500,Hard,1st Round,Herbert P.H.,Verdasco F.,Verdasco F.,50,30,30,50
Erste Bank Open,2018-10-23,ATP500,Hard,1st Round,Kohlschreiber P.,Pouille L.,Pouille L.,34,23,23,34
Erste Bank Open,2018-10-24,ATP500,Hard,1st Round,Johnson S.,Monfils G.,Monfils G.,37,33,33,37
Erste Bank Open,2018-10-24,ATP500,Hard,1st Round,Edmund K.,Schwartzman D.,Edmund K.,14,17,14,17
Erste Bank Open,2018-10-24,ATP500,Hard,2nd Round,Fognini F.,Fucsovics M.,Fucsovics M.,15,40,40,15
Erste Bank Open,2018-10-24,ATP500,Hard,2nd Round,Coric B.,Pouille L.,Coric B.,13,23,13,23
Erste Bank Open,2018-10-25,ATP500,Hard,2nd Round,Khachanov K.,Nishikori K.,Nishikori K.,19,11,11,19
Erste Bank Open,2018-10-25,ATP500,Hard,2nd Round,Verdasco F.,Edmund K.,Verdasco F.,30,14,30,14
Erste Bank Open,2018-10-25,ATP500,Hard,2nd Round,Isner J.,Monfils G.,Monfils G.,9,33,33,9
Erste Bank Open,2018-10-26,ATP500,Hard,Quarterfinals,Thiem D.,Nishikori K.,Nishikori K.,7,11,11,7
Erste Bank Open,2018-10-27,ATP500,Hard,Semifinals,Verdasco F.,Anderson K.,Anderson K.,30,8,8,30
Erste Bank Open,2018-10-28,ATP500,Hard,The Final,Anderson K.,Nishikori K.,Anderson K.,8,11,8,11
BNP Paribas Masters,2018-10-29,Masters 1000,Hard,1st Round,Khachanov K.,Krajinovic F.,Khachanov K.,18,34,18,34
BNP Paribas Masters,2018-10-29,Masters 1000,Hard,1st Round,Haase R.,Kohlschreiber P.,Kohlschreiber P.,47,43,43,47
BNP Paribas Masters,2018-10-29,Masters 1000,Hard,1st Round,Bautista Agut R.,Johnson S.,Bautista Agut R.,25,36,25,36
BNP Paribas Masters,2018-10-29,Masters 1000,Hard,1st Round,Sousa J.,Cecchinato M.,Sousa J.,48,20,48,20
BNP Paribas Masters,2018-10-29,Masters 1000,Hard,1st Round,Gasquet R.,Shapovalov D.,Gasquet R.,28,29,28,29
BNP Paribas Masters,2018-10-30,Masters 1000,Hard,1st Round,Medvedev D.,Carreno Busta P.,Medvedev D.,17,24,17,24
BNP Paribas Masters,2018-10-30,Masters 1000,Hard,1st Round,Chardy J.,Verdasco F.,Verdasco F.,40,27,27,40
BNP Paribas Masters,2018-10-30,Masters 1000,Hard,1st Round,Simon G.,Pouille L.,Simon G.,31,32,31,32
BNP Paribas Masters,2018-10-30,Masters 1000,Hard,2nd Round,Sousa J.,Djokovic N.,Djokovic N.,48,2,2,48
BNP Paribas Masters,2018-10-30,Masters 1000,Hard,2nd Round,Cilic M.,Kohlschreiber P.,Cilic M.,7,43,7,43
BNP Paribas Masters,2018-10-31,Masters 1000,Hard,2nd Round,Nishikori K.,Mannarino A.,Nishikori K.,11,46,11,46
BNP Paribas Masters,2018-10-31,Masters 1000,Hard,2nd Round,Tiafoe F.,Zverev A.,Zverev A.,44,5,5,44
BNP Paribas Masters,2018-10-31,Masters 1000,Hard,2nd Round,Dimitrov G.,Bautista Agut R.,Dimitrov G.,10,25,10,25
BNP Paribas Masters,2018-10-31,Masters 1000,Hard,2nd Round,Gasquet R.,Sock J.,Sock J.,28,23,23,28
BNP Paribas Masters,2018-10-31,Masters 1000,Hard,2nd Round,Anderson K.,Basilashvili N.,Anderson K.,6,22,6,22
BNP Paribas Masters,2018-10-31,Masters 1000,Hard,2nd Round,Simon G.,Thiem D.,Thiem D.,31,8,8,31
BNP Paribas Masters,2018-10-31,Masters 1000,Hard,2nd Round,Coric B.,Medvedev D.,Coric B.,13,17,13,17
BNP Paribas Masters,2018-11-01,Masters 1000,Hard,3rd Round,Dimitrov G.,Cilic M.,Cilic M.,10,7,7,10
BNP Paribas Masters,2018-11-01,Masters 1000,Hard,3rd Round,Khachanov K.,Isner J.,Khachanov K.,18,9,18,9
BNP Paribas Masters,2018-11-01,Masters 1000,Hard,3rd Round,Schwartzman D.,Zverev A.,Zverev A.,19,5,5,19
BNP Paribas Masters,2018-11-01,Masters 1000,Hard,3rd Round,Coric B.,Thiem D.,Thiem D.,13,8,8,13
BNP Paribas Masters,2018-11-01,Masters 1000,Hard,3rd Round,Federer R.,Fognini F.,Federer R.,3,14,3,14
BNP Paribas Masters,2018-11-01,Masters 1000,Hard,3rd Round,Anderson K.,Nishikori K.,Nishikori K.,6,11,11,6
BNP Paribas Masters,2018-11-02,Masters 1000,Hard,Quarterfinals,Khachanov K.,Zverev A.,Khachanov K.,18,5,18,5
BNP Paribas Masters,2018-11-02,Masters 1000,Hard,Quarterfinals,Sock J.,Thiem D.,Thiem D.,23,8,8,23
BNP Paribas Masters,2018-11-02,Masters 1000,Hard,Quarterfinals,Djokovic N.,Cilic M.,Djokovic N.,2,7,2,7
BNP Paribas Masters,2018-11-02,Masters 1000,Hard,Quarterfinals,Nishikori K.,Federer R.,Federer R.,11,3,3,11
BNP Paribas Masters,2018-11-03,Masters 1000,Hard,Semifinals,Khachanov K.,Thiem D.,Khachanov K.,18,8,18,8
BNP Paribas Masters,2018-11-03,Masters 1000,Hard,Semifinals,Federer R.,Djokovic N.,Djokovic N.,3,2,2,3
BNP Paribas Masters,2018-11-04,Masters 1000,Hard,The Final,Khachanov K.,Djokovic N.,Khachanov K.,18,2,18,2
Masters Cup,2018-11-11,Masters Cup,Hard,Round Robin,Thiem D.,Anderson K.,Anderson K.,8,6,6,8
Masters Cup,2018-11-11,Masters Cup,Hard,Round Robin,Nishikori K.,Federer R.,Nishikori K.,9,3,9,3
Masters Cup,2018-11-12,Masters Cup,Hard,Round Robin,Cilic M.,Zverev A.,Zverev A.,7,5,5,7
Masters Cup,2018-11-12,Masters Cup,Hard,Round Robin,Djokovic N.,Isner J.,Djokovic N.,1,10,1,10
Masters Cup,2018-11-13,Masters Cup,Hard,Round Robin,Nishikori K.,Anderson K.,Anderson K.,9,6,6,9
Masters Cup,2018-11-13,Masters Cup,Hard,Round Robin,Federer R.,Thiem D.,Federer R.,3,8,3,8
Masters Cup,2018-11-14,Masters Cup,Hard,Round Robin,Zverev A.,Djokovic N.,Djokovic N.,5,1,1,5
Masters Cup,2018-11-14,Masters Cup,Hard,Round Robin,Cilic M.,Isner J.,Cilic M.,7,10,7,10
Masters Cup,2018-11-15,Masters Cup,Hard,Round Robin,Nishikori K.,Thiem D.,Thiem D.,9,8,8,9
Masters Cup,2018-11-15,Masters Cup,Hard,Round Robin,Federer R.,Anderson K.,Federer R.,3,6,3,6
Masters Cup,2018-11-16,Masters Cup,Hard,Round Robin,Isner J.,Zverev A.,Zverev A.,10,5,5,10
Masters Cup,2018-11-16,Masters Cup,Hard,Round Robin,Djokovic N.,Cilic M.,Djokovic N.,1,7,1,7
Masters Cup,2018-11-17,Masters Cup,Hard,Semifinals,Federer R.,Zverev A.,Zverev A.,3,5,5,3
Masters Cup,2018-11-17,Masters Cup,Hard,Semifinals,Djokovic N.,Anderson K.,Djokovic N.,1,6,1,6
Masters Cup,2018-11-18,Masters Cup,Hard,The Final,Djokovic N.,Zverev A.,Zverev A.,1,5,5,1
Brisbane International,2019-01-02,ATP250,Hard,2nd Round,Dimitrov G.,Millman J.,Dimitrov G.,19,38,19,38
Brisbane International,2019-01-02,ATP250,Hard,2nd Round,Chardy J.,Kyrgios N.,Chardy J.,40,35,40,35
Brisbane International,2019-01-03,ATP250,Hard,Quarterfinals,Dimitrov G.,Nishikori K.,Nishikori K.,19,9,9,19
Brisbane International,2019-01-04,ATP250,Hard,Quarterfinals,Medvedev D.,Raonic M.,Medvedev D.,16,18,16,18
Brisbane International,2019-01-05,ATP250,Hard,Semifinals,Nishikori K.,Chardy J.,Nishikori K.,9,40,9,40
Brisbane International,2019-01-06,ATP250,Hard,The Final,Nishikori K.,Medvedev D.,Nishikori K.,9,16,9,16
Qatar Exxon Mobil Open,2018-12-31,ATP250,Hard,1st Round,Jarry N.,Haase R.,Jarry N.,43,50,43,50
Qatar Exxon Mobil Open,2019-01-01,ATP250,Hard,1st Round,Mannarino A.,Lajovic D.,Lajovic D.,42,48,48,42
Qatar Exxon Mobil Open,2019-01-01,ATP250,Hard,1st Round,Djokovic N.,Dzumhur D.,Djokovic N.,1,47,1,47
Qatar Exxon Mobil Open,2019-01-02,ATP250,Hard,2nd Round,Fucsovics M.,Djokovic N.,Djokovic N.,36,1,1,36
Qatar Exxon Mobil Open,2019-01-03,ATP250,Hard,Quarterfinals,Djokovic N.,Basilashvili N.,Djokovic N.,1,21,1,21
Qatar Exxon Mobil Open,2019-01-03,ATP250,Hard,Quarterfinals,Cecchinato M.,Lajovic D.,Cecchinato M.,20,48,20,48
Qatar Exxon Mobil Open,2019-01-04,ATP250,Hard,Semifinals,Djokovic N.,Bautista Agut R.,Bautista Agut R.,1,24,24,1
Maharashtra Open,2019-01-04,ATP250,Hard,Semifinals,Simon G.,Anderson K.,Anderson K.,30,6,6,30
ASB Classic,2019-01-07,ATP250,Hard,1st Round,Sousa J.,Shapovalov D.,Sousa J.,44,27,44,27
ASB Classic,2019-01-08,ATP250,Hard,2nd Round,Fritz T.,Isner J.,Fritz T.,50,10,50,10
ASB Classic,2019-01-10,ATP250,Hard,Quarterfinals,Kohlschreiber P.,Fognini F.,Kohlschreiber P.,34,13,34,13
Sydney International,2019-01-07,ATP250,Hard,1st Round,Lajovic D.,De Minaur A.,De Minaur A.,45,29,29,45
Sydney International,2019-01-08,ATP250,Hard,1st Round,Seppi A.,Chardy J.,Seppi A.,37,36,37,36
Sydney International,2019-01-08,ATP250,Hard,1st Round,Tiafoe F.,Millman J.,Millman J.,39,38,38,39
Sydney International,2019-01-09,ATP250,Hard,2nd Round,Klizan M.,Seppi A.,Seppi A.,40,37,37,40
Sydney International,2019-01-09,ATP250,Hard,2nd Round,Fucsovics M.,Millman J.,Millman J.,35,38,38,35
Sydney International,2019-01-09,ATP250,Hard,2nd Round,Simon G.,Querrey S.,Simon G.,31,48,31,48
Sydney International,2019-01-10,ATP250,Hard,Quarterfinals,Tsitsipas S.,Seppi A.,Seppi A.,15,37,37,15
Sydney International,2019-01-10,ATP250,Hard,Quarterfinals,Simon G.,Millman J.,Simon G.,31,38,31,38
Sydney International,2019-01-11,ATP250,Hard,Semifinals,Schwartzman D.,Seppi A.,Seppi A.,19,37,37,19
Sydney International,2019-01-12,ATP250,Hard,Semifinals,De Minaur A.,Simon G.,De Minaur A.,29,31,29,31
Sydney International,2019-01-12,ATP250,Hard,The Final,Seppi A.,De Minaur A.,De Minaur A.,37,29,29,37
Australian Open,2019-01-14,Grand Slam,Hard,1st Round,Anderson K.,Mannarino A.,Anderson K.,6,42,6,42
Australian Open,2019-01-14,Grand Slam,Hard,1st Round,Johnson S.,Seppi A.,Seppi A.,34,35,35,34
Australian Open,2019-01-14,Grand Slam,Hard,1st Round,Monfils G.,Dzumhur D.,Monfils G.,33,47,33,47
Australian Open,2019-01-16,Grand Slam,Hard,2nd Round,Tiafoe F.,Anderson K.,Tiafoe F.,39,6,39,6
Australian Open,2019-01-16,Grand Slam,Hard,2nd Round,Monfils G.,Fritz T.,Fritz T.,33,50,50,33
Australian Open,2019-01-16,Grand Slam,Hard,2nd Round,Bautista Agut R.,Millman J.,Bautista Agut R.,24,37,24,37
Australian Open,2019-01-16,Grand Slam,Hard,2nd Round,Ebden M.,Nadal R.,Nadal R.,48,2,2,48
Australian Open,2019-01-17,Grand Slam,Hard,2nd Round,Sousa J.,Kohlschreiber P.,Sousa J.,44,32,44,32
Australian Open,2019-01-17,Grand Slam,Hard,2nd Round,Coric B.,Fucsovics M.,Coric B.,12,38,12,38
Australian Open,2019-01-17,Grand Slam,Hard,2nd Round,Chardy J.,Zverev A.,Zverev A.,36,4,4,36
Australian Open,2019-01-18,Grand Slam,Hard,3rd Round,Basilashvili N.,Tsitsipas S.,Tsitsipas S.,20,15,15,20
Australian Open,2019-01-18,Grand Slam,Hard,3rd Round,Fritz T.,Federer R.,Federer R.,50,3,3,50
Australian Open,2019-01-18,Grand Slam,Hard,3rd Round,Tiafoe F.,Seppi A.,Tiafoe F.,39,35,39,35
Australian Open,2019-01-18,Grand Slam,Hard,3rd Round,Bautista Agut R.,Khachanov K.,Bautista Agut R.,24,11,24,11
Australian Open,2019-01-18,Grand Slam,Hard,3rd Round,De Minaur A.,Nadal R.,Nadal R.,29,2,2,29
Australian Open,2019-01-18,Grand Slam,Hard,3rd Round,Cilic M.,Verdasco F.,Cilic M.,7,28,7,28
Australian Open,2019-01-19,Grand Slam,Hard,3rd Round,Goffin D.,Medvedev D.,Medvedev D.,22,19,19,22
Australian Open,2019-01-19,Grand Slam,Hard,3rd Round,Nishikori K.,Sousa J.,Nishikori K.,9,44,9,44
Australian Open,2019-01-19,Grand Slam,Hard,3rd Round,Fognini F.,Carreno Busta P.,Carreno Busta P.,13,23,23,13
Australian Open,2019-01-19,Grand Slam,Hard,3rd Round,Shapovalov D.,Djokovic N.,Djokovic N.,27,1,1,27
Australian Open,2019-01-20,Grand Slam,Hard,4th Round,Dimitrov G.,Tiafoe F.,Tiafoe F.,21,39,39,21
Australian Open,2019-01-20,Grand Slam,Hard,4th Round,Cilic M.,Bautista Agut R.,Bautista Agut R.,7,24,24,7
Australian Open,2019-01-20,Grand Slam,Hard,4th Round,Tsitsipas S.,Federer R.,Tsitsipas S.,15,3,15,3
Australian Open,2019-01-21,Grand Slam,Hard,4th Round,Zverev A.,Raonic M.,Raonic M.,4,17,17,4
Australian Open,2019-01-21,Grand Slam,Hard,4th Round,Pouille L.,Coric B.,Pouille L.,31,12,31,12
Australian Open,2019-01-21,Grand Slam,Hard,4th Round,Carreno Busta P.,Nishikori K.,Nishikori K.,23,9,9,23
Australian Open,2019-01-21,Grand Slam,Hard,4th Round,Djokovic N.,Medvedev D.,Djokovic N.,1,19,1,19
Australian Open,2019-01-22,Grand Slam,Hard,Quarterfinals,Bautista Agut R.,Tsitsipas S.,Tsitsipas S.,24,15,15,24
Australian Open,2019-01-22,Grand Slam,Hard,Quarterfinals,Nadal R.,Tiafoe F.,Nadal R.,2,39,2,39
Australian Open,2019-01-23,Grand Slam,Hard,Quarterfinals,Raonic M.,Pouille L.,Pouille L.,17,31,31,17
Australian Open,2019-01-24,Grand Slam,Hard,Semifinals,Nadal R.,Tsitsipas S.,Nadal R.,2,15,2,15
Australian Open,2019-01-25,Grand Slam,Hard,Semifinals,Pouille L.,Djokovic N.,Djokovic N.,31,1,1,31
Australian Open,2019-01-27,Grand Slam,Hard,The Final,Djokovic N.,Nadal R.,Djokovic N.,1,2,1,2
Open Sud de France,2019-02-08,ATP250,Hard,Quarterfinals,Herbert P.H.,Shapovalov D.,Herbert P.H.,44,25,44,25
Sofia Open,2019-02-06,ATP250,Hard,1st Round,Seppi A.,Fucsovics M.,Fucsovics M.,37,47,47,37
Sofia Open,2019-02-06,ATP250,Hard,2nd Round,Bautista Agut R.,Ebden M.,Bautista Agut R.,18,45,18,45
Sofia Open,2019-02-08,ATP250,Hard,Quarterfinals,Klizan M.,Medvedev D.,Medvedev D.,38,16,16,38
Sofia Open,2019-02-08,ATP250,Hard,Quarterfinals,Monfils G.,Tsitsipas S.,Monfils G.,33,12,33,12
Sofia Open,2019-02-09,ATP250,Hard,Semifinals,Medvedev D.,Monfils G.,Medvedev D.,16,33,16,33
Sofia Open,2019-02-10,ATP250,Hard,The Final,Fucsovics M.,Medvedev D.,Medvedev D.,47,16,16,47
Argentina Open,2019-02-16,ATP250,Clay,Semifinals,Pella G.,Cecchinato M.,Cecchinato M.,50,18,18,50
Argentina Open,2019-02-16,ATP250,Clay,Semifinals,Schwartzman D.,Thiem D.,Schwartzman D.,19,8,19,8
Argentina Open,2019-02-17,ATP250,Clay,The Final,Schwartzman D.,Cecchinato M.,Cecchinato M.,19,18,18,19
ABN AMRO World Tennis Tournament,2019-02-12,ATP500,Hard,1st Round,Raonic M.,Kohlschreiber P.,Raonic M.,14,32,14,32
ABN AMRO World Tennis Tournament,2019-02-12,ATP500,Hard,1st Round,Ebden M.,Verdasco F.,Verdasco F.,45,26,26,45
ABN AMRO World Tennis Tournament,2019-02-12,ATP500,Hard,1st Round,Monfils G.,Goffin D.,Monfils G.,33,21,33,21
ABN AMRO World Tennis Tournament,2019-02-12,ATP500,Hard,1st Round,Herbert P.H.,Nishikori K.,Nishikori K.,36,7,7,36
ABN AMRO World Tennis Tournament,2019-02-13,ATP500,Hard,1st Round,Klizan M.,Fucsovics M.,Fucsovics M.,39,38,38,39
ABN AMRO World Tennis Tournament,2019-02-13,ATP500,Hard,1st Round,Medvedev D.,Chardy J.,Medvedev D.,16,35,16,35
ABN AMRO World Tennis Tournament,2019-02-13,ATP500,Hard,2nd Round,Seppi A.,Monfils G.,Monfils G.,40,33,33,40
ABN AMRO World Tennis Tournament,2019-02-14,ATP500,Hard,2nd Round,Verdasco F.,Medvedev D.,Medvedev D.,26,16,16,26
ABN AMRO World Tennis Tournament,2019-02-14,ATP500,Hard,2nd Round,Fucsovics M.,Basilashvili N.,Fucsovics M.,38,20,38,20
ABN AMRO World Tennis Tournament,2019-02-15,ATP500,Hard,Quarterfinals,Nishikori K.,Fucsovics M.,Nishikori K.,7,38,7,38
ABN AMRO World Tennis Tournament,2019-02-16,ATP500,Hard,Semifinals,Medvedev D.,Monfils G.,Monfils G.,16,33,33,16
Open 13,2019-02-19,ATP250,Hard,1st Round,Chardy J.,Berrettini M.,Berrettini M.,35,48,48,35
Open 13,2019-02-20,ATP250,Hard,2nd Round,Shapovalov D.,Kukushkin M.,Kukushkin M.,25,50,50,25
Open 13,2019-02-22,ATP250,Hard,Quarterfinals,Goffin D.,Simon G.,Goffin D.,24,32,24,32
Open 13,2019-02-23,ATP250,Hard,Semifinals,Tsitsipas S.,Goffin D.,Tsitsipas S.,12,24,12,24
Open 13,2019-02-24,ATP250,Hard,The Final,Kukushkin M.,Tsitsipas S.,Tsitsipas S.,50,12,12,50
Rio Open,2019-02-19,ATP500,Clay,1st Round,Sousa J.,Pella G.,Sousa J.,40,46,40,46
Abierto Mexicano,2019-02-28,ATP500,Hard,2nd Round,Johnson S.,Wawrinka S.,Wawrinka S.,36,42,42,36
Abierto Mexicano,2019-03-01,ATP500,Hard,Quarterfinals,Zverev A.,De Minaur A.,Zverev A.,3,26,3,26
Abierto Mexicano,2019-03-01,ATP500,Hard,Quarterfinals,Isner J.,Millman J.,Isner J.,9,44,9,44
Dubai Tennis Championships,2019-02-25,ATP500,Hard,1st Round,Fucsovics M.,Dzumhur D.,Fucsovics M.,35,50,35,50
Dubai Tennis Championships,2019-02-25,ATP500,Hard,1st Round,Khachanov K.,Basilashvili N.,Basilashvili N.,12,19,19,12
Dubai Tennis Championships,2019-02-25,ATP500,Hard,1st Round,Federer R.,Kohlschreiber P.,Federer R.,7,31,7,31
Dubai Tennis Championships,2019-02-26,ATP500,Hard,1st Round,Cilic M.,Monfils G.,Monfils G.,10,23,23,10
Dubai Tennis Championships,2019-02-26,ATP500,Hard,1st Round,Ebden M.,Tsitsipas S.,Tsitsipas S.,47,11,11,47
Dubai Tennis Championships,2019-02-27,ATP500,Hard,2nd Round,Basilashvili N.,Bautista Agut R.,Basilashvili N.,19,18,19,18
Dubai Tennis Championships,2019-02-27,ATP500,Hard,2nd Round,Federer R.,Verdasco F.,Federer R.,7,32,7,32
Dubai Tennis Championships,2019-02-28,ATP500,Hard,Quarterfinals,Federer R.,Fucsovics M.,Federer R.,7,35,7,35
Dubai Tennis Championships,2019-02-28,ATP500,Hard,Quarterfinals,Basilashvili N.,Coric B.,Coric B.,19,13,13,19
Dubai Tennis Championships,2019-03-01,ATP500,Hard,Semifinals,Tsitsipas S.,Monfils G.,Tsitsipas S.,11,23,11,23
Dubai Tennis Championships,2019-03-01,ATP500,Hard,Semifinals,Coric B.,Federer R.,Federer R.,13,7,7,13
Dubai Tennis Championships,2019-03-02,ATP500,Hard,The Final,Federer R.,Tsitsipas S.,Federer R.,7,11,7,11
Brasil Open,2019-02-28,ATP250,Clay,2nd Round,Djere L.,Jaziri M.,Djere L.,37,45,37,45
Brasil Open,2019-03-02,ATP250,Clay,Semifinals,Pella G.,Djere L.,Pella G.,48,37,48,37
BNP Paribas Open,2019-03-07,Masters 1000,Hard,1st Round,Herbert P.H.,Kohlschreiber P.,Kohlschreiber P.,44,39,39,44
BNP Paribas Open,2019-03-08,Masters 1000,Hard,1st Round,Fritz T.,Johnson S.,Johnson S.,46,38,38,46
BNP Paribas Open,2019-03-09,Masters 1000,Hard,2nd Round,Kohlschreiber P.,Kyrgios N.,Kohlschreiber P.,39,33,39,33
BNP Paribas Open,2019-03-10,Masters 1000,Hard,2nd Round,Cilic M.,Lajovic D.,Cilic M.,11,45,11,45
BNP Paribas Open,2019-03-10,Masters 1000,Hard,2nd Round,Johnson S.,Shapovalov D.,Shapovalov D.,38,25,25,38
BNP Paribas Open,2019-03-11,Masters 1000,Hard,2nd Round,Wawrinka S.,Fucsovics M.,Wawrinka S.,40,31,40,31
BNP Paribas Open,2019-03-11,Masters 1000,Hard,3rd Round,Thiem D.,Simon G.,Thiem D.,8,29,8,29
BNP Paribas Open,2019-03-12,Masters 1000,Hard,3rd Round,Shapovalov D.,Cilic M.,Shapovalov D.,25,11,25,11
BNP Paribas Open,2019-03-12,Masters 1000,Hard,3rd Round,Schwartzman D.,Nadal R.,Nadal R.,26,2,2,26
BNP Paribas Open,2019-03-12,Masters 1000,Hard,3rd Round,Isner J.,Pella G.,Isner J.,9,34,9,34
BNP Paribas Open,2019-03-12,Masters 1000,Hard,3rd Round,Djokovic N.,Kohlschreiber P.,Kohlschreiber P.,1,39,39,1
BNP Paribas Open,2019-03-13,Masters 1000,Hard,3rd Round,Federer R.,Wawrinka S.,Federer R.,4,40,4,40
BNP Paribas Open,2019-03-13,Masters 1000,Hard,4th Round,Federer R.,Edmund K.,Federer R.,4,23,4,23
BNP Paribas Open,2019-03-13,Masters 1000,Hard,4th Round,Isner J.,Khachanov K.,Khachanov K.,9,13,13,9
BNP Paribas Open,2019-03-14,Masters 1000,Hard,4th Round,Kohlschreiber P.,Monfils G.,Monfils G.,39,19,19,39
BNP Paribas Open,2019-03-15,Masters 1000,Hard,Quarterfinals,Nadal R.,Khachanov K.,Nadal R.,2,13,2,13
BNP Paribas Open,2019-03-16,Masters 1000,Hard,Semifinals,Raonic M.,Thiem D.,Thiem D.,14,8,8,14
BNP Paribas Open,2019-03-17,Masters 1000,Hard,The Final,Thiem D.,Federer R.,Thiem D.,8,4,8,4
Sony Ericsson Open,2019-03-22,Masters 1000,Hard,2nd Round,Chardy J.,Simon G.,Chardy J.,40,27,40,27
Sony Ericsson Open,2019-03-22,Masters 1000,Hard,2nd Round,Nishikori K.,Lajovic D.,Lajovic D.,6,44,44,6
Sony Ericsson Open,2019-03-23,Masters 1000,Hard,2nd Round,Sousa J.,Johnson S.,Sousa J.,41,38,41,38
Sony Ericsson Open,2019-03-23,Masters 1000,Hard,2nd Round,Albot R.,Federer R.,Federer R.,46,5,5,46
Sony Ericsson Open,2019-03-24,Masters 1000,Hard,3rd Round,Bautista Agut R.,Fognini F.,Bautista Agut R.,25,17,25,17
Sony Ericsson Open,2019-03-24,Masters 1000,Hard,3rd Round,Raonic M.,Edmund K.,Edmund K.,14,22,22,14
Sony Ericsson Open,2019-03-25,Masters 1000,Hard,3rd Round,Chardy J.,Coric B.,Coric B.,40,13,13,40
Sony Ericsson Open,2019-03-25,Masters 1000,Hard,3rd Round,Kyrgios N.,Lajovic D.,Kyrgios N.,33,44,33,44
Sony Ericsson Open,2019-03-25,Masters 1000,Hard,3rd Round,Anderson K.,Sousa J.,Anderson K.,7,41,7,41
Sony Ericsson Open,2019-03-25,Masters 1000,Hard,3rd Round,Goffin D.,Cecchinato M.,Goffin D.,20,16,20,16
Sony Ericsson Open,2019-03-26,Masters 1000,Hard,4th Round,Isner J.,Edmund K.,Isner J.,9,22,9,22
Sony Ericsson Open,2019-03-26,Masters 1000,Hard,4th Round,Kyrgios N.,Coric B.,Coric B.,33,13,13,33
Sony Ericsson Open,2019-03-26,Masters 1000,Hard,4th Round,Bautista Agut R.,Djokovic N.,Bautista Agut R.,25,1,25,1
Sony Ericsson Open,2019-03-27,Masters 1000,Hard,4th Round,Tiafoe F.,Goffin D.,Tiafoe F.,34,20,34,20
Sony Ericsson Open,2019-03-27,Masters 1000,Hard,4th Round,Tsitsipas S.,Shapovalov D.,Shapovalov D.,10,23,23,10
Sony Ericsson Open,2019-03-27,Masters 1000,Hard,4th Round,Federer R.,Medvedev D.,Federer R.,5,15,5,15
Sony Ericsson Open,2019-03-27,Masters 1000,Hard,Quarterfinals,Bautista Agut R.,Isner J.,Isner J.,25,9,9,25
Sony Ericsson Open,2019-03-28,Masters 1000,Hard,Quarterfinals,Tiafoe F.,Shapovalov D.,Shapovalov D.,34,23,23,34
Sony Ericsson Open,2019-03-29,Masters 1000,Hard,Quarterfinals,Federer R.,Anderson K.,Federer R.,5,7,5,7
Sony Ericsson Open,2019-03-29,Masters 1000,Hard,Semifinals,Federer R.,Shapovalov D.,Federer R.,5,23,5,23
Sony Ericsson Open,2019-03-31,Masters 1000,Hard,The Final,Isner J.,Federer R.,Federer R.,9,5,5,9
Monte Carlo Masters,2019-04-14,Masters 1000,Clay,1st Round,Pella G.,Djere L.,Pella G.,35,32,35,32
Monte Carlo Masters,2019-04-14,Masters 1000,Clay,1st Round,Pouille L.,Wawrinka S.,Wawrinka S.,31,36,36,31
Monte Carlo Masters,2019-04-15,Masters 1000,Clay,1st Round,Fucsovics M.,Basilashvili N.,Fucsovics M.,37,17,37,17
Monte Carlo Masters,2019-04-15,Masters 1000,Clay,1st Round,Millman J.,Bautista Agut R.,Bautista Agut R.,39,22,22,39
Monte Carlo Masters,2019-04-15,Masters 1000,Clay,1st Round,Struff J.L.,Shapovalov D.,Struff J.L.,44,20,44,20
Monte Carlo Masters,2019-04-15,Masters 1000,Clay,1st Round,Kukushkin M.,Chardy J.,Kukushkin M.,42,41,42,41
Monte Carlo Masters,2019-04-15,Masters 1000,Clay,1st Round,Edmund K.,Schwartzman D.,Schwartzman D.,23,24,24,23
Monte Carlo Masters,2019-04-16,Masters 1000,Clay,1st Round,Herbert P.H.,Verdasco F.,Herbert P.H.,49,38,49,38
Monte Carlo Masters,2019-04-16,Masters 1000,Clay,2nd Round,Pella G.,Cilic M.,Pella G.,35,11,35,11
Monte Carlo Masters,2019-04-16,Masters 1000,Clay,2nd Round,Djokovic N.,Kohlschreiber P.,Djokovic N.,1,40,1,40
Monte Carlo Masters,2019-04-16,Masters 1000,Clay,2nd Round,Cecchinato M.,Wawrinka S.,Cecchinato M.,16,36,16,36
Monte Carlo Masters,2019-04-17,Masters 1000,Clay,2nd Round,Kukushkin M.,Tsitsipas S.,Tsitsipas S.,42,8,8,42
Monte Carlo Masters,2019-04-17,Masters 1000,Clay,2nd Round,Medvedev D.,Albot R.,Medvedev D.,14,45,14,45
Monte Carlo Masters,2019-04-17,Masters 1000,Clay,2nd Round,Nishikori K.,Herbert P.H.,Herbert P.H.,6,49,49,6
Monte Carlo Masters,2019-04-17,Masters 1000,Clay,2nd Round,Zverev A.,Auger-Aliassime F.,Zverev A.,3,33,3,33
Monte Carlo Masters,2019-04-17,Masters 1000,Clay,2nd Round,Struff J.L.,Dimitrov G.,Dimitrov G.,44,28,28,44
Monte Carlo Masters,2019-04-17,Masters 1000,Clay,2nd Round,Nadal R.,Bautista Agut R.,Nadal R.,2,22,2,22
Monte Carlo Masters,2019-04-17,Masters 1000,Clay,2nd Round,Klizan M.,Thiem D.,Thiem D.,50,5,5,50
Monte Carlo Masters,2019-04-17,Masters 1000,Clay,2nd Round,Lajovic D.,Goffin D.,Lajovic D.,48,21,48,21
Monte Carlo Masters,2019-04-18,Masters 1000,Clay,3rd Round,Tsitsipas S.,Medvedev D.,Medvedev D.,8,14,14,8
Monte Carlo Masters,2019-04-18,Masters 1000,Clay,3rd Round,Pella G.,Cecchinato M.,Pella G.,35,16,35,16
Monte Carlo Masters,2019-04-18,Masters 1000,Clay,3rd Round,Dimitrov G.,Nadal R.,Nadal R.,28,2,2,28
Monte Carlo Masters,2019-04-18,Masters 1000,Clay,3rd Round,Lajovic D.,Thiem D.,Lajovic D.,48,5,48,5
Monte Carlo Masters,2019-04-18,Masters 1000,Clay,3rd Round,Zverev A.,Fognini F.,Fognini F.,3,18,18,3
Monte Carlo Masters,2019-04-18,Masters 1000,Clay,3rd Round,Coric B.,Herbert P.H.,Coric B.,13,49,13,49
Monte Carlo Masters,2019-04-19,Masters 1000,Clay,Quarterfinals,Medvedev D.,Djokovic N.,Medvedev D.,14,1,14,1
Monte Carlo Masters,2019-04-19,Masters 1000,Clay,Quarterfinals,Pella G.,Nadal R.,Nadal R.,35,2,2,35
Monte Carlo Masters,2019-04-19,Masters 1000,Clay,Quarterfinals,Fognini F.,Coric B.,Fognini F.,18,13,18,13
Monte Carlo Masters,2019-04-20,Masters 1000,Clay,Semifinals,Medvedev D.,Lajovic D.,Lajovic D.,14,48,48,14
Monte Carlo Masters,2019-04-20,Masters 1000,Clay,Semifinals,Fognini F.,Nadal R.,Fognini F.,18,2,18,2
Monte Carlo Masters,2019-04-21,Masters 1000,Clay,The Final,Lajovic D.,Fognini F.,Fognini F.,48,18,18,48
Open Banco Sabadell,2019-04-23,ATP500,Clay,1st Round,Garin C.,Klizan M.,Garin C.,48,47,48,47
Open Banco Sabadell,2019-04-23,ATP500,Clay,1st Round,Sousa J.,Pella G.,Pella G.,50,28,28,50
Open Banco Sabadell,2019-04-23,ATP500,Clay,2nd Round,Thiem D.,Schwartzman D.,Thiem D.,5,25,5,25
Open Banco Sabadell,2019-04-23,ATP500,Clay,2nd Round,Fucsovics M.,Tsitsipas S.,Tsitsipas S.,36,8,8,36
Open Banco Sabadell,2019-04-24,ATP500,Clay,2nd Round,Pella G.,Khachanov K.,Pella G.,28,13,28,13
Open Banco Sabadell,2019-04-24,ATP500,Clay,2nd Round,Carreno Busta P.,Paire B.,Paire B.,29,46,46,29
Open Banco Sabadell,2019-04-24,ATP500,Clay,2nd Round,Dimitrov G.,Verdasco F.,Dimitrov G.,43,37,43,37
Open Banco Sabadell,2019-04-24,ATP500,Clay,2nd Round,Shapovalov D.,Garin C.,Garin C.,20,48,48,20
Open Banco Sabadell,2019-04-25,ATP500,Clay,3rd Round,Auger-Aliassime F.,Nishikori K.,Nishikori K.,31,7,7,31
Open Banco Sabadell,2019-04-25,ATP500,Clay,3rd Round,Paire B.,Pella G.,Pella G.,46,28,28,46
Open Banco Sabadell,2019-04-26,ATP500,Clay,Quarterfinals,Pella G.,Thiem D.,Thiem D.,28,5,5,28
Open Banco Sabadell,2019-04-27,ATP500,Clay,Semifinals,Medvedev D.,Nishikori K.,Medvedev D.,14,7,14,7
Open Banco Sabadell,2019-04-27,ATP500,Clay,Semifinals,Nadal R.,Thiem D.,Thiem D.,2,5,5,2
Open Banco Sabadell,2019-04-28,ATP500,Clay,The Final,Thiem D.,Medvedev D.,Thiem D.,5,14,5,14
Hungarian Open,2019-04-26,ATP250,Clay,Quarterfinals,Djere L.,Basilashvili N.,Djere L.,33,18,33,18
Millennium Estoril Open,2019-04-30,ATP250,Clay,1st Round,Chardy J.,Carreno Busta P.,Chardy J.,42,38,42,38
Millennium Estoril Open,2019-04-30,ATP250,Clay,1st Round,Kukushkin M.,Tiafoe F.,Tiafoe F.,40,31,31,40
Millennium Estoril Open,2019-05-04,ATP250,Clay,Semifinals,Goffin D.,Tsitsipas S.,Tsitsipas S.,25,10,10,25
BMW Open,2019-04-30,ATP250,Clay,1st Round,Paire B.,Schwartzman D.,Schwartzman D.,44,24,24,44
BMW Open,2019-05-01,ATP250,Clay,2nd Round,Garin C.,Schwartzman D.,Garin C.,47,24,47,24
BMW Open,2019-05-02,ATP250,Clay,2nd Round,Kohlschreiber P.,Khachanov K.,Kohlschreiber P.,41,13,41,13
BMW Open,2019-05-03,ATP250,Clay,Quarterfinals,Cecchinato M.,Fucsovics M.,Cecchinato M.,19,35,19,35
BMW Open,2019-05-03,ATP250,Clay,Quarterfinals,Zverev A.,Garin C.,Garin C.,3,47,47,3
BMW Open,2019-05-03,ATP250,Clay,Quarterfinals,Berrettini M.,Kohlschreiber P.,Berrettini M.,37,41,37,41
BMW Open,2019-05-03,ATP250,Clay,Quarterfinals,Pella G.,Bautista Agut R.,Bautista Agut R.,26,21,21,26
BMW Open,2019-05-04,ATP250,Clay,Semifinals,Garin C.,Cecchinato M.,Garin C.,47,19,47,19
BMW Open,2019-05-05,ATP250,Clay,Semifinals,Bautista Agut R.,Berrettini M.,Berrettini M.,21,37,37,21
BMW Open,2019-05-05,ATP250,Clay,The Final,Garin C.,Berrettini M.,Garin C.,47,37,47,37
Mutua Madrid Open,2019-05-05,Masters 1000,Clay,1st Round,Kyrgios N.,Struff J.L.,Struff J.L.,35,49,49,35
Mutua Madrid Open,2019-05-05,Masters 1000,Clay,1st Round,Auger-Aliassime F.,Shapovalov D.,Auger-Aliassime F.,30,20,30,20
Mutua Madrid Open,2019-05-06,Masters 1000,Clay,1st Round,Lajovic D.,Djere L.,Djere L.,24,32,32,24
Mutua Madrid Open,2019-05-06,Masters 1000,Clay,1st Round,Tiafoe F.,Basilashvili N.,Tiafoe F.,37,17,37,17
Mutua Madrid Open,2019-05-06,Masters 1000,Clay,1st Round,Kukushkin M.,Kohlschreiber P.,Kohlschreiber P.,40,50,50,40
Mutua Madrid Open,2019-05-06,Masters 1000,Clay,1st Round,Verdasco F.,Albot R.,Verdasco F.,38,44,38,44
Mutua Madrid Open,2019-05-07,Masters 1000,Clay,1st Round,Fucsovics M.,Goffin D.,Fucsovics M.,36,23,36,23
Mutua Madrid Open,2019-05-07,Masters 1000,Clay,1st Round,Medvedev D.,Pella G.,Pella G.,14,26,26,14
Mutua Madrid Open,2019-05-07,Masters 1000,Clay,1st Round,Wawrinka S.,Herbert P.H.,Wawrinka S.,34,41,34,41
Mutua Madrid Open,2019-05-07,Masters 1000,Clay,1st Round,Schwartzman D.,Cecchinato M.,Schwartzman D.,25,19,25,19
Mutua Madrid Open,2019-05-07,Masters 1000,Clay,1st Round,Edmund K.,Fognini F.,Fognini F.,22,12,12,22
Mutua Madrid Open,2019-05-07,Masters 1000,Clay,1st Round,Pouille L.,Coric B.,Pouille L.,28,15,28,15
Mutua Madrid Open,2019-05-07,Masters 1000,Clay,2nd Round,Cilic M.,Struff J.L.,Cilic M.,11,49,11,49
Mutua Madrid Open,2019-05-07,Masters 1000,Clay,2nd Round,Gasquet R.,Federer R.,Federer R.,39,3,3,39
Mutua Madrid Open,2019-05-08,Masters 1000,Clay,2nd Round,Kohlschreiber P.,Tiafoe F.,Tiafoe F.,50,37,37,50
Mutua Madrid Open,2019-05-08,Masters 1000,Clay,2nd Round,Chardy J.,Schwartzman D.,Chardy J.,47,25,47,25
Mutua Madrid Open,2019-05-08,Masters 1000,Clay,2nd Round,Pella G.,Wawrinka S.,Wawrinka S.,26,34,34,26
Mutua Madrid Open,2019-05-08,Masters 1000,Clay,2nd Round,Monfils G.,Fucsovics M.,Monfils G.,18,36,18,36
Mutua Madrid Open,2019-05-08,Masters 1000,Clay,2nd Round,Del Potro J.M.,Djere L.,Djere L.,8,32,32,8
Mutua Madrid Open,2019-05-08,Masters 1000,Clay,2nd Round,Nadal R.,Auger-Aliassime F.,Nadal R.,2,30,2,30
Mutua Madrid Open,2019-05-08,Masters 1000,Clay,2nd Round,Millman J.,Fognini F.,Fognini F.,48,12,12,48
Mutua Madrid Open,2019-05-08,Masters 1000,Clay,2nd Round,Verdasco F.,Khachanov K.,Verdasco F.,38,13,38,13
Mutua Madrid Open,2019-05-09,Masters 1000,Clay,3rd Round,Cilic M.,Djere L.,Cilic M.,11,32,11,32
Mutua Madrid Open,2019-05-09,Masters 1000,Clay,3rd Round,Chardy J.,Djokovic N.,Djokovic N.,47,1,1,47
Mutua Madrid Open,2019-05-09,Masters 1000,Clay,3rd Round,Thiem D.,Fognini F.,Thiem D.,5,12,5,12
Mutua Madrid Open,2019-05-09,Masters 1000,Clay,3rd Round,Monfils G.,Federer R.,Federer R.,18,3,3,18
Mutua Madrid Open,2019-05-09,Masters 1000,Clay,3rd Round,Wawrinka S.,Nishikori K.,Wawrinka S.,34,7,34,7
Mutua Madrid Open,2019-05-09,Masters 1000,Clay,3rd Round,Verdasco F.,Tsitsipas S.,Tsitsipas S.,38,9,9,38
Mutua Madrid Open,2019-05-09,Masters 1000,Clay,3rd Round,Tiafoe F.,Nadal R.,Nadal R.,37,2,2,37
Mutua Madrid Open,2019-05-10,Masters 1000,Clay,Quarterfinals,Thiem D.,Federer R.,Thiem D.,5,3,5,3
Mutua Madrid Open,2019-05-10,Masters 1000,Clay,Quarterfinals,Zverev A.,Tsitsipas S.,Tsitsipas S.,4,9,9,4
Mutua Madrid Open,2019-05-10,Masters 1000,Clay,Quarterfinals,Nadal R.,Wawrinka S.,Nadal R.,2,34,2,34
Mutua Madrid Open,2019-05-11,Masters 1000,Clay,Semifinals,Thiem D.,Djokovic N.,Djokovic N.,5,1,1,5
Mutua Madrid Open,2019-05-11,Masters 1000,Clay,Semifinals,Tsitsipas S.,Nadal R.,Tsitsipas S.,9,2,9,2
Mutua Madrid Open,2019-05-12,Masters 1000,Clay,The Final,Tsitsipas S.,Djokovic N.,Djokovic N.,9,1,1,9
Internazionali BNL d'Italia,2019-05-12,Masters 1000,Clay,1st Round,Basilashvili N.,Fucsovics M.,Basilashvili N.,18,37,18,37
Internazionali BNL d'Italia,2019-05-12,Masters 1000,Clay,1st Round,Berrettini M.,Pouille L.,Berrettini M.,33,25,33,25
Internazionali BNL d'Italia,2019-05-13,Masters 1000,Clay,1st Round,Auger-Aliassime F.,Coric B.,Coric B.,30,15,15,30
Internazionali BNL d'Italia,2019-05-13,Masters 1000,Clay,1st Round,Djere L.,Kukushkin M.,Djere L.,32,47,32,47
Internazionali BNL d'Italia,2019-05-13,Masters 1000,Clay,1st Round,Edmund K.,Verdasco F.,Verdasco F.,27,38,38,27
Internazionali BNL d'Italia,2019-05-13,Masters 1000,Clay,1st Round,Shapovalov D.,Carreno Busta P.,Shapovalov D.,22,43,22,43
Internazionali BNL d'Italia,2019-05-13,Masters 1000,Clay,1st Round,De Minaur A.,Cecchinato M.,Cecchinato M.,26,19,19,26
Internazionali BNL d'Italia,2019-05-14,Masters 1000,Clay,1st Round,Paire B.,Albot R.,Albot R.,46,44,44,46
Internazionali BNL d'Italia,2019-05-14,Masters 1000,Clay,1st Round,Wawrinka S.,Goffin D.,Goffin D.,29,23,23,29
Internazionali BNL d'Italia,2019-05-14,Masters 1000,Clay,1st Round,Chardy J.,Gasquet R.,Chardy J.,42,39,42,39
Internazionali BNL d'Italia,2019-05-14,Masters 1000,Clay,1st Round,Kyrgios N.,Medvedev D.,Kyrgios N.,36,14,36,14
Internazionali BNL d'Italia,2019-05-14,Masters 1000,Clay,2nd Round,Khachanov K.,Bautista Agut R.,Khachanov K.,13,20,13,20
Internazionali BNL d'Italia,2019-05-14,Masters 1000,Clay,2nd Round,Zverev A.,Berrettini M.,Berrettini M.,5,33,33,5
Internazionali BNL d'Italia,2019-05-14,Masters 1000,Clay,2nd Round,Basilashvili N.,Djere L.,Basilashvili N.,18,32,18,32
Internazionali BNL d'Italia,2019-05-14,Masters 1000,Clay,2nd Round,Norrie C.,Coric B.,Coric B.,45,15,15,45
Internazionali BNL d'Italia,2019-05-16,Masters 1000,Clay,2nd Round,Thiem D.,Verdasco F.,Verdasco F.,4,38,38,4
Internazionali BNL d'Italia,2019-05-16,Masters 1000,Clay,2nd Round,Chardy J.,Nadal R.,Nadal R.,42,2,2,42
Internazionali BNL d'Italia,2019-05-16,Masters 1000,Clay,2nd Round,Del Potro J.M.,Goffin D.,Del Potro J.M.,9,23,9,23
Internazionali BNL d'Italia,2019-05-16,Masters 1000,Clay,2nd Round,Djokovic N.,Shapovalov D.,Djokovic N.,1,22,1,22
Internazionali BNL d'Italia,2019-05-16,Masters 1000,Clay,2nd Round,Fognini F.,Albot R.,Fognini F.,12,44,12,44
Internazionali BNL d'Italia,2019-05-16,Masters 1000,Clay,3rd Round,Berrettini M.,Schwartzman D.,Schwartzman D.,33,24,24,33
Internazionali BNL d'Italia,2019-05-16,Masters 1000,Clay,3rd Round,Verdasco F.,Khachanov K.,Verdasco F.,38,13,38,13
Internazionali BNL d'Italia,2019-05-16,Masters 1000,Clay,3rd Round,Coric B.,Federer R.,Federer R.,15,3,3,15
Internazionali BNL d'Italia,2019-05-16,Masters 1000,Clay,3rd Round,Nadal R.,Basilashvili N.,Nadal R.,2,18,2,18
Internazionali BNL d'Italia,2019-05-16,Masters 1000,Clay,3rd Round,Tsitsipas S.,Fognini F.,Tsitsipas S.,7,12,7,12
Internazionali BNL d'Italia,2019-05-17,Masters 1000,Clay,Quarterfinals,Nishikori K.,Schwartzman D.,Schwartzman D.,6,24,24,6
Internazionali BNL d'Italia,2019-05-17,Masters 1000,Clay,Quarterfinals,Nadal R.,Verdasco F.,Nadal R.,2,38,2,38
Internazionali BNL d'Italia,2019-05-17,Masters 1000,Clay,Quarterfinals,Del Potro J.M.,Djokovic N.,Djokovic N.,9,1,1,9
Internazionali BNL d'Italia,2019-05-18,Masters 1000,Clay,Semifinals,Nadal R.,Tsitsipas S.,Nadal R.,2,7,2,7
Internazionali BNL d'Italia,2019-05-18,Masters 1000,Clay,Semifinals,Schwartzman D.,Djokovic N.,Djokovic N.,24,1,1,24
Internazionali BNL d'Italia,2019-05-19,Masters 1000,Clay,The Final,Nadal R.,Djokovic N.,Nadal R.,2,1,2,1
Lyon Open,2019-05-20,ATP250,Clay,1st Round,Herbert P.H.,Chardy J.,Herbert P.H.,42,40,42,40
Lyon Open,2019-05-21,ATP250,Clay,1st Round,Hurkacz H.,Cuevas P.,Cuevas P.,43,50,50,43
Lyon Open,2019-05-23,ATP250,Clay,Quarterfinals,Fritz T.,Bautista Agut R.,Fritz T.,46,21,46,21
Lyon Open,2019-05-24,ATP250,Clay,Semifinals,Basilashvili N.,Auger-Aliassime F.,Auger-Aliassime F.,18,28,28,18
French Open,2019-05-26,Grand Slam,Clay,1st Round,Schwartzman D.,Fucsovics M.,Schwartzman D.,20,50,20,50
French Open,2019-05-27,Grand Slam,Clay,1st Round,Medvedev D.,Herbert P.H.,Herbert P.H.,14,43,43,14
French Open,2019-05-27,Grand Slam,Clay,1st Round,Djokovic N.,Hurkacz H.,Djokovic N.,1,44,1,44
French Open,2019-05-27,Grand Slam,Clay,1st Round,Struff J.L.,Shapovalov D.,Struff J.L.,45,24,45,24
French Open,2019-05-28,Grand Slam,Clay,1st Round,Chardy J.,Edmund K.,Edmund K.,41,30,30,41
French Open,2019-05-29,Grand Slam,Clay,2nd Round,Dimitrov G.,Cilic M.,Dimitrov G.,46,13,46,13
French Open,2019-05-29,Grand Slam,Clay,2nd Round,Garin C.,Wawrinka S.,Wawrinka S.,37,28,28,37
French Open,2019-05-29,Grand Slam,Clay,2nd Round,Herbert P.H.,Paire B.,Paire B.,43,38,38,43
French Open,2019-05-30,Grand Slam,Clay,2nd Round,Struff J.L.,Albot R.,Struff J.L.,45,40,45,40
French Open,2019-05-30,Grand Slam,Clay,2nd Round,Mannarino A.,Monfils G.,Monfils G.,48,17,17,48
French Open,2019-05-30,Grand Slam,Clay,2nd Round,Fritz T.,Bautista Agut R.,Bautista Agut R.,42,21,21,42
French Open,2019-05-31,Grand Slam,Clay,3rd Round,Djere L.,Nishikori K.,Nishikori K.,32,7,7,32
French Open,2019-05-31,Grand Slam,Clay,3rd Round,Goffin D.,Nadal R.,Nadal R.,29,2,2,29
French Open,2019-06-01,Grand Slam,Clay,3rd Round,Fognini F.,Bautista Agut R.,Fognini F.,12,21,12,21
French Open,2019-06-01,Grand Slam,Clay,3rd Round,Lajovic D.,Zverev A.,Zverev A.,35,5,5,35
French Open,2019-06-01,Grand Slam,Clay,3rd Round,Coric B.,Struff J.L.,Struff J.L.,15,45,45,15
French Open,2019-06-01,Grand Slam,Clay,3rd Round,Wawrinka S.,Dimitrov G.,Wawrinka S.,28,46,28,46
French Open,2019-06-01,Grand Slam,Clay,3rd Round,Thiem D.,Cuevas P.,Thiem D.,4,47,4,47
French Open,2019-06-02,Grand Slam,Clay,4th Round,Tsitsipas S.,Wawrinka S.,Wawrinka S.,6,28,28,6
French Open,2019-06-03,Grand Slam,Clay,4th Round,Paire B.,Nishikori K.,Nishikori K.,38,7,7,38
French Open,2019-06-03,Grand Slam,Clay,4th Round,Djokovic N.,Struff J.L.,Djokovic N.,1,45,1,45
French Open,2019-06-03,Grand Slam,Clay,4th Round,Monfils G.,Thiem D.,Thiem D.,17,4,4,17
French Open,2019-06-03,Grand Slam,Clay,4th Round,Zverev A.,Fognini F.,Zverev A.,5,12,5,12
French Open,2019-06-03,Grand Slam,Clay,4th Round,Del Potro J.M.,Khachanov K.,Khachanov K.,9,11,11,9
French Open,2019-06-04,Grand Slam,Clay,Quarterfinals,Federer R.,Wawrinka S.,Federer R.,3,28,3,28
French Open,2019-06-04,Grand Slam,Clay,Quarterfinals,Nishikori K.,Nadal R.,Nadal R.,7,2,2,7
French Open,2019-06-06,Grand Slam,Clay,Quarterfinals,Djokovic N.,Zverev A.,Djokovic N.,1,5,1,5
French Open,2019-06-06,Grand Slam,Clay,Quarterfinals,Khachanov K.,Thiem D.,Thiem D.,11,4,4,11
French Open,2019-06-07,Grand Slam,Clay,Semifinals,Nadal R.,Federer R.,Nadal R.,2,3,2,3
French Open,2019-06-08,Grand Slam,Clay,Semifinals,Djokovic N.,Thiem D.,Thiem D.,1,4,4,1
French Open,2019-06-09,Grand Slam,Clay,The Final,Nadal R.,Thiem D.,Nadal R.,2,4,2,4
Rosmalen Grass Court Championships,2019-06-12,ATP250,Grass,2nd Round,Coric B.,Fritz T.,Coric B.,14,41,14,41
Rosmalen Grass Court Championships,2019-06-13,ATP250,Grass,2nd Round,Goffin D.,Herbert P.H.,Goffin D.,33,45,33,45
Rosmalen Grass Court Championships,2019-06-13,ATP250,Grass,2nd Round,Verdasco F.,Mannarino A.,Mannarino A.,34,44,44,34
Rosmalen Grass Court Championships,2019-06-14,ATP250,Grass,2nd Round,Gasquet R.,Kukushkin M.,Gasquet R.,42,47,42,47
Rosmalen Grass Court Championships,2019-06-14,ATP250,Grass,Quarterfinals,Garin C.,Coric B.,Coric B.,32,14,14,32
Rosmalen Grass Court Championships,2019-06-14,ATP250,Grass,Quarterfinals,Mannarino A.,Goffin D.,Mannarino A.,44,33,44,33
Rosmalen Grass Court Championships,2019-06-16,ATP250,Grass,Semifinals,Mannarino A.,Coric B.,Mannarino A.,44,14,44,14
Mercedes Cup,2019-06-11,ATP250,Grass,1st Round,Shapovalov D.,Struff J.L.,Struff J.L.,25,38,38,25
Mercedes Cup,2019-06-11,ATP250,Grass,1st Round,Kyrgios N.,Berrettini M.,Berrettini M.,36,30,30,36
Mercedes Cup,2019-06-12,ATP250,Grass,2nd Round,Medvedev D.,Pouille L.,Pouille L.,13,26,26,13
Mercedes Cup,2019-06-13,ATP250,Grass,2nd Round,Khachanov K.,Berrettini M.,Berrettini M.,9,30,30,9
Mercedes Cup,2019-06-13,ATP250,Grass,2nd Round,Simon G.,Auger-Aliassime F.,Auger-Aliassime F.,37,21,21,37
Mercedes Cup,2019-06-14,ATP250,Grass,Quarterfinals,Pouille L.,Struff J.L.,Struff J.L.,26,38,38,26
Mercedes Cup,2019-06-15,ATP250,Grass,Semifinals,Berrettini M.,Struff J.L.,Berrettini M.,30,38,30,38
Mercedes Cup,2019-06-16,ATP250,Grass,The Final,Auger-Aliassime F.,Berrettini M.,Berrettini M.,21,30,30,21
Halle Open,2019-06-17,ATP500,Grass,1st Round,Herbert P.H.,Monfils G.,Herbert P.H.,43,16,43,16
Halle Open,2019-06-18,ATP500,Grass,1st Round,Pella G.,Goffin D.,Goffin D.,24,33,33,24
Halle Open,2019-06-18,ATP500,Grass,1st Round,Struff J.L.,Djere L.,Struff J.L.,35,27,35,27
Halle Open,2019-06-18,ATP500,Grass,1st Round,Fritz T.,Bautista Agut R.,Bautista Agut R.,42,20,20,42
Halle Open,2019-06-18,ATP500,Grass,1st Round,Berrettini M.,Basilashvili N.,Berrettini M.,22,17,22,17
Halle Open,2019-06-19,ATP500,Grass,2nd Round,Goffin D.,Albot R.,Goffin D.,33,41,33,41
Halle Open,2019-06-19,ATP500,Grass,2nd Round,Struff J.L.,Khachanov K.,Khachanov K.,35,9,9,35
Halle Open,2019-06-21,ATP500,Grass,Quarterfinals,Berrettini M.,Khachanov K.,Berrettini M.,22,9,22,9
Halle Open,2019-06-21,ATP500,Grass,Quarterfinals,Zverev A.,Goffin D.,Goffin D.,5,33,33,5
Halle Open,2019-06-21,ATP500,Grass,Quarterfinals,Federer R.,Bautista Agut R.,Federer R.,3,20,3,20
Halle Open,2019-06-22,ATP500,Grass,Semifinals,Berrettini M.,Goffin D.,Goffin D.,22,33,33,22
Halle Open,2019-06-22,ATP500,Grass,Semifinals,Federer R.,Herbert P.H.,Federer R.,3,43,3,43
Halle Open,2019-06-23,ATP500,Grass,The Final,Goffin D.,Federer R.,Federer R.,33,3,3,33
Queen's Club Championships,2019-06-17,ATP500,Grass,1st Round,Medvedev D.,Verdasco F.,Medvedev D.,13,37,13,37
Queen's Club Championships,2019-06-17,ATP500,Grass,1st Round,Cilic M.,Garin C.,Cilic M.,15,32,15,32
Queen's Club Championships,2019-06-17,ATP500,Grass,1st Round,Anderson K.,Norrie C.,Anderson K.,8,49,8,49
Queen's Club Championships,2019-06-19,ATP500,Grass,1st Round,Shapovalov D.,Del Potro J.M.,Del Potro J.M.,25,12,12,25
Queen's Club Championships,2019-06-19,ATP500,Grass,1st Round,Raonic M.,Cecchinato M.,Raonic M.,18,40,18,40
Queen's Club Championships,2019-06-20,ATP500,Grass,1st Round,Edmund K.,Tsitsipas S.,Tsitsipas S.,30,6,6,30
Queen's Club Championships,2019-06-20,ATP500,Grass,1st Round,Dimitrov G.,Auger-Aliassime F.,Auger-Aliassime F.,45,21,21,45
Queen's Club Championships,2019-06-20,ATP500,Grass,2nd Round,Schwartzman D.,Cilic M.,Schwartzman D.,23,15,23,15
Queen's Club Championships,2019-06-20,ATP500,Grass,2nd Round,Anderson K.,Simon G.,Simon G.,8,38,38,8
Queen's Club Championships,2019-06-20,ATP500,Grass,2nd Round,Pouille L.,Medvedev D.,Medvedev D.,29,13,13,29
Queen's Club Championships,2019-06-20,ATP500,Grass,2nd Round,Auger-Aliassime F.,Kyrgios N.,Auger-Aliassime F.,21,39,21,39
Queen's Club Championships,2019-06-21,ATP500,Grass,Quarterfinals,Schwartzman D.,Medvedev D.,Medvedev D.,23,13,13,23
Queen's Club Championships,2019-06-21,ATP500,Grass,Quarterfinals,Tsitsipas S.,Auger-Aliassime F.,Auger-Aliassime F.,6,21,21,6
Queen's Club Championships,2019-06-22,ATP500,Grass,Semifinals,Medvedev D.,Simon G.,Simon G.,13,38,38,13
Eastbourne International,2019-06-26,ATP250,Grass,2nd Round,Fritz T.,Pella G.,Fritz T.,42,26,42,26
Eastbourne International,2019-06-26,ATP250,Grass,2nd Round,Norrie C.,Edmund K.,Edmund K.,49,31,31,49
Eastbourne International,2019-06-28,ATP250,Grass,Semifinals,Edmund K.,Fritz T.,Fritz T.,31,42,42,31
Wimbledon,2019-07-01,Grand Slam,Grass,1st Round,Anderson K.,Herbert P.H.,Anderson K.,8,39,8,39
Wimbledon,2019-07-01,Grand Slam,Grass,1st Round,Lajovic D.,Hurkacz H.,Hurkacz H.,36,48,48,36
Wimbledon,2019-07-02,Grand Slam,Grass,1st Round,De Minaur A.,Cecchinato M.,De Minaur A.,29,41,29,41
Wimbledon,2019-07-02,Grand Slam,Grass,1st Round,Thompson J.,Kyrgios N.,Kyrgios N.,44,43,43,44
Wimbledon,2019-07-02,Grand Slam,Grass,1st Round,Albot R.,Struff J.L.,Struff J.L.,40,33,33,40
Wimbledon,2019-07-02,Grand Slam,Grass,1st Round,Tiafoe F.,Fognini F.,Fognini F.,38,10,10,38
Wimbledon,2019-07-02,Grand Slam,Grass,1st Round,Mannarino A.,Cilic M.,Cilic M.,42,18,18,42
Wimbledon,2019-07-02,Grand Slam,Grass,1st Round,Gasquet R.,Pouille L.,Pouille L.,47,28,28,47
Wimbledon,2019-07-03,Grand Slam,Grass,2nd Round,Edmund K.,Verdasco F.,Verdasco F.,30,37,37,30
Wimbledon,2019-07-04,Grand Slam,Grass,2nd Round,Fritz T.,Struff J.L.,Struff J.L.,31,33,33,31
Wimbledon,2019-07-04,Grand Slam,Grass,2nd Round,Kyrgios N.,Nadal R.,Nadal R.,43,2,2,43
Wimbledon,2019-07-05,Grand Slam,Grass,3rd Round,Bautista Agut R.,Khachanov K.,Bautista Agut R.,22,9,22,9
Wimbledon,2019-07-05,Grand Slam,Grass,3rd Round,Anderson K.,Pella G.,Pella G.,8,26,26,8
Wimbledon,2019-07-05,Grand Slam,Grass,3rd Round,Goffin D.,Medvedev D.,Goffin D.,23,13,23,13
Wimbledon,2019-07-05,Grand Slam,Grass,3rd Round,Hurkacz H.,Djokovic N.,Djokovic N.,48,1,1,48
Wimbledon,2019-07-06,Grand Slam,Grass,3rd Round,Berrettini M.,Schwartzman D.,Berrettini M.,20,24,20,24
Wimbledon,2019-07-06,Grand Slam,Grass,3rd Round,Federer R.,Pouille L.,Federer R.,3,28,3,28
Wimbledon,2019-07-08,Grand Slam,Grass,4th Round,Goffin D.,Verdasco F.,Goffin D.,23,37,23,37
Wimbledon,2019-07-08,Grand Slam,Grass,4th Round,Bautista Agut R.,Paire B.,Bautista Agut R.,22,32,22,32
Wimbledon,2019-07-08,Grand Slam,Grass,4th Round,Raonic M.,Pella G.,Pella G.,17,26,26,17
Wimbledon,2019-07-08,Grand Slam,Grass,4th Round,Berrettini M.,Federer R.,Federer R.,20,3,3,20
Wimbledon,2019-07-10,Grand Slam,Grass,Quarterfinals,Djokovic N.,Goffin D.,Djokovic N.,1,23,1,23
Wimbledon,2019-07-10,Grand Slam,Grass,Quarterfinals,Pella G.,Bautista Agut R.,Bautista Agut R.,26,22,22,26
Wimbledon,2019-07-10,Grand Slam,Grass,Quarterfinals,Federer R.,Nishikori K.,Federer R.,3,7,3,7
Wimbledon,2019-07-12,Grand Slam,Grass,Semifinals,Djokovic N.,Bautista Agut R.,Djokovic N.,1,22,1,22
Wimbledon,2019-07-12,Grand Slam,Grass,Semifinals,Nadal R.,Federer R.,Federer R.,2,3,3,2
Wimbledon,2019-07-14,Grand Slam,Grass,The Final,Djokovic N.,Federer R.,Djokovic N.,1,3,1,3
Hall of Fame Championships,2019-07-20,ATP250,Grass,Semifinals,Isner J.,Humbert U.,Isner J.,15,48,15,48
BB&T Atlanta Open,2019-07-28,ATP250,Hard,The Final,Fritz T.,De Minaur A.,De Minaur A.,32,34,34,32
Suisse Open Gstaad,2019-07-26,ATP250,Clay,Quarterfinals,Sousa J.,Bautista Agut R.,Sousa J.,49,13,49,13
German Tennis Championships,2019-07-23,ATP500,Clay,1st Round,Thiem D.,Cuevas P.,Thiem D.,4,47,4,47
German Tennis Championships,2019-07-23,ATP500,Clay,1st Round,Jarry N.,Zverev A.,Zverev A.,38,5,5,38
German Tennis Championships,2019-07-24,ATP500,Clay,2nd Round,Fucsovics M.,Thiem D.,Thiem D.,50,4,4,50
German Tennis Championships,2019-07-27,ATP500,Clay,Semifinals,Zverev A.,Basilashvili N.,Basilashvili N.,5,16,16,5
Abierto Mexicano Mifel,2019-08-02,ATP250,Hard,Quarterfinals,Kukushkin M.,Schwartzman D.,Schwartzman D.,45,27,27,45
Abierto Mexicano Mifel,2019-08-02,ATP250,Hard,Quarterfinals,Fritz T.,Fognini F.,Fritz T.,28,9,28,9
Abierto Mexicano Mifel,2019-08-03,ATP250,Hard,Semifinals,Pella G.,Schwartzman D.,Schwartzman D.,24,27,27,24
Abierto Mexicano Mifel,2019-08-03,ATP250,Hard,Semifinals,Fritz T.,Albot R.,Fritz T.,28,41,28,41
Abierto Mexicano Mifel,2019-08-04,ATP250,Hard,The Final,Fritz T.,Schwartzman D.,Schwartzman D.,28,27,27,28
Citi Open,2019-07-31,ATP500,Hard,2nd Round,Hurkacz H.,Isner J.,Isner J.,44,15,15,44
Citi Open,2019-07-31,ATP500,Hard,2nd Round,Auger-Aliassime F.,Opelka R.,Auger-Aliassime F.,22,43,22,43
Citi Open,2019-08-01,ATP500,Hard,2nd Round,Struff J.L.,Thompson J.,Thompson J.,35,46,46,35
Citi Open,2019-08-01,ATP500,Hard,3rd Round,Auger-Aliassime F.,Cilic M.,Cilic M.,22,17,17,22
Citi Open,2019-08-01,ATP500,Hard,3rd Round,Medvedev D.,Tiafoe F.,Medvedev D.,10,40,10,40
Citi Open,2019-08-02,ATP500,Hard,3rd Round,Thompson J.,Tsitsipas S.,Tsitsipas S.,46,6,6,46
Citi Open,2019-08-02,ATP500,Hard,3rd Round,Paire B.,Isner J.,Paire B.,30,15,30,15
Citi Open,2019-08-02,ATP500,Hard,Quarterfinals,Cilic M.,Medvedev D.,Medvedev D.,17,10,10,17
Citi Open,2019-08-03,ATP500,Hard,Quarterfinals,Tsitsipas S.,Paire B.,Tsitsipas S.,6,30,6,30
Rogers Masters,2019-08-05,Masters 1000,Hard,1st Round,Djere L.,Garin C.,Garin C.,37,36,36,37
Rogers Masters,2019-08-05,Masters 1000,Hard,1st Round,Pouille L.,Raonic M.,Raonic M.,30,19,19,30
Rogers Masters,2019-08-05,Masters 1000,Hard,1st Round,Basilashvili N.,Lajovic D.,Basilashvili N.,17,28,17,28
Rogers Masters,2019-08-05,Masters 1000,Hard,1st Round,Shapovalov D.,Herbert P.H.,Shapovalov D.,32,40,32,40
Rogers Masters,2019-08-06,Masters 1000,Hard,1st Round,Isner J.,Thompson J.,Isner J.,15,46,15,46
Rogers Masters,2019-08-06,Masters 1000,Hard,1st Round,Simon G.,Albot R.,Albot R.,34,39,39,34
Rogers Masters,2019-08-06,Masters 1000,Hard,1st Round,Goffin D.,Pella G.,Pella G.,18,24,24,18
Rogers Masters,2019-08-06,Masters 1000,Hard,1st Round,Fritz T.,Hurkacz H.,Hurkacz H.,25,48,48,25
Rogers Masters,2019-08-06,Masters 1000,Hard,1st Round,Edmund K.,Kyrgios N.,Edmund K.,33,27,33,27
Rogers Masters,2019-08-07,Masters 1000,Hard,2nd Round,Struff J.L.,Basilashvili N.,Basilashvili N.,35,17,17,35
Rogers Masters,2019-08-07,Masters 1000,Hard,2nd Round,Albot R.,Pella G.,Pella G.,39,24,24,39
Rogers Masters,2019-08-07,Masters 1000,Hard,2nd Round,Schwartzman D.,Bautista Agut R.,Bautista Agut R.,23,13,13,23
Rogers Masters,2019-08-07,Masters 1000,Hard,2nd Round,Thiem D.,Shapovalov D.,Thiem D.,4,32,4,32
Rogers Masters,2019-08-07,Masters 1000,Hard,2nd Round,Isner J.,Garin C.,Garin C.,15,36,36,15
Rogers Masters,2019-08-07,Masters 1000,Hard,2nd Round,Medvedev D.,Edmund K.,Medvedev D.,9,33,9,33
Rogers Masters,2019-08-07,Masters 1000,Hard,2nd Round,Tsitsipas S.,Hurkacz H.,Hurkacz H.,5,48,48,5
Rogers Masters,2019-08-08,Masters 1000,Hard,2nd Round,Wawrinka S.,Khachanov K.,Khachanov K.,22,8,8,22
Rogers Masters,2019-08-08,Masters 1000,Hard,3rd Round,Thiem D.,Cilic M.,Thiem D.,4,16,4,16
Rogers Masters,2019-08-08,Masters 1000,Hard,3rd Round,Garin C.,Medvedev D.,Medvedev D.,36,9,9,36
Rogers Masters,2019-08-08,Masters 1000,Hard,3rd Round,Zverev A.,Basilashvili N.,Zverev A.,7,17,7,17
Rogers Masters,2019-08-08,Masters 1000,Hard,3rd Round,Auger-Aliassime F.,Khachanov K.,Khachanov K.,21,8,8,21
Rogers Masters,2019-08-08,Masters 1000,Hard,3rd Round,Pella G.,Nadal R.,Nadal R.,24,2,2,24
Rogers Masters,2019-08-09,Masters 1000,Hard,3rd Round,Hurkacz H.,Monfils G.,Monfils G.,48,20,20,48
Rogers Masters,2019-08-09,Masters 1000,Hard,Quarterfinals,Medvedev D.,Thiem D.,Medvedev D.,9,4,9,4
Rogers Masters,2019-08-09,Masters 1000,Hard,Quarterfinals,Zverev A.,Khachanov K.,Khachanov K.,7,8,8,7
Rogers Masters,2019-08-09,Masters 1000,Hard,Quarterfinals,Nadal R.,Fognini F.,Nadal R.,2,11,2,11
Rogers Masters,2019-08-10,Masters 1000,Hard,Quarterfinals,Bautista Agut R.,Monfils G.,Monfils G.,13,20,20,13
Rogers Masters,2019-08-10,Masters 1000,Hard,Semifinals,Medvedev D.,Khachanov K.,Medvedev D.,9,8,9,8
Rogers Masters,2019-08-11,Masters 1000,Hard,The Final,Medvedev D.,Nadal R.,Nadal R.,9,2,2,9
Western & Southern Financial Group Masters,2019-08-12,Masters 1000,Hard,1st Round,Lajovic D.,Isner J.,Isner J.,28,16,16,28
Western & Southern Financial Group Masters,2019-08-12,Masters 1000,Hard,1st Round,Albot R.,Cilic M.,Albot R.,39,18,39,18
Western & Southern Financial Group Masters,2019-08-12,Masters 1000,Hard,1st Round,Herbert P.H.,Querrey S.,Querrey S.,41,45,45,41
Western & Southern Financial Group Masters,2019-08-13,Masters 1000,Hard,1st Round,Sonego L.,Kyrgios N.,Kyrgios N.,47,27,27,47
Western & Southern Financial Group Masters,2019-08-13,Masters 1000,Hard,1st Round,Fritz T.,Goffin D.,Goffin D.,25,19,19,25
Western & Southern Financial Group Masters,2019-08-13,Masters 1000,Hard,1st Round,Schwartzman D.,Djere L.,Schwartzman D.,24,37,24,37
Western & Southern Financial Group Masters,2019-08-13,Masters 1000,Hard,1st Round,Sousa J.,Shapovalov D.,Shapovalov D.,43,34,34,43
Western & Southern Financial Group Masters,2019-08-13,Masters 1000,Hard,1st Round,Medvedev D.,Edmund K.,Medvedev D.,8,30,8,30
Western & Southern Financial Group Masters,2019-08-13,Masters 1000,Hard,1st Round,Hurkacz H.,Bautista Agut R.,Bautista Agut R.,40,11,11,40
Western & Southern Financial Group Masters,2019-08-13,Masters 1000,Hard,1st Round,Opelka R.,Coric B.,Opelka R.,42,13,42,13
Western & Southern Financial Group Masters,2019-08-13,Masters 1000,Hard,2nd Round,Querrey S.,Djokovic N.,Djokovic N.,45,1,1,45
Western & Southern Financial Group Masters,2019-08-14,Masters 1000,Hard,2nd Round,De Minaur A.,Opelka R.,De Minaur A.,38,42,38,42
Western & Southern Financial Group Masters,2019-08-14,Masters 1000,Hard,2nd Round,Paire B.,Medvedev D.,Medvedev D.,29,8,8,29
Western & Southern Financial Group Masters,2019-08-14,Masters 1000,Hard,2nd Round,Struff J.L.,Tsitsipas S.,Struff J.L.,36,7,36,7
Western & Southern Financial Group Masters,2019-08-14,Masters 1000,Hard,2nd Round,Albot R.,Schwartzman D.,Schwartzman D.,39,24,24,39
Western & Southern Financial Group Masters,2019-08-14,Masters 1000,Hard,2nd Round,Pella G.,Goffin D.,Goffin D.,22,19,19,22
Western & Southern Financial Group Masters,2019-08-14,Masters 1000,Hard,2nd Round,Pouille L.,Shapovalov D.,Pouille L.,31,34,31,34
Western & Southern Financial Group Masters,2019-08-15,Masters 1000,Hard,2nd Round,Khachanov K.,Kyrgios N.,Khachanov K.,9,27,9,27
Western & Southern Financial Group Masters,2019-08-15,Masters 1000,Hard,3rd Round,Medvedev D.,Struff J.L.,Medvedev D.,8,36,8,36
Western & Southern Financial Group Masters,2019-08-15,Masters 1000,Hard,3rd Round,Khachanov K.,Pouille L.,Pouille L.,9,31,31,9
Western & Southern Financial Group Masters,2019-08-17,Masters 1000,Hard,Quarterfinals,Pouille L.,Djokovic N.,Djokovic N.,31,1,1,31
Western & Southern Financial Group Masters,2019-08-17,Masters 1000,Hard,Semifinals,Djokovic N.,Medvedev D.,Medvedev D.,1,8,8,1
Western & Southern Financial Group Masters,2019-08-18,Masters 1000,Hard,The Final,Medvedev D.,Goffin D.,Medvedev D.,8,19,8,19
Winston-Salem Open at Wake Forest University,2019-08-21,ATP250,Hard,2nd Round,Rublev A.,Ramos-Vinolas A.,Rublev A.,47,50,47,50
Winston-Salem Open at Wake Forest University,2019-08-21,ATP250,Hard,3rd Round,Kecmanovic M.,Shapovalov D.,Shapovalov D.,49,38,38,49
Winston-Salem Open at Wake Forest University,2019-08-22,ATP250,Hard,3rd Round,Rublev A.,Querrey S.,Rublev A.,47,46,47,46
Winston-Salem Open at Wake Forest University,2019-08-23,ATP250,Hard,Quarterfinals,Rublev A.,Shapovalov D.,Shapovalov D.,47,38,38,47
Winston-Salem Open at Wake Forest University,2019-08-24,ATP250,Hard,Semifinals,Hurkacz H.,Shapovalov D.,Hurkacz H.,41,38,41,38
Winston-Salem Open at Wake Forest University,2019-08-24,ATP250,Hard,The Final,Paire B.,Hurkacz H.,Hurkacz H.,30,41,41,30
US Open,2019-08-26,Grand Slam,Hard,1st Round,De Minaur A.,Herbert P.H.,De Minaur A.,38,48,38,48
US Open,2019-08-26,Grand Slam,Hard,1st Round,Fognini F.,Opelka R.,Opelka R.,11,42,42,11
US Open,2019-08-26,Grand Slam,Hard,1st Round,Kecmanovic M.,Djere L.,Kecmanovic M.,50,39,50,39
US Open,2019-08-27,Grand Slam,Hard,1st Round,Gasquet R.,Berrettini M.,Berrettini M.,36,25,25,36
US Open,2019-08-27,Grand Slam,Hard,1st Round,Bautista Agut R.,Kukushkin M.,Kukushkin M.,10,47,47,10
US Open,2019-08-27,Grand Slam,Hard,1st Round,Tsitsipas S.,Rublev A.,Rublev A.,8,43,43,8
US Open,2019-08-27,Grand Slam,Hard,1st Round,Zverev A.,Albot R.,Zverev A.,6,41,6,41
US Open,2019-08-27,Grand Slam,Hard,1st Round,Shapovalov D.,Auger-Aliassime F.,Shapovalov D.,33,19,33,19
US Open,2019-08-29,Grand Slam,Hard,2nd Round,De Minaur A.,Garin C.,De Minaur A.,38,32,38,32
US Open,2019-08-29,Grand Slam,Hard,2nd Round,Zverev A.,Tiafoe F.,Zverev A.,6,45,6,45
US Open,2019-08-29,Grand Slam,Hard,2nd Round,Struff J.L.,Isner J.,Isner J.,37,14,14,37
US Open,2019-08-30,Grand Slam,Hard,3rd Round,De Minaur A.,Nishikori K.,De Minaur A.,38,7,38,7
US Open,2019-08-31,Grand Slam,Hard,3rd Round,Isner J.,Cilic M.,Cilic M.,14,23,23,14
US Open,2019-09-01,Grand Slam,Hard,3rd Round,Monfils G.,Shapovalov D.,Monfils G.,13,33,13,33
US Open,2019-09-01,Grand Slam,Hard,3rd Round,Kyrgios N.,Rublev A.,Rublev A.,30,43,43,30
US Open,2019-09-01,Grand Slam,Hard,4th Round,Federer R.,Goffin D.,Federer R.,3,15,3,15
US Open,2019-09-02,Grand Slam,Hard,4th Round,Zverev A.,Schwartzman D.,Schwartzman D.,6,21,21,6
US Open,2019-09-02,Grand Slam,Hard,4th Round,Berrettini M.,Rublev A.,Berrettini M.,25,43,25,43
US Open,2019-09-03,Grand Slam,Hard,4th Round,Nadal R.,Cilic M.,Nadal R.,2,23,2,23
US Open,2019-09-03,Grand Slam,Hard,Quarterfinals,Wawrinka S.,Medvedev D.,Medvedev D.,24,5,5,24
US Open,2019-09-04,Grand Slam,Hard,Quarterfinals,Monfils G.,Berrettini M.,Berrettini M.,13,25,25,13
US Open,2019-09-05,Grand Slam,Hard,Quarterfinals,Nadal R.,Schwartzman D.,Nadal R.,2,21,2,21
US Open,2019-09-07,Grand Slam,Hard,Semifinals,Nadal R.,Berrettini M.,Nadal R.,2,25,2,25
Open de Moselle,2019-09-18,ATP250,Hard,2nd Round,Paire B.,Gasquet R.,Paire B.,23,41,23,41
Open de Moselle,2019-09-18,ATP250,Hard,2nd Round,Verdasco F.,Krajinovic F.,Krajinovic F.,35,49,49,35
Open de Moselle,2019-09-20,ATP250,Hard,Quarterfinals,Krajinovic F.,Pouille L.,Pouille L.,49,26,26,49
St. Petersburg Open,2019-09-20,ATP250,Hard,Quarterfinals,Medvedev D.,Rublev A.,Medvedev D.,4,38,4,38
St. Petersburg Open,2019-09-22,ATP250,Hard,The Final,Coric B.,Medvedev D.,Medvedev D.,15,4,4,15
Chengdu Open,2019-09-23,ATP250,Hard,1st Round,Garin C.,Edmund K.,Garin C.,33,32,33,32
Chengdu Open,2019-09-26,ATP250,Hard,2nd Round,Dimitrov G.,Evans D.,Dimitrov G.,26,48,26,48
Chengdu Open,2019-09-26,ATP250,Hard,2nd Round,Garin C.,Verdasco F.,Garin C.,33,35,33,35
Zhuhai Open,2019-09-25,ATP250,Hard,2nd Round,Ramos-Vinolas A.,Kecmanovic M.,Ramos-Vinolas A.,46,50,46,50
Zhuhai Open,2019-09-27,ATP250,Hard,Quarterfinals,Monfils G.,Ramos-Vinolas A.,Ramos-Vinolas A.,12,46,46,12
Zhuhai Open,2019-09-27,ATP250,Hard,Quarterfinals,De Minaur A.,Coric B.,De Minaur A.,31,14,31,14
Zhuhai Open,2019-09-28,ATP250,Hard,Semifinals,De Minaur A.,Bautista Agut R.,De Minaur A.,31,10,31,10
China Open,2019-09-30,ATP500,Hard,1st Round,Rublev A.,Dimitrov G.,Rublev A.,35,26,35,26
China Open,2019-09-30,ATP500,Hard,1st Round,Cuevas P.,Khachanov K.,Khachanov K.,47,9,9,47
China Open,2019-09-30,ATP500,Hard,1st Round,Tiafoe F.,Zverev A.,Zverev A.,46,6,6,46
China Open,2019-10-01,ATP500,Hard,1st Round,Auger-Aliassime F.,Ramos-Vinolas A.,Auger-Aliassime F.,20,44,20,44
China Open,2019-10-01,ATP500,Hard,1st Round,Monfils G.,Isner J.,Isner J.,11,19,19,11
China Open,2019-10-01,ATP500,Hard,1st Round,Basilashvili N.,Pella G.,Basilashvili N.,17,22,17,22
China Open,2019-10-01,ATP500,Hard,1st Round,Gasquet R.,Thiem D.,Thiem D.,42,5,5,42
China Open,2019-10-01,ATP500,Hard,1st Round,Tsitsipas S.,Lajovic D.,Tsitsipas S.,7,29,7,29
China Open,2019-10-01,ATP500,Hard,1st Round,Verdasco F.,Schwartzman D.,Schwartzman D.,38,16,16,38
China Open,2019-10-02,ATP500,Hard,2nd Round,Fognini F.,Rublev A.,Fognini F.,12,35,12,35
China Open,2019-10-03,ATP500,Hard,2nd Round,Isner J.,Evans D.,Isner J.,19,48,19,48
China Open,2019-10-03,ATP500,Hard,2nd Round,Basilashvili N.,Tsitsipas S.,Tsitsipas S.,17,7,7,17
China Open,2019-10-03,ATP500,Hard,2nd Round,Auger-Aliassime F.,Zverev A.,Zverev A.,20,6,6,20
China Open,2019-10-04,ATP500,Hard,Quarterfinals,Khachanov K.,Fognini F.,Khachanov K.,9,12,9,12
China Open,2019-10-04,ATP500,Hard,Quarterfinals,Tsitsipas S.,Isner J.,Tsitsipas S.,7,19,7,19
China Open,2019-10-05,ATP500,Hard,Semifinals,Thiem D.,Khachanov K.,Thiem D.,5,9,5,9
China Open,2019-10-05,ATP500,Hard,Semifinals,Zverev A.,Tsitsipas S.,Tsitsipas S.,6,7,7,6
China Open,2019-10-06,ATP500,Hard,The Final,Thiem D.,Tsitsipas S.,Thiem D.,5,7,5,7
Rakuten Japan Open Tennis Championships,2019-09-30,ATP500,Hard,1st Round,Pouille L.,Hurkacz H.,Pouille L.,24,36,24,36
Rakuten Japan Open Tennis Championships,2019-10-01,ATP500,Hard,1st Round,Albot R.,Krajinovic F.,Albot R.,45,49,45,49
Rakuten Japan Open Tennis Championships,2019-10-02,ATP500,Hard,1st Round,Goffin D.,Carreno Busta P.,Goffin D.,15,39,15,39
Rakuten Japan Open Tennis Championships,2019-10-03,ATP500,Hard,2nd Round,Shapovalov D.,Goffin D.,Goffin D.,32,15,15,32
Rakuten Japan Open Tennis Championships,2019-10-04,ATP500,Hard,Quarterfinals,Pouille L.,Djokovic N.,Djokovic N.,24,1,1,24
Rakuten Japan Open Tennis Championships,2019-10-05,ATP500,Hard,Semifinals,Djokovic N.,Goffin D.,Djokovic N.,1,15,1,15
Shanghai Masters,2019-10-06,Masters 1000,Hard,1st Round,Basilashvili N.,Albot R.,Basilashvili N.,26,47,26,47
Shanghai Masters,2019-10-06,Masters 1000,Hard,1st Round,Fritz T.,Verdasco F.,Fritz T.,29,41,29,41
Shanghai Masters,2019-10-07,Masters 1000,Hard,1st Round,Cilic M.,Ramos-Vinolas A.,Ramos-Vinolas A.,25,46,46,25
Shanghai Masters,2019-10-07,Masters 1000,Hard,1st Round,Querrey S.,Fognini F.,Fognini F.,45,12,12,45
Shanghai Masters,2019-10-07,Masters 1000,Hard,1st Round,Garin C.,Cuevas P.,Garin C.,32,48,32,48
Shanghai Masters,2019-10-08,Masters 1000,Hard,1st Round,Lajovic D.,Opelka R.,Opelka R.,31,40,40,31
Shanghai Masters,2019-10-08,Masters 1000,Hard,1st Round,Rublev A.,Coric B.,Rublev A.,33,15,33,15
Shanghai Masters,2019-10-08,Masters 1000,Hard,1st Round,De Minaur A.,Isner J.,Isner J.,24,17,17,24
Shanghai Masters,2019-10-08,Masters 1000,Hard,1st Round,Struff J.L.,Berrettini M.,Berrettini M.,38,13,13,38
Shanghai Masters,2019-10-08,Masters 1000,Hard,2nd Round,Paire B.,Basilashvili N.,Basilashvili N.,23,26,26,23
Shanghai Masters,2019-10-08,Masters 1000,Hard,2nd Round,Hurkacz H.,Monfils G.,Hurkacz H.,34,11,34,11
Shanghai Masters,2019-10-08,Masters 1000,Hard,2nd Round,Ramos-Vinolas A.,Federer R.,Federer R.,46,3,3,46
Shanghai Masters,2019-10-09,Masters 1000,Hard,2nd Round,Auger-Aliassime F.,Tsitsipas S.,Tsitsipas S.,19,7,7,19
Shanghai Masters,2019-10-09,Masters 1000,Hard,2nd Round,Berrettini M.,Garin C.,Berrettini M.,13,32,13,32
Shanghai Masters,2019-10-09,Masters 1000,Hard,2nd Round,Pouille L.,Isner J.,Isner J.,22,17,17,22
Shanghai Masters,2019-10-09,Masters 1000,Hard,2nd Round,Bautista Agut R.,Opelka R.,Bautista Agut R.,10,40,10,40
Shanghai Masters,2019-10-09,Masters 1000,Hard,2nd Round,Fritz T.,Khachanov K.,Khachanov K.,29,9,9,29
Shanghai Masters,2019-10-09,Masters 1000,Hard,2nd Round,Djokovic N.,Shapovalov D.,Djokovic N.,1,36,1,36
Shanghai Masters,2019-10-09,Masters 1000,Hard,2nd Round,Carreno Busta P.,Thiem D.,Thiem D.,37,5,5,37
Shanghai Masters,2019-10-10,Masters 1000,Hard,3rd Round,Fognini F.,Khachanov K.,Fognini F.,12,9,12,9
Shanghai Masters,2019-10-10,Masters 1000,Hard,3rd Round,Berrettini M.,Bautista Agut R.,Berrettini M.,13,10,13,10
Shanghai Masters,2019-10-10,Masters 1000,Hard,3rd Round,Isner J.,Djokovic N.,Djokovic N.,17,1,1,17
Shanghai Masters,2019-10-10,Masters 1000,Hard,3rd Round,Tsitsipas S.,Hurkacz H.,Tsitsipas S.,7,34,7,34
Shanghai Masters,2019-10-10,Masters 1000,Hard,3rd Round,Goffin D.,Federer R.,Federer R.,14,3,3,14
Shanghai Masters,2019-10-10,Masters 1000,Hard,3rd Round,Thiem D.,Basilashvili N.,Thiem D.,5,26,5,26
Shanghai Masters,2019-10-10,Masters 1000,Hard,3rd Round,Rublev A.,Zverev A.,Zverev A.,33,6,6,33
Shanghai Masters,2019-10-11,Masters 1000,Hard,Quarterfinals,Medvedev D.,Fognini F.,Medvedev D.,4,12,4,12
Shanghai Masters,2019-10-11,Masters 1000,Hard,Quarterfinals,Djokovic N.,Tsitsipas S.,Tsitsipas S.,1,7,7,1
Shanghai Masters,2019-10-11,Masters 1000,Hard,Quarterfinals,Zverev A.,Federer R.,Zverev A.,6,3,6,3
Shanghai Masters,2019-10-11,Masters 1000,Hard,Quarterfinals,Thiem D.,Berrettini M.,Berrettini M.,5,13,13,5
Shanghai Masters,2019-10-12,Masters 1000,Hard,Semifinals,Medvedev D.,Tsitsipas S.,Medvedev D.,4,7,4,7
Shanghai Masters,2019-10-12,Masters 1000,Hard,Semifinals,Berrettini M.,Zverev A.,Zverev A.,13,6,6,13
Shanghai Masters,2019-10-13,Masters 1000,Hard,The Final,Medvedev D.,Zverev A.,Medvedev D.,4,6,4,6
European Open,2019-10-16,ATP250,Hard,2nd Round,Simon G.,Tsonga J.W.,Simon G.,47,36,47,36
European Open,2019-10-18,ATP250,Hard,Quarterfinals,Wawrinka S.,Simon G.,Wawrinka S.,18,47,18,47
Kremlin Cup,2019-10-15,ATP250,Hard,1st Round,Bublik A.,Rublev A.,Rublev A.,48,31,31,48
Kremlin Cup,2019-10-18,ATP250,Hard,Quarterfinals,Mannarino A.,Lajovic D.,Mannarino A.,44,32,44,32
Kremlin Cup,2019-10-19,ATP250,Hard,Semifinals,Cilic M.,Rublev A.,Rublev A.,25,31,31,25
Kremlin Cup,2019-10-20,ATP250,Hard,The Final,Rublev A.,Mannarino A.,Rublev A.,31,44,31,44
Stockholm Open,2019-10-16,ATP250,Hard,2nd Round,Querrey S.,Dimitrov G.,Querrey S.,50,27,50,27
Stockholm Open,2019-10-18,ATP250,Hard,Quarterfinals,Carreno Busta P.,Querrey S.,Carreno Busta P.,35,50,35,50
Swiss Indoors,2019-10-22,ATP500,Hard,1st Round,Albot R.,Lajovic D.,Albot R.,49,33,49,33
Swiss Indoors,2019-10-22,ATP500,Hard,1st Round,Garin C.,Opelka R.,Opelka R.,38,37,37,38
Swiss Indoors,2019-10-22,ATP500,Hard,1st Round,Zverev A.,Fritz T.,Fritz T.,6,31,31,6
Swiss Indoors,2019-10-22,ATP500,Hard,1st Round,Ramos-Vinolas A.,Tsitsipas S.,Tsitsipas S.,42,7,7,42
Swiss Indoors,2019-10-23,ATP500,Hard,1st Round,Krajinovic F.,Djere L.,Krajinovic F.,46,39,46,39
Swiss Indoors,2019-10-23,ATP500,Hard,1st Round,Cilic M.,Goffin D.,Goffin D.,23,13,13,23
Swiss Indoors,2019-10-23,ATP500,Hard,1st Round,Wawrinka S.,Cuevas P.,Wawrinka S.,17,45,17,45
Swiss Indoors,2019-10-23,ATP500,Hard,1st Round,Evans D.,Tiafoe F.,Tiafoe F.,43,48,48,43
Swiss Indoors,2019-10-23,ATP500,Hard,2nd Round,Federer R.,Albot R.,Federer R.,3,49,3,49
Swiss Indoors,2019-10-23,ATP500,Hard,2nd Round,Fritz T.,De Minaur A.,De Minaur A.,31,28,28,31
Swiss Indoors,2019-10-24,ATP500,Hard,2nd Round,Goffin D.,Opelka R.,Opelka R.,13,37,37,13
Swiss Indoors,2019-10-24,ATP500,Hard,2nd Round,Wawrinka S.,Tiafoe F.,Wawrinka S.,17,48,17,48
Swiss Indoors,2019-10-24,ATP500,Hard,2nd Round,Fognini F.,Krajinovic F.,Krajinovic F.,12,46,46,12
Swiss Indoors,2019-10-25,ATP500,Hard,Quarterfinals,Opelka R.,Bautista Agut R.,Opelka R.,37,10,37,10
Swiss Indoors,2019-10-25,ATP500,Hard,Quarterfinals,Struff J.L.,De Minaur A.,De Minaur A.,41,28,28,41
Swiss Indoors,2019-10-25,ATP500,Hard,Quarterfinals,Tsitsipas S.,Krajinovic F.,Tsitsipas S.,7,46,7,46
Swiss Indoors,2019-10-26,ATP500,Hard,Semifinals,Opelka R.,De Minaur A.,De Minaur A.,37,28,28,37
Swiss Indoors,2019-10-26,ATP500,Hard,Semifinals,Federer R.,Tsitsipas S.,Federer R.,3,7,3,7
Swiss Indoors,2019-10-27,ATP500,Hard,The Final,De Minaur A.,Federer R.,Federer R.,28,3,3,28
Erste Bank Open,2019-10-21,ATP500,Hard,1st Round,Khachanov K.,Hurkacz H.,Khachanov K.,9,35,9,35
Erste Bank Open,2019-10-22,ATP500,Hard,1st Round,Verdasco F.,Basilashvili N.,Verdasco F.,40,26,40,26
Erste Bank Open,2019-10-22,ATP500,Hard,1st Round,Tsonga J.W.,Thiem D.,Thiem D.,36,5,5,36
Erste Bank Open,2019-10-23,ATP500,Hard,1st Round,Shapovalov D.,Carreno Busta P.,Carreno Busta P.,27,34,34,27
Erste Bank Open,2019-10-23,ATP500,Hard,1st Round,Querrey S.,Mannarino A.,Querrey S.,47,44,47,44
Erste Bank Open,2019-10-23,ATP500,Hard,2nd Round,Berrettini M.,Dimitrov G.,Berrettini M.,11,29,11,29
Erste Bank Open,2019-10-24,ATP500,Hard,2nd Round,Querrey S.,Schwartzman D.,Schwartzman D.,47,15,15,47
Erste Bank Open,2019-10-24,ATP500,Hard,2nd Round,Verdasco F.,Thiem D.,Thiem D.,40,5,5,40
Erste Bank Open,2019-10-25,ATP500,Hard,Quarterfinals,Rublev A.,Berrettini M.,Berrettini M.,22,11,11,22
Erste Bank Open,2019-10-25,ATP500,Hard,Quarterfinals,Schwartzman D.,Khachanov K.,Schwartzman D.,15,9,15,9
Erste Bank Open,2019-10-26,ATP500,Hard,Semifinals,Thiem D.,Berrettini M.,Thiem D.,5,11,5,11
Erste Bank Open,2019-10-26,ATP500,Hard,Semifinals,Monfils G.,Schwartzman D.,Schwartzman D.,14,15,15,14
Erste Bank Open,2019-10-27,ATP500,Hard,The Final,Thiem D.,Schwartzman D.,Thiem D.,5,15,5,15
BNP Paribas Masters,2019-10-28,Masters 1000,Hard,1st Round,Basilashvili N.,Albot R.,Albot R.,26,50,50,26
BNP Paribas Masters,2019-10-28,Masters 1000,Hard,1st Round,Cilic M.,Hurkacz H.,Cilic M.,24,37,24,37
BNP Paribas Masters,2019-10-28,Masters 1000,Hard,1st Round,Verdasco F.,Coric B.,Verdasco F.,49,25,49,25
BNP Paribas Masters,2019-10-28,Masters 1000,Hard,1st Round,Cuevas P.,Garin C.,Garin C.,44,42,42,44
BNP Paribas Masters,2019-10-28,Masters 1000,Hard,1st Round,Rublev A.,Tsonga J.W.,Tsonga J.W.,22,35,35,22
BNP Paribas Masters,2019-10-29,Masters 1000,Hard,1st Round,Fritz T.,Tiafoe F.,Fritz T.,33,46,33,46
BNP Paribas Masters,2019-10-29,Masters 1000,Hard,1st Round,Djere L.,De Minaur A.,De Minaur A.,38,18,18,38
BNP Paribas Masters,2019-10-29,Masters 1000,Hard,2nd Round,Struff J.L.,Khachanov K.,Struff J.L.,36,8,36,8
BNP Paribas Masters,2019-10-29,Masters 1000,Hard,2nd Round,Verdasco F.,Zverev A.,Zverev A.,49,6,6,49
BNP Paribas Masters,2019-10-30,Masters 1000,Hard,2nd Round,Thiem D.,Raonic M.,Thiem D.,5,32,5,32
BNP Paribas Masters,2019-10-30,Masters 1000,Hard,2nd Round,Fognini F.,Shapovalov D.,Shapovalov D.,12,28,28,12
BNP Paribas Masters,2019-10-30,Masters 1000,Hard,2nd Round,Garin C.,Isner J.,Garin C.,42,17,42,17
BNP Paribas Masters,2019-10-30,Masters 1000,Hard,2nd Round,Fritz T.,Tsitsipas S.,Tsitsipas S.,33,7,7,33
BNP Paribas Masters,2019-10-30,Masters 1000,Hard,2nd Round,Dimitrov G.,Goffin D.,Dimitrov G.,27,14,27,14
BNP Paribas Masters,2019-10-30,Masters 1000,Hard,2nd Round,Bautista Agut R.,De Minaur A.,De Minaur A.,10,18,18,10
BNP Paribas Masters,2019-10-30,Masters 1000,Hard,2nd Round,Monfils G.,Paire B.,Monfils G.,13,23,13,23
BNP Paribas Masters,2019-10-30,Masters 1000,Hard,2nd Round,Cilic M.,Wawrinka S.,Wawrinka S.,24,16,16,24
BNP Paribas Masters,2019-10-30,Masters 1000,Hard,2nd Round,Nadal R.,Mannarino A.,Nadal R.,2,43,2,43
BNP Paribas Masters,2019-10-30,Masters 1000,Hard,2nd Round,Berrettini M.,Tsonga J.W.,Tsonga J.W.,9,35,35,9
BNP Paribas Masters,2019-10-31,Masters 1000,Hard,3rd Round,Thiem D.,Dimitrov G.,Dimitrov G.,5,27,27,5
BNP Paribas Masters,2019-10-31,Masters 1000,Hard,3rd Round,Tsitsipas S.,De Minaur A.,Tsitsipas S.,7,18,7,18
BNP Paribas Masters,2019-10-31,Masters 1000,Hard,3rd Round,Tsonga J.W.,Struff J.L.,Tsonga J.W.,35,36,35,36
BNP Paribas Masters,2019-10-31,Masters 1000,Hard,3rd Round,Zverev A.,Shapovalov D.,Shapovalov D.,6,28,28,6
BNP Paribas Masters,2019-10-31,Masters 1000,Hard,3rd Round,Nadal R.,Wawrinka S.,Nadal R.,2,16,2,16
BNP Paribas Masters,2019-10-31,Masters 1000,Hard,3rd Round,Albot R.,Monfils G.,Monfils G.,50,13,13,50
BNP Paribas Masters,2019-11-01,Masters 1000,Hard,Quarterfinals,Dimitrov G.,Garin C.,Dimitrov G.,27,42,27,42
BNP Paribas Masters,2019-11-01,Masters 1000,Hard,Quarterfinals,Tsitsipas S.,Djokovic N.,Djokovic N.,7,1,1,7
BNP Paribas Masters,2019-11-01,Masters 1000,Hard,Quarterfinals,Shapovalov D.,Monfils G.,Shapovalov D.,28,13,28,13
BNP Paribas Masters,2019-11-01,Masters 1000,Hard,Quarterfinals,Tsonga J.W.,Nadal R.,Nadal R.,35,2,2,35
BNP Paribas Masters,2019-11-02,Masters 1000,Hard,Semifinals,Djokovic N.,Dimitrov G.,Djokovic N.,1,27,1,27
BNP Paribas Masters,2019-11-03,Masters 1000,Hard,The Final,Shapovalov D.,Djokovic N.,Djokovic N.,28,1,1,28
Masters Cup,2019-11-10,Masters Cup,Hard,Round Robin,Djokovic N.,Berrettini M.,Djokovic N.,2,8,2,8
Masters Cup,2019-11-10,Masters Cup,Hard,Round Robin,Federer R.,Thiem D.,Thiem D.,3,5,5,3
Masters Cup,2019-11-11,Masters Cup,Hard,Round Robin,Tsitsipas S.,Medvedev D.,Tsitsipas S.,6,4,6,4
Masters Cup,2019-11-11,Masters Cup,Hard,Round Robin,Nadal R.,Zverev A.,Zverev A.,1,7,7,1
Masters Cup,2019-11-12,Masters Cup,Hard,Round Robin,Federer R.,Berrettini M.,Federer R.,3,8,3,8
Masters Cup,2019-11-12,Masters Cup,Hard,Round Robin,Djokovic N.,Thiem D.,Thiem D.,2,5,5,2
Masters Cup,2019-11-13,Masters Cup,Hard,Round Robin,Nadal R.,Medvedev D.,Nadal R.,1,4,1,4
Masters Cup,2019-11-13,Masters Cup,Hard,Round Robin,Zverev A.,Tsitsipas S.,Tsitsipas S.,7,6,6,7
Masters Cup,2019-11-14,Masters Cup,Hard,Round Robin,Berrettini M.,Thiem D.,Berrettini M.,8,5,8,5
Masters Cup,2019-11-14,Masters Cup,Hard,Round Robin,Djokovic N.,Federer R.,Federer R.,2,3,3,2
Masters Cup,2019-11-15,Masters Cup,Hard,Round Robin,Nadal R.,Tsitsipas S.,Nadal R.,1,6,1,6
Masters Cup,2019-11-15,Masters Cup,Hard,Round Robin,Medvedev D.,Zverev A.,Zverev A.,4,7,7,4
Masters Cup,2019-11-16,Masters Cup,Hard,Semifinals,Tsitsipas S.,Federer R.,Tsitsipas S.,6,3,6,3
Masters Cup,2019-11-16,Masters Cup,Hard,Semifinals,Zverev A.,Thiem D.,Thiem D.,7,5,5,7
Masters Cup,2019-11-17,Masters Cup,Hard,The Final,Tsitsipas S.,Thiem D.,Tsitsipas S.,6,5,6,5
Qatar Exxon Mobil Open,2020-01-08,ATP250,Hard,2nd Round,Krajinovic F.,Verdasco F.,Verdasco F.,40,49,49,40
ASB Classic,2020-01-12,ATP250,Hard,1st Round,Opelka R.,Cuevas P.,Cuevas P.,38,44,44,38
ASB Classic,2020-01-15,ATP250,Hard,2nd Round,Rublev A.,Querrey S.,Rublev A.,18,45,18,45
ASB Classic,2020-01-16,ATP250,Hard,Quarterfinals,Evans D.,Rublev A.,Rublev A.,33,18,18,33
ASB Classic,2020-01-17,ATP250,Hard,Semifinals,Auger-Aliassime F.,Rublev A.,Rublev A.,22,18,18,22
Adelaide International,2020-01-15,ATP250,Hard,2nd Round,Khachanov K.,Millman J.,Millman J.,16,47,47,16
Adelaide International,2020-01-16,ATP250,Hard,Quarterfinals,Paire B.,Millman J.,Paire B.,24,47,24,47
Adelaide International,2020-01-17,ATP250,Hard,Semifinals,Hurkacz H.,Paire B.,Paire B.,34,24,24,34
Australian Open,2020-01-20,Grand Slam,Hard,1st Round,Querrey S.,Coric B.,Querrey S.,45,28,45,28
Australian Open,2020-01-20,Grand Slam,Hard,1st Round,Struff J.L.,Djokovic N.,Djokovic N.,37,2,2,37
Australian Open,2020-01-21,Grand Slam,Hard,1st Round,Millman J.,Humbert U.,Millman J.,47,43,47,43
Australian Open,2020-01-21,Grand Slam,Hard,1st Round,Fognini F.,Opelka R.,Fognini F.,12,38,12,38
Australian Open,2020-01-21,Grand Slam,Hard,1st Round,Mannarino A.,Thiem D.,Thiem D.,44,5,5,44
Australian Open,2020-01-21,Grand Slam,Hard,1st Round,Tiafoe F.,Medvedev D.,Medvedev D.,50,4,4,50
Australian Open,2020-01-22,Grand Slam,Hard,2nd Round,Cilic M.,Paire B.,Cilic M.,39,21,39,21
Australian Open,2020-01-22,Grand Slam,Hard,2nd Round,Raonic M.,Garin C.,Raonic M.,35,36,35,36
Australian Open,2020-01-22,Grand Slam,Hard,2nd Round,Millman J.,Hurkacz H.,Millman J.,47,31,47,31
Australian Open,2020-01-22,Grand Slam,Hard,2nd Round,Krajinovic F.,Federer R.,Federer R.,41,3,3,41
Australian Open,2020-01-24,Grand Slam,Hard,3rd Round,Schwartzman D.,Lajovic D.,Schwartzman D.,14,27,14,27
Australian Open,2020-01-24,Grand Slam,Hard,3rd Round,Cilic M.,Bautista Agut R.,Cilic M.,39,9,39,9
Australian Open,2020-01-24,Grand Slam,Hard,3rd Round,Tsitsipas S.,Raonic M.,Raonic M.,6,35,35,6
Australian Open,2020-01-24,Grand Slam,Hard,3rd Round,Fognini F.,Pella G.,Fognini F.,12,25,12,25
Australian Open,2020-01-24,Grand Slam,Hard,3rd Round,Millman J.,Federer R.,Federer R.,47,3,3,47
Australian Open,2020-01-25,Grand Slam,Hard,3rd Round,Fritz T.,Thiem D.,Thiem D.,34,5,5,34
Australian Open,2020-01-25,Grand Slam,Hard,3rd Round,Rublev A.,Goffin D.,Rublev A.,16,11,16,11
Australian Open,2020-01-25,Grand Slam,Hard,3rd Round,Carreno Busta P.,Nadal R.,Nadal R.,30,1,1,30
Australian Open,2020-01-25,Grand Slam,Hard,3rd Round,Kyrgios N.,Khachanov K.,Kyrgios N.,26,17,26,17
Australian Open,2020-01-26,Grand Slam,Hard,4th Round,Cilic M.,Raonic M.,Raonic M.,39,35,35,39
Australian Open,2020-01-26,Grand Slam,Hard,4th Round,Djokovic N.,Schwartzman D.,Djokovic N.,2,14,2,14
Australian Open,2020-01-27,Grand Slam,Hard,4th Round,Monfils G.,Thiem D.,Thiem D.,10,5,5,10
Australian Open,2020-01-27,Grand Slam,Hard,4th Round,Wawrinka S.,Medvedev D.,Wawrinka S.,15,4,15,4
Australian Open,2020-01-27,Grand Slam,Hard,4th Round,Kyrgios N.,Nadal R.,Nadal R.,26,1,1,26
Australian Open,2020-01-27,Grand Slam,Hard,4th Round,Zverev A.,Rublev A.,Zverev A.,7,16,7,16
Australian Open,2020-01-28,Grand Slam,Hard,Quarterfinals,Djokovic N.,Raonic M.,Djokovic N.,2,35,2,35
Australian Open,2020-01-29,Grand Slam,Hard,Quarterfinals,Wawrinka S.,Zverev A.,Zverev A.,15,7,7,15
Australian Open,2020-01-29,Grand Slam,Hard,Quarterfinals,Thiem D.,Nadal R.,Thiem D.,5,1,5,1
Australian Open,2020-01-30,Grand Slam,Hard,Semifinals,Federer R.,Djokovic N.,Djokovic N.,3,2,2,3
Australian Open,2020-01-31,Grand Slam,Hard,Semifinals,Thiem D.,Zverev A.,Thiem D.,5,7,5,7
Australian Open,2020-02-02,Grand Slam,Hard,The Final,Thiem D.,Djokovic N.,Djokovic N.,5,2,2,5
Cordoba Open,2020-02-07,ATP250,Clay,Quarterfinals,Cuevas P.,Garin C.,Garin C.,48,31,31,48
Cordoba Open,2020-02-07,ATP250,Clay,Quarterfinals,Schwartzman D.,Ramos-Vinolas A.,Schwartzman D.,14,42,14,42
Cordoba Open,2020-02-08,ATP250,Clay,Quarterfinals,Londero J.I.,Djere L.,Djere L.,50,39,39,50
Cordoba Open,2020-02-09,ATP250,Clay,Semifinals,Djere L.,Schwartzman D.,Schwartzman D.,39,14,14,39
Cordoba Open,2020-02-09,ATP250,Clay,The Final,Garin C.,Schwartzman D.,Garin C.,31,14,31,14
Open Sud de France,2020-02-06,ATP250,Hard,2nd Round,Monfils G.,Mannarino A.,Monfils G.,9,45,9,45
Open Sud de France,2020-02-08,ATP250,Hard,Semifinals,Monfils G.,Krajinovic F.,Monfils G.,9,44,9,44
Argentina Open,2020-02-10,ATP250,Clay,1st Round,Sonego L.,Cuevas P.,Cuevas P.,49,48,48,49
Argentina Open,2020-02-13,ATP250,Clay,2nd Round,Cuevas P.,Ramos-Vinolas A.,Cuevas P.,48,42,48,42
Argentina Open,2020-02-14,ATP250,Clay,Quarterfinals,Lajovic D.,Ruud C.,Ruud C.,23,45,45,23
Argentina Open,2020-02-14,ATP250,Clay,Quarterfinals,Cuevas P.,Schwartzman D.,Schwartzman D.,48,14,14,48
ABN AMRO World Tennis Tournament,2020-02-10,ATP500,Hard,1st Round,Carreno Busta P.,Mannarino A.,Carreno Busta P.,30,44,30,44
ABN AMRO World Tennis Tournament,2020-02-10,ATP500,Hard,1st Round,Dimitrov G.,Shapovalov D.,Dimitrov G.,22,16,22,16
ABN AMRO World Tennis Tournament,2020-02-11,ATP500,Hard,1st Round,Auger-Aliassime F.,Struff J.L.,Auger-Aliassime F.,21,34,21,34
ABN AMRO World Tennis Tournament,2020-02-11,ATP500,Hard,1st Round,Khachanov K.,Fognini F.,Khachanov K.,17,11,17,11
ABN AMRO World Tennis Tournament,2020-02-11,ATP500,Hard,1st Round,Basilashvili N.,Rublev A.,Rublev A.,28,15,15,28
ABN AMRO World Tennis Tournament,2020-02-11,ATP500,Hard,1st Round,Hurkacz H.,Tsitsipas S.,Tsitsipas S.,29,6,6,29
ABN AMRO World Tennis Tournament,2020-02-12,ATP500,Hard,2nd Round,Bautista Agut R.,Carreno Busta P.,Carreno Busta P.,12,30,30,12
ABN AMRO World Tennis Tournament,2020-02-12,ATP500,Hard,2nd Round,Evans D.,Khachanov K.,Evans D.,33,17,33,17
ABN AMRO World Tennis Tournament,2020-02-12,ATP500,Hard,2nd Round,Dimitrov G.,Auger-Aliassime F.,Auger-Aliassime F.,22,21,21,22
ABN AMRO World Tennis Tournament,2020-02-14,ATP500,Hard,Quarterfinals,Evans D.,Monfils G.,Monfils G.,33,9,9,33
ABN AMRO World Tennis Tournament,2020-02-14,ATP500,Hard,Quarterfinals,Krajinovic F.,Rublev A.,Krajinovic F.,39,15,39,15
ABN AMRO World Tennis Tournament,2020-02-15,ATP500,Hard,Semifinals,Carreno Busta P.,Auger-Aliassime F.,Auger-Aliassime F.,30,21,21,30
ABN AMRO World Tennis Tournament,2020-02-15,ATP500,Hard,Semifinals,Monfils G.,Krajinovic F.,Monfils G.,9,39,9,39
ABN AMRO World Tennis Tournament,2020-02-16,ATP500,Hard,The Final,Auger-Aliassime F.,Monfils G.,Monfils G.,21,9,9,21
Delray Beach Open,2020-02-20,ATP250,Hard,2nd Round,Kecmanovic M.,Humbert U.,Humbert U.,50,44,44,50
Open 13,2020-02-18,ATP250,Hard,1st Round,Khachanov K.,Bedene A.,Bedene A.,17,47,47,17
Open 13,2020-02-20,ATP250,Hard,2nd Round,Cilic M.,Shapovalov D.,Shapovalov D.,39,15,15,39
Open 13,2020-02-23,ATP250,Hard,The Final,Auger-Aliassime F.,Tsitsipas S.,Tsitsipas S.,18,6,6,18
Rio Open,2020-02-23,ATP500,Clay,Semifinals,Garin C.,Coric B.,Garin C.,25,32,25,32
Abierto Mexicano,2020-02-25,ATP500,Hard,1st Round,De Minaur A.,Kecmanovic M.,Kecmanovic M.,25,50,50,25
Abierto Mexicano,2020-02-26,ATP500,Hard,1st Round,Fritz T.,Millman J.,Fritz T.,35,40,35,40
Abierto Mexicano,2020-02-26,ATP500,Hard,2nd Round,Edmund K.,Auger-Aliassime F.,Edmund K.,44,19,44,19
Abierto Mexicano,2020-02-27,ATP500,Hard,2nd Round,Dimitrov G.,Mannarino A.,Dimitrov G.,22,42,22,42
Abierto Mexicano,2020-02-27,ATP500,Hard,2nd Round,Humbert U.,Fritz T.,Fritz T.,43,35,35,43
Abierto Mexicano,2020-02-27,ATP500,Hard,2nd Round,Kecmanovic M.,Nadal R.,Nadal R.,50,2,2,50
Abierto Mexicano,2020-02-28,ATP500,Hard,Quarterfinals,Edmund K.,Fritz T.,Fritz T.,44,35,35,44
Abierto Mexicano,2020-02-28,ATP500,Hard,Quarterfinals,Dimitrov G.,Wawrinka S.,Dimitrov G.,22,16,22,16
Abierto Mexicano,2020-02-29,ATP500,Hard,Semifinals,Fritz T.,Isner J.,Fritz T.,35,20,35,20
Abierto Mexicano,2020-02-29,ATP500,Hard,Semifinals,Dimitrov G.,Nadal R.,Nadal R.,22,2,2,22
Abierto Mexicano,2020-03-01,ATP500,Hard,The Final,Nadal R.,Fritz T.,Nadal R.,2,35,2,35
Dubai Tennis Championships,2020-02-25,ATP500,Hard,1st Round,Cilic M.,Paire B.,Paire B.,36,21,21,36
Dubai Tennis Championships,2020-02-25,ATP500,Hard,1st Round,Hurkacz H.,Bublik A.,Bublik A.,30,47,47,30
Dubai Tennis Championships,2020-02-25,ATP500,Hard,1st Round,Evans D.,Fognini F.,Evans D.,37,11,37,11
Dubai Tennis Championships,2020-02-25,ATP500,Hard,1st Round,Carreno Busta P.,Tsitsipas S.,Tsitsipas S.,27,6,6,27
Dubai Tennis Championships,2020-02-25,ATP500,Hard,1st Round,Struff J.L.,Bautista Agut R.,Struff J.L.,34,12,34,12
Dubai Tennis Championships,2020-02-26,ATP500,Hard,2nd Round,Rublev A.,Krajinovic F.,Rublev A.,14,33,14,33
Dubai Tennis Championships,2020-02-26,ATP500,Hard,2nd Round,Bublik A.,Tsitsipas S.,Tsitsipas S.,47,6,6,47
Dubai Tennis Championships,2020-02-26,ATP500,Hard,2nd Round,Basilashvili N.,Struff J.L.,Struff J.L.,29,34,34,29
Dubai Tennis Championships,2020-02-27,ATP500,Hard,Quarterfinals,Rublev A.,Evans D.,Evans D.,14,37,37,14
Dubai Tennis Championships,2020-02-27,ATP500,Hard,Quarterfinals,Tsitsipas S.,Struff J.L.,Tsitsipas S.,6,34,6,34
Dubai Tennis Championships,2020-02-27,ATP500,Hard,Quarterfinals,Khachanov K.,Djokovic N.,Djokovic N.,17,1,1,17
Dubai Tennis Championships,2020-02-28,ATP500,Hard,Semifinals,Evans D.,Tsitsipas S.,Tsitsipas S.,37,6,6,37
Dubai Tennis Championships,2020-02-28,ATP500,Hard,Semifinals,Djokovic N.,Monfils G.,Djokovic N.,1,9,1,9
Dubai Tennis Championships,2020-02-29,ATP500,Hard,The Final,Tsitsipas S.,Djokovic N.,Djokovic N.,6,1,1,6
Chile Open,2020-02-29,ATP250,Clay,Semifinals,Ramos-Vinolas A.,Ruud C.,Ruud C.,45,38,38,45
Western & Southern Financial Group Masters,2020-08-22,Masters 1000,Hard,1st Round,Auger-Aliassime F.,Basilashvili N.,Auger-Aliassime F.,20,27,20,27
Western & Southern Financial Group Masters,2020-08-22,Masters 1000,Hard,1st Round,Lajovic D.,Carreno Busta P.,Carreno Busta P.,23,25,25,23
Western & Southern Financial Group Masters,2020-08-22,Masters 1000,Hard,1st Round,Struff J.L.,De Minaur A.,Struff J.L.,34,26,34,26
Western & Southern Financial Group Masters,2020-08-23,Masters 1000,Hard,1st Round,Querrey S.,Raonic M.,Raonic M.,45,30,30,45
Western & Southern Financial Group Masters,2020-08-23,Masters 1000,Hard,1st Round,Shapovalov D.,Cilic M.,Shapovalov D.,17,37,17,37
Western & Southern Financial Group Masters,2020-08-23,Masters 1000,Hard,1st Round,Ruud C.,Schwartzman D.,Schwartzman D.,36,13,13,36
Western & Southern Financial Group Masters,2020-08-23,Masters 1000,Hard,1st Round,Rublev A.,Evans D.,Evans D.,14,28,28,14
Western & Southern Financial Group Masters,2020-08-23,Masters 1000,Hard,1st Round,Dimitrov G.,Humbert U.,Dimitrov G.,19,42,19,42
Western & Southern Financial Group Masters,2020-08-23,Masters 1000,Hard,1st Round,Hurkacz H.,Isner J.,Isner J.,29,21,21,29
Western & Southern Financial Group Masters,2020-08-23,Masters 1000,Hard,1st Round,Millman J.,Mannarino A.,Millman J.,43,38,43,38
Western & Southern Financial Group Masters,2020-08-24,Masters 1000,Hard,2nd Round,Goffin D.,Coric B.,Goffin D.,10,33,10,33
Western & Southern Financial Group Masters,2020-08-24,Masters 1000,Hard,2nd Round,Evans D.,Raonic M.,Raonic M.,28,30,30,28
Western & Southern Financial Group Masters,2020-08-24,Masters 1000,Hard,2nd Round,Carreno Busta P.,Khachanov K.,Khachanov K.,25,16,16,25
Western & Southern Financial Group Masters,2020-08-24,Masters 1000,Hard,2nd Round,Isner J.,Millman J.,Isner J.,21,43,21,43
Western & Southern Financial Group Masters,2020-08-24,Masters 1000,Hard,2nd Round,Schwartzman D.,Opelka R.,Opelka R.,13,39,39,13
Western & Southern Financial Group Masters,2020-08-24,Masters 1000,Hard,2nd Round,Struff J.L.,Shapovalov D.,Struff J.L.,34,17,34,17
Western & Southern Financial Group Masters,2020-08-24,Masters 1000,Hard,2nd Round,Gasquet R.,Bautista Agut R.,Bautista Agut R.,50,12,12,50
Western & Southern Financial Group Masters,2020-08-25,Masters 1000,Hard,2nd Round,Thiem D.,Krajinovic F.,Krajinovic F.,3,32,32,3
Western & Southern Financial Group Masters,2020-08-25,Masters 1000,Hard,3rd Round,Struff J.L.,Goffin D.,Struff J.L.,34,10,34,10
Western & Southern Financial Group Masters,2020-08-25,Masters 1000,Hard,3rd Round,Khachanov K.,Bautista Agut R.,Bautista Agut R.,16,12,12,16
Western & Southern Financial Group Masters,2020-08-25,Masters 1000,Hard,3rd Round,Berrettini M.,Opelka R.,Opelka R.,8,39,39,8
Western & Southern Financial Group Masters,2020-08-26,Masters 1000,Hard,3rd Round,Isner J.,Tsitsipas S.,Tsitsipas S.,21,6,6,21
Western & Southern Financial Group Masters,2020-08-26,Masters 1000,Hard,Quarterfinals,Medvedev D.,Bautista Agut R.,Bautista Agut R.,5,12,12,5
Western & Southern Financial Group Masters,2020-08-26,Masters 1000,Hard,Quarterfinals,Djokovic N.,Struff J.L.,Djokovic N.,1,34,1,34
Western & Southern Financial Group Masters,2020-08-27,Masters 1000,Hard,Quarterfinals,Krajinovic F.,Raonic M.,Raonic M.,32,30,30,32
Western & Southern Financial Group Masters,2020-08-28,Masters 1000,Hard,Semifinals,Raonic M.,Tsitsipas S.,Raonic M.,30,6,30,6
Western & Southern Financial Group Masters,2020-08-28,Masters 1000,Hard,Semifinals,Bautista Agut R.,Djokovic N.,Djokovic N.,12,1,1,12
Western & Southern Financial Group Masters,2020-08-29,Masters 1000,Hard,The Final,Djokovic N.,Raonic M.,Djokovic N.,1,30,1,30
Generali Open,2020-09-08,ATP250,Clay,1st Round,Nishikori K.,Kecmanovic M.,Kecmanovic M.,34,47,47,34
Generali Open,2020-09-08,ATP250,Clay,1st Round,Pella G.,Nishioka Y.,Pella G.,36,49,36,49
US Open,2020-08-31,Grand Slam,Hard,1st Round,Sonego L.,Mannarino A.,Mannarino A.,46,39,39,46
US Open,2020-08-31,Grand Slam,Hard,1st Round,Ramos-Vinolas A.,Tsitsipas S.,Tsitsipas S.,41,6,6,41
US Open,2020-09-01,Grand Slam,Hard,1st Round,Goffin D.,Opelka R.,Goffin D.,10,35,10,35
US Open,2020-09-01,Grand Slam,Hard,1st Round,Querrey S.,Kuznetsov An.,Kuznetsov An.,45,34,34,45
US Open,2020-09-01,Grand Slam,Hard,1st Round,Bautista Agut R.,Sandgren T.,Bautista Agut R.,11,48,11,48
US Open,2020-09-02,Grand Slam,Hard,1st Round,Basilashvili N.,Millman J.,Millman J.,30,43,43,30
US Open,2020-09-02,Grand Slam,Hard,2nd Round,Djokovic N.,Edmund K.,Djokovic N.,1,44,1,44
US Open,2020-09-03,Grand Slam,Hard,2nd Round,Bautista Agut R.,Kecmanovic M.,Bautista Agut R.,11,47,11,47
US Open,2020-09-03,Grand Slam,Hard,2nd Round,Khachanov K.,Kuznetsov An.,Khachanov K.,16,34,16,34
US Open,2020-09-03,Grand Slam,Hard,2nd Round,Humbert U.,Berrettini M.,Berrettini M.,42,8,8,42
US Open,2020-09-04,Grand Slam,Hard,3rd Round,Goffin D.,Krajinovic F.,Goffin D.,10,26,10,26
US Open,2020-09-04,Grand Slam,Hard,3rd Round,Fritz T.,Shapovalov D.,Shapovalov D.,25,17,17,25
US Open,2020-09-05,Grand Slam,Hard,3rd Round,Zverev A.,Mannarino A.,Zverev A.,7,39,7,39
US Open,2020-09-05,Grand Slam,Hard,3rd Round,Struff J.L.,Djokovic N.,Djokovic N.,29,1,1,29
US Open,2020-09-05,Grand Slam,Hard,3rd Round,Coric B.,Tsitsipas S.,Coric B.,32,6,32,6
US Open,2020-09-05,Grand Slam,Hard,3rd Round,De Minaur A.,Khachanov K.,De Minaur A.,28,16,28,16
US Open,2020-09-05,Grand Slam,Hard,3rd Round,Ruud C.,Berrettini M.,Berrettini M.,37,8,8,37
US Open,2020-09-06,Grand Slam,Hard,3rd Round,Thiem D.,Cilic M.,Thiem D.,3,38,3,38
US Open,2020-09-07,Grand Slam,Hard,4th Round,Goffin D.,Shapovalov D.,Shapovalov D.,10,17,17,10
US Open,2020-09-07,Grand Slam,Hard,4th Round,Auger-Aliassime F.,Thiem D.,Thiem D.,21,3,3,21
US Open,2020-09-08,Grand Slam,Hard,4th Round,Rublev A.,Berrettini M.,Rublev A.,14,8,14,8
US Open,2020-09-08,Grand Slam,Hard,Quarterfinals,Zverev A.,Coric B.,Zverev A.,7,32,7,32
US Open,2020-09-09,Grand Slam,Hard,Quarterfinals,Shapovalov D.,Carreno Busta P.,Carreno Busta P.,17,27,27,17
US Open,2020-09-09,Grand Slam,Hard,Quarterfinals,Medvedev D.,Rublev A.,Medvedev D.,5,14,5,14
US Open,2020-09-10,Grand Slam,Hard,Quarterfinals,De Minaur A.,Thiem D.,Thiem D.,28,3,3,28
US Open,2020-09-11,Grand Slam,Hard,Semifinals,Zverev A.,Carreno Busta P.,Zverev A.,7,27,7,27
US Open,2020-09-12,Grand Slam,Hard,Semifinals,Medvedev D.,Thiem D.,Thiem D.,5,3,3,5
US Open,2020-09-13,Grand Slam,Hard,The Final,Thiem D.,Zverev A.,Thiem D.,3,7,3,7
Internazionali BNL d'Italia,2020-09-14,Masters 1000,Clay,1st Round,Auger-Aliassime F.,Krajinovic F.,Krajinovic F.,20,29,29,20
Internazionali BNL d'Italia,2020-09-14,Masters 1000,Clay,1st Round,Ruud C.,Khachanov K.,Ruud C.,34,16,34,16
Internazionali BNL d'Italia,2020-09-14,Masters 1000,Clay,1st Round,Garin C.,Coric B.,Coric B.,21,26,26,21
Internazionali BNL d'Italia,2020-09-14,Masters 1000,Clay,1st Round,Sonego L.,Basilashvili N.,Sonego L.,47,32,47,32
Internazionali BNL d'Italia,2020-09-14,Masters 1000,Clay,1st Round,Hurkacz H.,Evans D.,Hurkacz H.,31,33,31,33
Internazionali BNL d'Italia,2020-09-14,Masters 1000,Clay,1st Round,Ramos-Vinolas A.,Nishikori K.,Nishikori K.,44,35,35,44
Internazionali BNL d'Italia,2020-09-15,Masters 1000,Clay,1st Round,Pella G.,Shapovalov D.,Shapovalov D.,37,14,14,37
Internazionali BNL d'Italia,2020-09-15,Masters 1000,Clay,1st Round,Nishioka Y.,Kecmanovic M.,Nishioka Y.,50,39,50,39
Internazionali BNL d'Italia,2020-09-15,Masters 1000,Clay,1st Round,Raonic M.,Mannarino A.,Raonic M.,19,38,19,38
Internazionali BNL d'Italia,2020-09-16,Masters 1000,Clay,2nd Round,Goffin D.,Cilic M.,Cilic M.,11,40,40,11
Internazionali BNL d'Italia,2020-09-16,Masters 1000,Clay,2nd Round,Dimitrov G.,Nishioka Y.,Dimitrov G.,22,50,22,50
Internazionali BNL d'Italia,2020-09-16,Masters 1000,Clay,2nd Round,Carreno Busta P.,Nadal R.,Nadal R.,18,2,2,18
Internazionali BNL d'Italia,2020-09-17,Masters 1000,Clay,2nd Round,Millman J.,Schwartzman D.,Schwartzman D.,43,15,15,43
Internazionali BNL d'Italia,2020-09-17,Masters 1000,Clay,2nd Round,Lajovic D.,Raonic M.,Lajovic D.,25,19,25,19
Internazionali BNL d'Italia,2020-09-17,Masters 1000,Clay,2nd Round,Fognini F.,Humbert U.,Humbert U.,13,42,42,13
Internazionali BNL d'Italia,2020-09-17,Masters 1000,Clay,2nd Round,Hurkacz H.,Rublev A.,Hurkacz H.,31,12,31,12
Internazionali BNL d'Italia,2020-09-17,Masters 1000,Clay,2nd Round,Sonego L.,Ruud C.,Ruud C.,47,34,34,47
Internazionali BNL d'Italia,2020-09-18,Masters 1000,Clay,3rd Round,Shapovalov D.,Humbert U.,Shapovalov D.,14,42,14,42
Internazionali BNL d'Italia,2020-09-18,Masters 1000,Clay,3rd Round,Cilic M.,Ruud C.,Ruud C.,40,34,34,40
Internazionali BNL d'Italia,2020-09-18,Masters 1000,Clay,3rd Round,Djokovic N.,Krajinovic F.,Djokovic N.,1,29,1,29
Internazionali BNL d'Italia,2020-09-18,Masters 1000,Clay,3rd Round,Schwartzman D.,Hurkacz H.,Schwartzman D.,15,31,15,31
Internazionali BNL d'Italia,2020-09-18,Masters 1000,Clay,3rd Round,Lajovic D.,Nadal R.,Nadal R.,25,2,2,25
Internazionali BNL d'Italia,2020-09-19,Masters 1000,Clay,Quarterfinals,Ruud C.,Berrettini M.,Ruud C.,34,8,34,8
Internazionali BNL d'Italia,2020-09-19,Masters 1000,Clay,Quarterfinals,Shapovalov D.,Dimitrov G.,Shapovalov D.,14,22,14,22
Internazionali BNL d'Italia,2020-09-19,Masters 1000,Clay,Quarterfinals,Nadal R.,Schwartzman D.,Schwartzman D.,2,15,15,2
Internazionali BNL d'Italia,2020-09-20,Masters 1000,Clay,Semifinals,Djokovic N.,Ruud C.,Djokovic N.,1,34,1,34
Internazionali BNL d'Italia,2020-09-20,Masters 1000,Clay,Semifinals,Shapovalov D.,Schwartzman D.,Schwartzman D.,14,15,15,14
Internazionali BNL d'Italia,2020-09-21,Masters 1000,Clay,The Final,Djokovic N.,Schwartzman D.,Djokovic N.,1,15,1,15
German Tennis Championships,2020-09-21,ATP500,Clay,1st Round,Rublev A.,Sandgren T.,Rublev A.,14,48,14,48
German Tennis Championships,2020-09-22,ATP500,Clay,1st Round,Nishikori K.,Garin C.,Garin C.,35,22,22,35
German Tennis Championships,2020-09-22,ATP500,Clay,1st Round,Bautista Agut R.,Basilashvili N.,Bautista Agut R.,11,33,11,33
German Tennis Championships,2020-09-22,ATP500,Clay,1st Round,Auger-Aliassime F.,Sonego L.,Auger-Aliassime F.,21,46,21,46
German Tennis Championships,2020-09-22,ATP500,Clay,1st Round,Khachanov K.,Struff J.L.,Khachanov K.,16,32,16,32
German Tennis Championships,2020-09-22,ATP500,Clay,1st Round,Medvedev D.,Humbert U.,Humbert U.,5,41,41,5
German Tennis Championships,2020-09-22,ATP500,Clay,1st Round,Lajovic D.,Mannarino A.,Lajovic D.,24,38,24,38
German Tennis Championships,2020-09-23,ATP500,Clay,1st Round,Evans D.,Tsitsipas S.,Tsitsipas S.,34,6,6,34
German Tennis Championships,2020-09-24,ATP500,Clay,2nd Round,Lajovic D.,Khachanov K.,Lajovic D.,24,16,24,16
German Tennis Championships,2020-09-24,ATP500,Clay,2nd Round,Fognini F.,Ruud C.,Ruud C.,15,30,30,15
German Tennis Championships,2020-09-25,ATP500,Clay,Quarterfinals,Rublev A.,Bautista Agut R.,Rublev A.,14,11,14,11
German Tennis Championships,2020-09-25,ATP500,Clay,Quarterfinals,Lajovic D.,Tsitsipas S.,Tsitsipas S.,24,6,6,24
German Tennis Championships,2020-09-25,ATP500,Clay,Quarterfinals,Ruud C.,Humbert U.,Ruud C.,30,41,30,41
German Tennis Championships,2020-09-26,ATP500,Clay,Semifinals,Rublev A.,Ruud C.,Rublev A.,14,30,14,30
German Tennis Championships,2020-09-26,ATP500,Clay,Semifinals,Garin C.,Tsitsipas S.,Tsitsipas S.,22,6,6,22
German Tennis Championships,2020-09-27,ATP500,Clay,The Final,Rublev A.,Tsitsipas S.,Rublev A.,14,6,14,6
French Open,2020-09-27,Grand Slam,Clay,1st Round,Evans D.,Nishikori K.,Nishikori K.,34,35,35,34
French Open,2020-09-27,Grand Slam,Clay,1st Round,Kecmanovic M.,Schwartzman D.,Schwartzman D.,41,14,14,41
French Open,2020-09-28,Grand Slam,Clay,1st Round,Cilic M.,Thiem D.,Thiem D.,40,3,3,40
French Open,2020-09-28,Grand Slam,Clay,1st Round,Monfils G.,Bublik A.,Bublik A.,9,49,49,9
French Open,2020-09-28,Grand Slam,Clay,1st Round,Sandgren T.,Hurkacz H.,Sandgren T.,47,31,47,31
French Open,2020-09-28,Grand Slam,Clay,1st Round,Ramos-Vinolas A.,Mannarino A.,Ramos-Vinolas A.,44,39,44,39
French Open,2020-09-28,Grand Slam,Clay,1st Round,Carreno Busta P.,Millman J.,Carreno Busta P.,18,43,18,43
French Open,2020-09-29,Grand Slam,Clay,1st Round,Rublev A.,Querrey S.,Rublev A.,12,48,12,48
French Open,2020-09-29,Grand Slam,Clay,1st Round,Gasquet R.,Bautista Agut R.,Bautista Agut R.,50,10,10,50
French Open,2020-09-30,Grand Slam,Clay,2nd Round,Bublik A.,Sonego L.,Sonego L.,49,46,46,49
French Open,2020-10-01,Grand Slam,Clay,2nd Round,Pella G.,Carreno Busta P.,Carreno Busta P.,37,18,18,37
French Open,2020-10-02,Grand Slam,Clay,3rd Round,Ruud C.,Thiem D.,Thiem D.,25,3,3,25
French Open,2020-10-02,Grand Slam,Clay,3rd Round,Fritz T.,Sonego L.,Sonego L.,30,46,46,30
French Open,2020-10-03,Grand Slam,Clay,3rd Round,Bautista Agut R.,Carreno Busta P.,Carreno Busta P.,10,18,18,10
French Open,2020-10-03,Grand Slam,Clay,3rd Round,Garin C.,Khachanov K.,Khachanov K.,19,16,16,19
French Open,2020-10-04,Grand Slam,Clay,4th Round,Schwartzman D.,Sonego L.,Schwartzman D.,14,46,14,46
French Open,2020-10-05,Grand Slam,Clay,4th Round,Tsitsipas S.,Dimitrov G.,Tsitsipas S.,6,20,6,20
French Open,2020-10-05,Grand Slam,Clay,4th Round,Khachanov K.,Djokovic N.,Djokovic N.,16,1,1,16
French Open,2020-10-06,Grand Slam,Clay,Quarterfinals,Thiem D.,Schwartzman D.,Schwartzman D.,3,14,14,3
French Open,2020-10-07,Grand Slam,Clay,Quarterfinals,Rublev A.,Tsitsipas S.,Tsitsipas S.,12,6,6,12
French Open,2020-10-07,Grand Slam,Clay,Quarterfinals,Djokovic N.,Carreno Busta P.,Djokovic N.,1,18,1,18
French Open,2020-10-09,Grand Slam,Clay,Semifinals,Schwartzman D.,Nadal R.,Nadal R.,14,2,2,14
French Open,2020-10-09,Grand Slam,Clay,Semifinals,Djokovic N.,Tsitsipas S.,Djokovic N.,1,6,1,6
French Open,2020-10-11,Grand Slam,Clay,The Final,Djokovic N.,Nadal R.,Nadal R.,1,2,2,1
bett1HULKS Indoors,2020-10-16,ATP250,Hard,Quarterfinals,Hurkacz H.,Bautista Agut R.,Bautista Agut R.,31,13,13,31
bett1HULKS Indoors,2020-10-17,ATP250,Hard,Semifinals,Bautista Agut R.,Auger-Aliassime F.,Auger-Aliassime F.,13,22,22,13
bett1HULKS Indoors,2020-10-18,ATP250,Hard,The Final,Zverev A.,Auger-Aliassime F.,Zverev A.,7,22,7,22
St. Petersburg Open,2020-10-12,ATP250,Hard,1st Round,Wawrinka S.,Evans D.,Wawrinka S.,18,34,18,34
St. Petersburg Open,2020-10-15,ATP250,Hard,2nd Round,Rublev A.,Humbert U.,Rublev A.,10,38,10,38
St. Petersburg Open,2020-10-15,ATP250,Hard,2nd Round,Medvedev D.,Opelka R.,Opelka R.,6,36,36,6
St. Petersburg Open,2020-10-16,ATP250,Hard,Quarterfinals,Wawrinka S.,Shapovalov D.,Shapovalov D.,18,12,12,18
St. Petersburg Open,2020-10-16,ATP250,Hard,Quarterfinals,Coric B.,Opelka R.,Coric B.,27,36,27,36
St. Petersburg Open,2020-10-16,ATP250,Hard,Quarterfinals,Khachanov K.,Raonic M.,Raonic M.,17,21,21,17
St. Petersburg Open,2020-10-17,ATP250,Hard,Semifinals,Rublev A.,Shapovalov D.,Rublev A.,10,12,10,12
St. Petersburg Open,2020-10-17,ATP250,Hard,Semifinals,Raonic M.,Coric B.,Coric B.,21,27,27,21
St. Petersburg Open,2020-10-18,ATP250,Hard,The Final,Rublev A.,Coric B.,Rublev A.,10,27,10,27
European Open,2020-10-21,ATP250,Hard,1st Round,Fritz T.,Opelka R.,Fritz T.,28,33,28,33
European Open,2020-10-21,ATP250,Hard,2nd Round,Carreno Busta P.,Humbert U.,Humbert U.,15,38,38,15
European Open,2020-10-23,ATP250,Hard,Quarterfinals,Evans D.,Khachanov K.,Evans D.,35,17,35,17
European Open,2020-10-24,ATP250,Hard,Semifinals,Humbert U.,Evans D.,Humbert U.,38,35,38,35
European Open,2020-10-24,ATP250,Hard,Semifinals,Dimitrov G.,De Minaur A.,De Minaur A.,20,29,29,20
European Open,2020-10-25,ATP250,Hard,The Final,Humbert U.,De Minaur A.,Humbert U.,38,29,38,29
bett1HULKS Championship,2020-10-21,ATP250,Hard,2nd Round,Kecmanovic M.,Mannarino A.,Mannarino A.,39,41,41,39
bett1HULKS Championship,2020-10-21,ATP250,Hard,2nd Round,Millman J.,Zverev A.,Zverev A.,44,7,7,44
bett1HULKS Championship,2020-10-23,ATP250,Hard,Quarterfinals,Mannarino A.,Zverev A.,Zverev A.,41,7,7,41
bett1HULKS Championship,2020-10-24,ATP250,Hard,Semifinals,Sinner J.,Zverev A.,Zverev A.,46,7,7,46
bett1HULKS Championship,2020-10-24,ATP250,Hard,Semifinals,Schwartzman D.,Auger-Aliassime F.,Schwartzman D.,9,22,9,22
bett1HULKS Championship,2020-10-25,ATP250,Hard,The Final,Schwartzman D.,Zverev A.,Zverev A.,9,7,7,9
Astana Open,2020-11-01,ATP250,Hard,The Final,Millman J.,Mannarino A.,Millman J.,45,39,45,39
Erste Bank Open,2020-10-26,ATP500,Hard,1st Round,Fritz T.,Coric B.,Coric B.,29,24,24,29
Erste Bank Open,2020-10-27,ATP500,Hard,1st Round,Khachanov K.,Dimitrov G.,Dimitrov G.,18,20,20,18
Erste Bank Open,2020-10-27,ATP500,Hard,1st Round,Krajinovic F.,Djokovic N.,Djokovic N.,30,1,1,30
Erste Bank Open,2020-10-27,ATP500,Hard,1st Round,Sonego L.,Lajovic D.,Sonego L.,42,26,42,26
Erste Bank Open,2020-10-27,ATP500,Hard,1st Round,Garin C.,Wawrinka S.,Garin C.,22,19,22,19
Erste Bank Open,2020-10-28,ATP500,Hard,1st Round,Sinner J.,Ruud C.,Sinner J.,43,27,43,27
Erste Bank Open,2020-10-28,ATP500,Hard,1st Round,Struff J.L.,Tsitsipas S.,Tsitsipas S.,34,5,5,34
Erste Bank Open,2020-10-28,ATP500,Hard,2nd Round,Coric B.,Djokovic N.,Djokovic N.,24,1,1,24
Erste Bank Open,2020-10-29,ATP500,Hard,2nd Round,Sonego L.,Hurkacz H.,Sonego L.,42,31,42,31
Erste Bank Open,2020-10-29,ATP500,Hard,2nd Round,Thiem D.,Garin C.,Thiem D.,3,22,3,22
Erste Bank Open,2020-10-29,ATP500,Hard,2nd Round,Tsitsipas S.,Dimitrov G.,Dimitrov G.,5,20,20,5
Erste Bank Open,2020-10-30,ATP500,Hard,Quarterfinals,Thiem D.,Rublev A.,Rublev A.,3,8,8,3
Erste Bank Open,2020-10-30,ATP500,Hard,Quarterfinals,Sonego L.,Djokovic N.,Sonego L.,42,1,42,1
Erste Bank Open,2020-10-30,ATP500,Hard,Quarterfinals,Dimitrov G.,Evans D.,Evans D.,20,33,33,20
Erste Bank Open,2020-10-31,ATP500,Hard,Semifinals,Sonego L.,Evans D.,Sonego L.,42,33,42,33
Erste Bank Open,2020-11-01,ATP500,Hard,The Final,Sonego L.,Rublev A.,Rublev A.,42,8,8,42
BNP Paribas Masters,2020-11-02,Masters 1000,Hard,1st Round,Basilashvili N.,Struff J.L.,Struff J.L.,39,35,35,39
BNP Paribas Masters,2020-11-02,Masters 1000,Hard,1st Round,Humbert U.,Ruud C.,Humbert U.,34,27,34,27
BNP Paribas Masters,2020-11-02,Masters 1000,Hard,1st Round,Auger-Aliassime F.,Cilic M.,Cilic M.,21,43,43,21
BNP Paribas Masters,2020-11-03,Masters 1000,Hard,1st Round,Wawrinka S.,Evans D.,Wawrinka S.,20,31,20,31
BNP Paribas Masters,2020-11-03,Masters 1000,Hard,1st Round,Bublik A.,Sonego L.,Sonego L.,49,32,32,49
BNP Paribas Masters,2020-11-03,Masters 1000,Hard,1st Round,Lajovic D.,Mannarino A.,Mannarino A.,26,36,36,26
BNP Paribas Masters,2020-11-03,Masters 1000,Hard,1st Round,Kecmanovic M.,Millman J.,Kecmanovic M.,42,38,42,38
BNP Paribas Masters,2020-11-03,Masters 1000,Hard,2nd Round,Carreno Busta P.,Struff J.L.,Carreno Busta P.,15,35,15,35
BNP Paribas Masters,2020-11-03,Masters 1000,Hard,2nd Round,Tsitsipas S.,Humbert U.,Humbert U.,6,34,34,6
BNP Paribas Masters,2020-11-04,Masters 1000,Hard,2nd Round,Sonego L.,De Minaur A.,De Minaur A.,32,25,25,32
BNP Paribas Masters,2020-11-04,Masters 1000,Hard,2nd Round,Zverev A.,Kecmanovic M.,Zverev A.,7,42,7,42
BNP Paribas Masters,2020-11-05,Masters 1000,Hard,3rd Round,Medvedev D.,De Minaur A.,Medvedev D.,5,25,5,25
BNP Paribas Masters,2020-11-05,Masters 1000,Hard,3rd Round,Humbert U.,Cilic M.,Humbert U.,34,43,34,43
BNP Paribas Masters,2020-11-05,Masters 1000,Hard,3rd Round,Mannarino A.,Zverev A.,Zverev A.,36,7,7,36
BNP Paribas Masters,2020-11-05,Masters 1000,Hard,3rd Round,Wawrinka S.,Rublev A.,Wawrinka S.,20,8,20,8
BNP Paribas Masters,2020-11-06,Masters 1000,Hard,Quarterfinals,Schwartzman D.,Medvedev D.,Medvedev D.,9,5,5,9
BNP Paribas Masters,2020-11-06,Masters 1000,Hard,Quarterfinals,Raonic M.,Humbert U.,Raonic M.,17,34,17,34
BNP Paribas Masters,2020-11-06,Masters 1000,Hard,Quarterfinals,Carreno Busta P.,Nadal R.,Nadal R.,15,2,2,15
BNP Paribas Masters,2020-11-06,Masters 1000,Hard,Quarterfinals,Zverev A.,Wawrinka S.,Zverev A.,7,20,7,20
BNP Paribas Masters,2020-11-07,Masters 1000,Hard,Semifinals,Raonic M.,Medvedev D.,Medvedev D.,17,5,5,17
BNP Paribas Masters,2020-11-07,Masters 1000,Hard,Semifinals,Zverev A.,Nadal R.,Zverev A.,7,2,7,2
BNP Paribas Masters,2020-11-08,Masters 1000,Hard,The Final,Zverev A.,Medvedev D.,Medvedev D.,7,5,5,7
Sofia Open,2020-11-12,ATP250,Hard,Quarterfinals,De Minaur A.,Sinner J.,Sinner J.,25,44,44,25
Sofia Open,2020-11-13,ATP250,Hard,Semifinals,Sinner J.,Mannarino A.,Sinner J.,44,35,44,35
Masters Cup,2020-11-15,Masters Cup,Hard,Round Robin,Tsitsipas S.,Thiem D.,Thiem D.,6,3,3,6
Masters Cup,2020-11-15,Masters Cup,Hard,Round Robin,Nadal R.,Rublev A.,Nadal R.,2,8,2,8
Masters Cup,2020-11-16,Masters Cup,Hard,Round Robin,Schwartzman D.,Djokovic N.,Djokovic N.,9,1,1,9
Masters Cup,2020-11-16,Masters Cup,Hard,Round Robin,Medvedev D.,Zverev A.,Medvedev D.,4,7,4,7
Masters Cup,2020-11-17,Masters Cup,Hard,Round Robin,Nadal R.,Thiem D.,Thiem D.,2,3,3,2
Masters Cup,2020-11-17,Masters Cup,Hard,Round Robin,Tsitsipas S.,Rublev A.,Tsitsipas S.,6,8,6,8
Masters Cup,2020-11-18,Masters Cup,Hard,Round Robin,Schwartzman D.,Zverev A.,Zverev A.,9,7,7,9
Masters Cup,2020-11-18,Masters Cup,Hard,Round Robin,Medvedev D.,Djokovic N.,Medvedev D.,4,1,4,1
Masters Cup,2020-11-19,Masters Cup,Hard,Round Robin,Thiem D.,Rublev A.,Rublev A.,3,8,8,3
Masters Cup,2020-11-19,Masters Cup,Hard,Round Robin,Nadal R.,Tsitsipas S.,Nadal R.,2,6,2,6
Masters Cup,2020-11-20,Masters Cup,Hard,Round Robin,Zverev A.,Djokovic N.,Djokovic N.,7,1,1,7
Masters Cup,2020-11-20,Masters Cup,Hard,Round Robin,Medvedev D.,Schwartzman D.,Medvedev D.,4,9,4,9
Masters Cup,2020-11-21,Masters Cup,Hard,Semifinals,Djokovic N.,Thiem D.,Thiem D.,1,3,3,1
Masters Cup,2020-11-21,Masters Cup,Hard,Semifinals,Medvedev D.,Nadal R.,Medvedev D.,4,2,4,2
Masters Cup,2020-11-22,Masters Cup,Hard,The Final,Thiem D.,Medvedev D.,Medvedev D.,3,4,4,3
Antalya Open,2021-01-11,ATP250,Hard,Quarterfinals,Berrettini M.,Bublik A.,Bublik A.,10,49,49,10
Antalya Open,2021-01-11,ATP250,Hard,Quarterfinals,De Minaur A.,Basilashvili N.,De Minaur A.,23,40,23,40
Antalya Open,2021-01-12,ATP250,Hard,Semifinals,Goffin D.,De Minaur A.,De Minaur A.,16,23,23,16
Great Ocean Road Open,2021-02-05,ATP250,Hard,Quarterfinals,Sinner J.,Kecmanovic M.,Sinner J.,36,42,36,42
Great Ocean Road Open,2021-02-06,ATP250,Hard,Semifinals,Sinner J.,Khachanov K.,Sinner J.,36,20,36,20
Murray River Open,2021-02-05,ATP250,Hard,3rd Round,Kyrgios N.,Coric B.,Coric B.,47,25,25,47
Murray River Open,2021-02-05,ATP250,Hard,Quarterfinals,Coric B.,Evans D.,Evans D.,25,33,33,25
Murray River Open,2021-02-07,ATP250,Hard,The Final,Auger-Aliassime F.,Evans D.,Evans D.,21,33,33,21
Australian Open,2021-02-08,Grand Slam,Hard,1st Round,Fritz T.,Ramos-Vinolas A.,Fritz T.,31,46,31,46
Australian Open,2021-02-08,Grand Slam,Hard,1st Round,Carreno Busta P.,Nishikori K.,Carreno Busta P.,16,42,16,42
Australian Open,2021-02-08,Grand Slam,Hard,1st Round,Dimitrov G.,Cilic M.,Dimitrov G.,21,43,21,43
Australian Open,2021-02-08,Grand Slam,Hard,1st Round,Shapovalov D.,Sinner J.,Shapovalov D.,12,32,12,32
Australian Open,2021-02-09,Grand Slam,Hard,1st Round,Pella G.,Coric B.,Coric B.,44,25,25,44
Australian Open,2021-02-10,Grand Slam,Hard,2nd Round,Lajovic D.,Bublik A.,Lajovic D.,27,45,27,45
Australian Open,2021-02-10,Grand Slam,Hard,2nd Round,Opelka R.,Fritz T.,Fritz T.,38,31,31,38
Australian Open,2021-02-10,Grand Slam,Hard,2nd Round,Kecmanovic M.,Mannarino A.,Mannarino A.,41,36,36,41
Australian Open,2021-02-10,Grand Slam,Hard,2nd Round,Humbert U.,Kyrgios N.,Kyrgios N.,34,47,47,34
Australian Open,2021-02-12,Grand Slam,Hard,3rd Round,Zverev A.,Mannarino A.,Zverev A.,7,36,7,36
Australian Open,2021-02-12,Grand Slam,Hard,3rd Round,Auger-Aliassime F.,Shapovalov D.,Auger-Aliassime F.,19,12,19,12
Australian Open,2021-02-12,Grand Slam,Hard,3rd Round,Kyrgios N.,Thiem D.,Thiem D.,47,3,3,47
Australian Open,2021-02-12,Grand Slam,Hard,3rd Round,Djokovic N.,Fritz T.,Djokovic N.,1,31,1,31
Australian Open,2021-02-13,Grand Slam,Hard,3rd Round,Krajinovic F.,Medvedev D.,Medvedev D.,33,4,4,33
Australian Open,2021-02-13,Grand Slam,Hard,3rd Round,Berrettini M.,Khachanov K.,Berrettini M.,10,20,10,20
Australian Open,2021-02-13,Grand Slam,Hard,3rd Round,De Minaur A.,Fognini F.,Fognini F.,23,17,17,23
Australian Open,2021-02-14,Grand Slam,Hard,4th Round,Dimitrov G.,Thiem D.,Dimitrov G.,21,3,21,3
Australian Open,2021-02-14,Grand Slam,Hard,4th Round,Lajovic D.,Zverev A.,Zverev A.,27,7,7,27
Australian Open,2021-02-14,Grand Slam,Hard,4th Round,Djokovic N.,Raonic M.,Djokovic N.,1,14,1,14
Australian Open,2021-02-15,Grand Slam,Hard,4th Round,Nadal R.,Fognini F.,Nadal R.,2,17,2,17
Australian Open,2021-02-16,Grand Slam,Hard,Quarterfinals,Djokovic N.,Zverev A.,Djokovic N.,1,7,1,7
Australian Open,2021-02-17,Grand Slam,Hard,Quarterfinals,Rublev A.,Medvedev D.,Medvedev D.,8,4,4,8
Australian Open,2021-02-17,Grand Slam,Hard,Quarterfinals,Tsitsipas S.,Nadal R.,Tsitsipas S.,6,2,6,2
Australian Open,2021-02-19,Grand Slam,Hard,Semifinals,Medvedev D.,Tsitsipas S.,Medvedev D.,4,6,4,6
Australian Open,2021-02-21,Grand Slam,Hard,The Final,Medvedev D.,Djokovic N.,Djokovic N.,4,1,1,4
Cordoba Open,2021-02-26,ATP250,Clay,Quarterfinals,Ramos-Vinolas A.,Schwartzman D.,Ramos-Vinolas A.,47,9,47,9
Open Sud de France,2021-02-26,ATP250,Hard,Quarterfinals,Goffin D.,Sonego L.,Goffin D.,15,36,15,36
Open Sud de France,2021-02-26,ATP250,Hard,Quarterfinals,Humbert U.,Bautista Agut R.,Bautista Agut R.,32,13,13,32
Open Sud de France,2021-02-28,ATP250,Hard,The Final,Goffin D.,Bautista Agut R.,Goffin D.,15,13,15,13
Argentina Open,2021-03-06,ATP250,Clay,Semifinals,Schwartzman D.,Kecmanovic M.,Schwartzman D.,9,42,9,42
ABN AMRO World Tennis Tournament,2021-03-01,ATP500,Hard,1st Round,Auger-Aliassime F.,Nishikori K.,Nishikori K.,19,45,45,19
ABN AMRO World Tennis Tournament,2021-03-02,ATP500,Hard,1st Round,De Minaur A.,Millman J.,De Minaur A.,23,39,23,39
ABN AMRO World Tennis Tournament,2021-03-02,ATP500,Hard,1st Round,Hurkacz H.,Mannarino A.,Hurkacz H.,30,36,30,36
ABN AMRO World Tennis Tournament,2021-03-02,ATP500,Hard,1st Round,Wawrinka S.,Khachanov K.,Khachanov K.,20,21,21,20
ABN AMRO World Tennis Tournament,2021-03-03,ATP500,Hard,1st Round,Zverev A.,Bublik A.,Bublik A.,7,43,43,7
ABN AMRO World Tennis Tournament,2021-03-03,ATP500,Hard,1st Round,Medvedev D.,Lajovic D.,Lajovic D.,3,27,27,3
ABN AMRO World Tennis Tournament,2021-03-03,ATP500,Hard,1st Round,Goffin D.,Struff J.L.,Goffin D.,14,37,14,37
ABN AMRO World Tennis Tournament,2021-03-03,ATP500,Hard,2nd Round,Nishikori K.,De Minaur A.,Nishikori K.,45,23,45,23
ABN AMRO World Tennis Tournament,2021-03-04,ATP500,Hard,2nd Round,Hurkacz H.,Tsitsipas S.,Tsitsipas S.,30,6,6,30
ABN AMRO World Tennis Tournament,2021-03-04,ATP500,Hard,2nd Round,Coric B.,Lajovic D.,Coric B.,26,27,26,27
ABN AMRO World Tennis Tournament,2021-03-05,ATP500,Hard,Quarterfinals,Tsitsipas S.,Khachanov K.,Tsitsipas S.,6,21,6,21
ABN AMRO World Tennis Tournament,2021-03-05,ATP500,Hard,Quarterfinals,Coric B.,Nishikori K.,Coric B.,26,45,26,45
ABN AMRO World Tennis Tournament,2021-03-06,ATP500,Hard,Semifinals,Rublev A.,Tsitsipas S.,Rublev A.,8,6,8,6
Qatar Exxon Mobil Open,2021-03-08,ATP250,Hard,1st Round,Millman J.,Basilashvili N.,Basilashvili N.,41,42,42,41
Qatar Exxon Mobil Open,2021-03-08,ATP250,Hard,1st Round,Sonego L.,Fritz T.,Fritz T.,35,33,33,35
Qatar Exxon Mobil Open,2021-03-08,ATP250,Hard,1st Round,Opelka R.,Bautista Agut R.,Bautista Agut R.,39,13,13,39
Qatar Exxon Mobil Open,2021-03-09,ATP250,Hard,1st Round,Lajovic D.,Fucsovics M.,Fucsovics M.,27,46,46,27
Qatar Exxon Mobil Open,2021-03-09,ATP250,Hard,1st Round,Krajinovic F.,Goffin D.,Goffin D.,32,14,14,32
Qatar Exxon Mobil Open,2021-03-10,ATP250,Hard,2nd Round,Karatsev A.,Thiem D.,Thiem D.,45,4,4,45
Qatar Exxon Mobil Open,2021-03-10,ATP250,Hard,2nd Round,Bautista Agut R.,Bublik A.,Bautista Agut R.,13,44,13,44
Qatar Exxon Mobil Open,2021-03-10,ATP250,Hard,2nd Round,Goffin D.,Fritz T.,Fritz T.,14,33,33,14
Qatar Exxon Mobil Open,2021-03-10,ATP250,Hard,2nd Round,Evans D.,Federer R.,Federer R.,28,6,6,28
Qatar Exxon Mobil Open,2021-03-11,ATP250,Hard,Quarterfinals,Shapovalov D.,Fritz T.,Fritz T.,11,33,33,11
Qatar Exxon Mobil Open,2021-03-11,ATP250,Hard,Quarterfinals,Basilashvili N.,Federer R.,Basilashvili N.,42,6,42,6
Qatar Exxon Mobil Open,2021-03-11,ATP250,Hard,Quarterfinals,Thiem D.,Bautista Agut R.,Bautista Agut R.,4,13,13,4
Qatar Exxon Mobil Open,2021-03-12,ATP250,Hard,Semifinals,Bautista Agut R.,Rublev A.,Bautista Agut R.,13,8,13,8
Qatar Exxon Mobil Open,2021-03-12,ATP250,Hard,Semifinals,Fritz T.,Basilashvili N.,Basilashvili N.,33,42,42,33
Qatar Exxon Mobil Open,2021-03-13,ATP250,Hard,The Final,Basilashvili N.,Bautista Agut R.,Basilashvili N.,42,13,42,13
Open 13,2021-03-12,ATP250,Hard,Quarterfinals,Sinner J.,Medvedev D.,Medvedev D.,34,3,3,34
Abierto Mexicano,2021-03-17,ATP500,Hard,1st Round,Tsitsipas S.,Paire B.,Tsitsipas S.,5,31,5,31
Abierto Mexicano,2021-03-18,ATP500,Hard,2nd Round,Kecmanovic M.,Dimitrov G.,Dimitrov G.,46,16,16,46
Abierto Mexicano,2021-03-18,ATP500,Hard,2nd Round,Isner J.,Tsitsipas S.,Tsitsipas S.,27,5,5,27
Abierto Mexicano,2021-03-19,ATP500,Hard,Quarterfinals,Auger-Aliassime F.,Tsitsipas S.,Tsitsipas S.,18,5,5,18
Abierto Mexicano,2021-03-21,ATP500,Hard,The Final,Tsitsipas S.,Zverev A.,Zverev A.,5,7,7,5
Dubai Tennis Championships,2021-03-14,ATP500,Hard,1st Round,Nishikori K.,Opelka R.,Nishikori K.,41,38,41,38
Dubai Tennis Championships,2021-03-16,ATP500,Hard,2nd Round,Hurkacz H.,Gasquet R.,Hurkacz H.,35,49,35,49
Dubai Tennis Championships,2021-03-16,ATP500,Hard,2nd Round,Evans D.,Karatsev A.,Karatsev A.,28,42,42,28
Dubai Tennis Championships,2021-03-16,ATP500,Hard,2nd Round,Shapovalov D.,Struff J.L.,Shapovalov D.,12,39,12,39
Dubai Tennis Championships,2021-03-16,ATP500,Hard,2nd Round,Sinner J.,Bublik A.,Sinner J.,32,43,32,43
Dubai Tennis Championships,2021-03-16,ATP500,Hard,2nd Round,Fucsovics M.,Carreno Busta P.,Fucsovics M.,44,15,44,15
Dubai Tennis Championships,2021-03-16,ATP500,Hard,2nd Round,Basilashvili N.,Fritz T.,Fritz T.,36,30,30,36
Dubai Tennis Championships,2021-03-16,ATP500,Hard,2nd Round,Nishikori K.,Goffin D.,Nishikori K.,41,13,41,13
Dubai Tennis Championships,2021-03-17,ATP500,Hard,3rd Round,Hurkacz H.,Shapovalov D.,Shapovalov D.,35,12,12,35
Dubai Tennis Championships,2021-03-17,ATP500,Hard,3rd Round,Bautista Agut R.,Sinner J.,Sinner J.,11,32,32,11
Dubai Tennis Championships,2021-03-17,ATP500,Hard,3rd Round,Karatsev A.,Sonego L.,Karatsev A.,42,37,42,37
Dubai Tennis Championships,2021-03-17,ATP500,Hard,3rd Round,Fucsovics M.,Lajovic D.,Fucsovics M.,44,26,44,26
Dubai Tennis Championships,2021-03-17,ATP500,Hard,3rd Round,Fritz T.,Rublev A.,Rublev A.,30,8,8,30
Dubai Tennis Championships,2021-03-18,ATP500,Hard,Quarterfinals,Karatsev A.,Sinner J.,Karatsev A.,42,32,42,32
Dubai Tennis Championships,2021-03-18,ATP500,Hard,Quarterfinals,Rublev A.,Fucsovics M.,Rublev A.,8,44,8,44
Dubai Tennis Championships,2021-03-19,ATP500,Hard,Semifinals,Karatsev A.,Rublev A.,Karatsev A.,42,8,42,8
Miami Open,2021-03-27,Masters 1000,Hard,2nd Round,Cilic M.,Garin C.,Cilic M.,45,20,45,20
Miami Open,2021-03-27,Masters 1000,Hard,2nd Round,Kecmanovic M.,Mannarino A.,Mannarino A.,46,36,36,46
Miami Open,2021-03-28,Masters 1000,Hard,3rd Round,Struff J.L.,Bautista Agut R.,Bautista Agut R.,42,12,12,42
Miami Open,2021-03-28,Masters 1000,Hard,3rd Round,Isner J.,Auger-Aliassime F.,Isner J.,28,18,28,18
Miami Open,2021-03-28,Masters 1000,Hard,3rd Round,Khachanov K.,Sinner J.,Sinner J.,22,31,31,22
Miami Open,2021-03-29,Masters 1000,Hard,3rd Round,Humbert U.,Raonic M.,Raonic M.,30,19,19,30
Miami Open,2021-03-29,Masters 1000,Hard,3rd Round,Shapovalov D.,Hurkacz H.,Hurkacz H.,11,37,37,11
Miami Open,2021-03-29,Masters 1000,Hard,3rd Round,Rublev A.,Fucsovics M.,Rublev A.,8,40,8,40
Miami Open,2021-03-29,Masters 1000,Hard,3rd Round,Mannarino A.,Schwartzman D.,Schwartzman D.,36,9,9,36
Miami Open,2021-03-30,Masters 1000,Hard,3rd Round,Tsitsipas S.,Nishikori K.,Tsitsipas S.,5,39,5,39
Miami Open,2021-03-30,Masters 1000,Hard,4th Round,Isner J.,Bautista Agut R.,Bautista Agut R.,28,12,12,28
Miami Open,2021-03-30,Masters 1000,Hard,4th Round,Fritz T.,Bublik A.,Bublik A.,32,44,44,32
Miami Open,2021-03-30,Masters 1000,Hard,4th Round,Hurkacz H.,Raonic M.,Hurkacz H.,37,19,37,19
Miami Open,2021-03-31,Masters 1000,Hard,4th Round,Cilic M.,Rublev A.,Rublev A.,45,8,8,45
Miami Open,2021-03-31,Masters 1000,Hard,4th Round,Tsitsipas S.,Sonego L.,Tsitsipas S.,5,34,5,34
Miami Open,2021-03-31,Masters 1000,Hard,Quarterfinals,Bublik A.,Sinner J.,Sinner J.,44,31,31,44
Miami Open,2021-04-01,Masters 1000,Hard,Quarterfinals,Bautista Agut R.,Medvedev D.,Bautista Agut R.,12,2,12,2
Miami Open,2021-04-01,Masters 1000,Hard,Quarterfinals,Tsitsipas S.,Hurkacz H.,Hurkacz H.,5,37,37,5
Miami Open,2021-04-02,Masters 1000,Hard,Semifinals,Bautista Agut R.,Sinner J.,Sinner J.,12,31,31,12
Miami Open,2021-04-03,Masters 1000,Hard,Semifinals,Hurkacz H.,Rublev A.,Hurkacz H.,37,8,37,8
Miami Open,2021-04-04,Masters 1000,Hard,The Final,Sinner J.,Hurkacz H.,Hurkacz H.,31,37,37,31
Sardegna Open,2021-04-09,ATP250,Hard,Quarterfinals,Struff J.L.,Basilashvili N.,Basilashvili N.,41,37,37,41
Sardegna Open,2021-04-10,ATP250,Hard,Semifinals,Sonego L.,Fritz T.,Sonego L.,34,30,34,30
AnyTech365 Andalucia Open,2021-04-10,ATP250,Hard,Semifinals,Ramos-Vinolas A.,Carreno Busta P.,Carreno Busta P.,47,15,15,47
Monte Carlo Masters,2021-04-11,Masters 1000,Clay,1st Round,Goffin D.,Cilic M.,Goffin D.,15,43,15,43
Monte Carlo Masters,2021-04-12,Masters 1000,Clay,1st Round,Millman J.,Humbert U.,Millman J.,44,32,44,32
Monte Carlo Masters,2021-04-13,Masters 1000,Clay,1st Round,Sinner J.,Ramos-Vinolas A.,Sinner J.,22,46,22,46
Monte Carlo Masters,2021-04-13,Masters 1000,Clay,1st Round,Kecmanovic M.,Fognini F.,Fognini F.,47,18,18,47
Monte Carlo Masters,2021-04-13,Masters 1000,Clay,1st Round,Lajovic D.,Evans D.,Evans D.,31,33,33,31
Monte Carlo Masters,2021-04-13,Masters 1000,Clay,1st Round,Garin C.,Auger-Aliassime F.,Garin C.,24,21,24,21
Monte Carlo Masters,2021-04-13,Masters 1000,Clay,1st Round,Fritz T.,Bautista Agut R.,Bautista Agut R.,30,11,11,30
Monte Carlo Masters,2021-04-13,Masters 1000,Clay,1st Round,Dimitrov G.,Struff J.L.,Dimitrov G.,17,41,17,41
Monte Carlo Masters,2021-04-13,Masters 1000,Clay,1st Round,Fucsovics M.,Sonego L.,Sonego L.,40,28,28,40
Monte Carlo Masters,2021-04-13,Masters 1000,Clay,1st Round,Khachanov K.,Djere L.,Khachanov K.,23,49,23,49
Monte Carlo Masters,2021-04-13,Masters 1000,Clay,2nd Round,Tsitsipas S.,Karatsev A.,Tsitsipas S.,5,29,5,29
Monte Carlo Masters,2021-04-14,Masters 1000,Clay,2nd Round,Millman J.,Garin C.,Garin C.,44,24,24,44
Monte Carlo Masters,2021-04-14,Masters 1000,Clay,2nd Round,Djokovic N.,Sinner J.,Djokovic N.,1,22,1,22
Monte Carlo Masters,2021-04-14,Masters 1000,Clay,2nd Round,Schwartzman D.,Ruud C.,Ruud C.,9,27,27,9
Monte Carlo Masters,2021-04-14,Masters 1000,Clay,2nd Round,Hurkacz H.,Evans D.,Evans D.,16,33,33,16
Monte Carlo Masters,2021-04-14,Masters 1000,Clay,2nd Round,Carreno Busta P.,Khachanov K.,Carreno Busta P.,12,23,12,23
Monte Carlo Masters,2021-04-14,Masters 1000,Clay,2nd Round,Sonego L.,Zverev A.,Zverev A.,28,6,6,28
Monte Carlo Masters,2021-04-15,Masters 1000,Clay,3rd Round,Garin C.,Tsitsipas S.,Tsitsipas S.,24,5,5,24
Monte Carlo Masters,2021-04-15,Masters 1000,Clay,3rd Round,Goffin D.,Zverev A.,Goffin D.,15,6,15,6
Monte Carlo Masters,2021-04-15,Masters 1000,Clay,3rd Round,Djokovic N.,Evans D.,Evans D.,1,33,33,1
Monte Carlo Masters,2021-04-15,Masters 1000,Clay,3rd Round,Fognini F.,Krajinovic F.,Fognini F.,18,37,18,37
Monte Carlo Masters,2021-04-15,Masters 1000,Clay,3rd Round,Dimitrov G.,Nadal R.,Nadal R.,17,3,3,17
Monte Carlo Masters,2021-04-15,Masters 1000,Clay,3rd Round,Rublev A.,Bautista Agut R.,Rublev A.,8,11,8,11
Monte Carlo Masters,2021-04-15,Masters 1000,Clay,3rd Round,Carreno Busta P.,Ruud C.,Ruud C.,12,27,27,12
Monte Carlo Masters,2021-04-16,Masters 1000,Clay,Quarterfinals,Evans D.,Goffin D.,Evans D.,33,15,33,15
Monte Carlo Masters,2021-04-16,Masters 1000,Clay,Quarterfinals,Fognini F.,Ruud C.,Ruud C.,18,27,27,18
Monte Carlo Masters,2021-04-16,Masters 1000,Clay,Quarterfinals,Rublev A.,Nadal R.,Rublev A.,8,3,8,3
Monte Carlo Masters,2021-04-17,Masters 1000,Clay,Semifinals,Evans D.,Tsitsipas S.,Tsitsipas S.,33,5,5,33
Monte Carlo Masters,2021-04-17,Masters 1000,Clay,Semifinals,Rublev A.,Ruud C.,Rublev A.,8,27,8,27
Monte Carlo Masters,2021-04-18,Masters 1000,Clay,The Final,Rublev A.,Tsitsipas S.,Tsitsipas S.,8,5,5,8
Barcelona Open,2021-04-19,ATP500,Clay,1st Round,Nishikori K.,Pella G.,Nishikori K.,39,50,39,50
Barcelona Open,2021-04-20,ATP500,Clay,1st Round,Bublik A.,Davidovich Fokina A.,Bublik A.,42,48,42,48
Barcelona Open,2021-04-21,ATP500,Clay,2nd Round,Ramos-Vinolas A.,Mannarino A.,Ramos-Vinolas A.,46,34,46,34
Barcelona Open,2021-04-21,ATP500,Clay,2nd Round,De Minaur A.,Bublik A.,De Minaur A.,25,42,25,42
Barcelona Open,2021-04-21,ATP500,Clay,2nd Round,Garin C.,Nishikori K.,Nishikori K.,22,39,39,22
Barcelona Open,2021-04-22,ATP500,Clay,3rd Round,Ramos-Vinolas A.,Rublev A.,Rublev A.,46,7,7,46
Barcelona Open,2021-04-22,ATP500,Clay,3rd Round,Auger-Aliassime F.,Shapovalov D.,Auger-Aliassime F.,20,14,20,14
Barcelona Open,2021-04-22,ATP500,Clay,3rd Round,Bautista Agut R.,Sinner J.,Sinner J.,11,19,19,11
Barcelona Open,2021-04-22,ATP500,Clay,3rd Round,Tsitsipas S.,De Minaur A.,Tsitsipas S.,5,25,5,25
Barcelona Open,2021-04-22,ATP500,Clay,3rd Round,Nishikori K.,Nadal R.,Nadal R.,39,3,3,39
Barcelona Open,2021-04-23,ATP500,Clay,Quarterfinals,Sinner J.,Rublev A.,Sinner J.,19,7,19,7
Barcelona Open,2021-04-23,ATP500,Clay,Quarterfinals,Auger-Aliassime F.,Tsitsipas S.,Tsitsipas S.,20,5,5,20
Barcelona Open,2021-04-23,ATP500,Clay,Quarterfinals,Schwartzman D.,Carreno Busta P.,Carreno Busta P.,9,13,13,9
Barcelona Open,2021-04-24,ATP500,Clay,Semifinals,Tsitsipas S.,Sinner J.,Tsitsipas S.,5,19,5,19
Barcelona Open,2021-04-24,ATP500,Clay,Semifinals,Carreno Busta P.,Nadal R.,Nadal R.,13,3,3,13
Barcelona Open,2021-04-25,ATP500,Clay,The Final,Nadal R.,Tsitsipas S.,Nadal R.,3,5,3,5
Serbia Open,2021-04-23,ATP250,Clay,Quarterfinals,Krajinovic F.,Berrettini M.,Berrettini M.,33,10,10,33
Serbia Open,2021-04-23,ATP250,Clay,Quarterfinals,Djokovic N.,Kecmanovic M.,Djokovic N.,1,47,1,47
Serbia Open,2021-04-24,ATP250,Clay,Semifinals,Djokovic N.,Karatsev A.,Karatsev A.,1,28,28,1
Serbia Open,2021-04-25,ATP250,Clay,The Final,Karatsev A.,Berrettini M.,Berrettini M.,28,10,10,28
Millennium Estoril Open,2021-04-30,ATP250,Clay,Quarterfinals,Garin C.,Norrie C.,Norrie C.,22,50,50,22
Millennium Estoril Open,2021-04-30,ATP250,Clay,Quarterfinals,Humbert U.,Davidovich Fokina A.,Davidovich Fokina A.,31,48,48,31
Millennium Estoril Open,2021-05-01,ATP250,Clay,Semifinals,Norrie C.,Cilic M.,Norrie C.,50,42,50,42
Millennium Estoril Open,2021-05-01,ATP250,Clay,Semifinals,Davidovich Fokina A.,Ramos-Vinolas A.,Ramos-Vinolas A.,48,46,46,48
Millennium Estoril Open,2021-05-02,ATP250,Clay,The Final,Ramos-Vinolas A.,Norrie C.,Ramos-Vinolas A.,46,50,46,50
BMW Open,2021-04-30,ATP250,Clay,Quarterfinals,Struff J.L.,Krajinovic F.,Struff J.L.,44,36,44,36
BMW Open,2021-05-01,ATP250,Clay,Quarterfinals,Millman J.,Ruud C.,Ruud C.,40,24,24,40
BMW Open,2021-05-01,ATP250,Clay,Semifinals,Ruud C.,Basilashvili N.,Basilashvili N.,24,35,35,24
BMW Open,2021-05-02,ATP250,Clay,The Final,Basilashvili N.,Struff J.L.,Basilashvili N.,35,44,35,44
Mutua Madrid Open,2021-05-02,Masters 1000,Clay,1st Round,Shapovalov D.,Lajovic D.,Shapovalov D.,14,38,14,38
Mutua Madrid Open,2021-05-02,Masters 1000,Clay,1st Round,Fucsovics M.,Bublik A.,Bublik A.,45,44,44,45
Mutua Madrid Open,2021-05-03,Masters 1000,Clay,1st Round,Isner J.,Kecmanovic M.,Isner J.,39,47,39,47
Mutua Madrid Open,2021-05-03,Masters 1000,Clay,1st Round,Humbert U.,Karatsev A.,Karatsev A.,32,27,27,32
Mutua Madrid Open,2021-05-04,Masters 1000,Clay,1st Round,Hurkacz H.,Millman J.,Millman J.,16,42,42,16
Mutua Madrid Open,2021-05-04,Masters 1000,Clay,1st Round,Ruud C.,Auger-Aliassime F.,Ruud C.,22,20,22,20
Mutua Madrid Open,2021-05-04,Masters 1000,Clay,1st Round,Khachanov K.,Nishikori K.,Nishikori K.,23,43,43,23
Mutua Madrid Open,2021-05-04,Masters 1000,Clay,1st Round,Fritz T.,Ramos-Vinolas A.,Ramos-Vinolas A.,30,37,37,30
Mutua Madrid Open,2021-05-04,Masters 1000,Clay,1st Round,Basilashvili N.,Paire B.,Paire B.,31,35,35,31
Mutua Madrid Open,2021-05-04,Masters 1000,Clay,2nd Round,Shapovalov D.,Bublik A.,Bublik A.,14,44,44,14
Mutua Madrid Open,2021-05-04,Masters 1000,Clay,2nd Round,Berrettini M.,Fognini F.,Berrettini M.,10,28,10,28
Mutua Madrid Open,2021-05-05,Masters 1000,Clay,2nd Round,Schwartzman D.,Karatsev A.,Karatsev A.,9,27,27,9
Mutua Madrid Open,2021-05-05,Masters 1000,Clay,2nd Round,Medvedev D.,Davidovich Fokina A.,Medvedev D.,3,49,3,49
Mutua Madrid Open,2021-05-05,Masters 1000,Clay,2nd Round,Millman J.,Evans D.,Evans D.,42,26,26,42
Mutua Madrid Open,2021-05-05,Masters 1000,Clay,2nd Round,Zverev A.,Nishikori K.,Zverev A.,6,43,6,43
Mutua Madrid Open,2021-05-05,Masters 1000,Clay,2nd Round,Isner J.,Bautista Agut R.,Isner J.,39,11,39,11
Mutua Madrid Open,2021-05-05,Masters 1000,Clay,2nd Round,Paire B.,Tsitsipas S.,Tsitsipas S.,35,5,5,35
Mutua Madrid Open,2021-05-06,Masters 1000,Clay,3rd Round,Karatsev A.,Bublik A.,Bublik A.,27,44,44,27
Mutua Madrid Open,2021-05-06,Masters 1000,Clay,3rd Round,Thiem D.,De Minaur A.,Thiem D.,4,24,4,24
Mutua Madrid Open,2021-05-06,Masters 1000,Clay,3rd Round,Medvedev D.,Garin C.,Garin C.,3,25,25,3
Mutua Madrid Open,2021-05-06,Masters 1000,Clay,3rd Round,Rublev A.,Isner J.,Isner J.,7,39,39,7
Mutua Madrid Open,2021-05-06,Masters 1000,Clay,3rd Round,Ruud C.,Tsitsipas S.,Ruud C.,22,5,22,5
Mutua Madrid Open,2021-05-06,Masters 1000,Clay,3rd Round,Evans D.,Zverev A.,Zverev A.,26,6,6,26
Mutua Madrid Open,2021-05-07,Masters 1000,Clay,Quarterfinals,Isner J.,Thiem D.,Thiem D.,39,4,4,39
Mutua Madrid Open,2021-05-07,Masters 1000,Clay,Quarterfinals,Zverev A.,Nadal R.,Zverev A.,6,2,6,2
Mutua Madrid Open,2021-05-07,Masters 1000,Clay,Quarterfinals,Bublik A.,Ruud C.,Ruud C.,44,22,22,44
Mutua Madrid Open,2021-05-07,Masters 1000,Clay,Quarterfinals,Berrettini M.,Garin C.,Berrettini M.,10,25,10,25
Mutua Madrid Open,2021-05-08,Masters 1000,Clay,Semifinals,Thiem D.,Zverev A.,Zverev A.,4,6,6,4
Mutua Madrid Open,2021-05-08,Masters 1000,Clay,Semifinals,Berrettini M.,Ruud C.,Berrettini M.,10,22,10,22
Mutua Madrid Open,2021-05-09,Masters 1000,Clay,The Final,Berrettini M.,Zverev A.,Zverev A.,10,6,6,10
Internazionali BNL d'Italia,2021-05-09,Masters 1000,Clay,1st Round,Auger-Aliassime F.,Krajinovic F.,Auger-Aliassime F.,21,39,21,39
Internazionali BNL d'Italia,2021-05-10,Masters 1000,Clay,1st Round,Fritz T.,Evans D.,Fritz T.,31,26,31,26
Internazionali BNL d'Italia,2021-05-10,Masters 1000,Clay,1st Round,Kecmanovic M.,Karatsev A.,Karatsev A.,46,27,27,46
Internazionali BNL d'Italia,2021-05-10,Masters 1000,Clay,1st Round,Nishikori K.,Fognini F.,Nishikori K.,45,28,45,28
Internazionali BNL d'Italia,2021-05-10,Masters 1000,Clay,1st Round,Sinner J.,Humbert U.,Sinner J.,18,32,18,32
Internazionali BNL d'Italia,2021-05-10,Masters 1000,Clay,1st Round,Bublik A.,Cilic M.,Cilic M.,40,43,43,40
Internazionali BNL d'Italia,2021-05-11,Masters 1000,Clay,1st Round,Millman J.,Lajovic D.,Millman J.,42,37,42,37
Internazionali BNL d'Italia,2021-05-11,Masters 1000,Clay,1st Round,Dimitrov G.,Davidovich Fokina A.,Davidovich Fokina A.,17,48,48,17
Internazionali BNL d'Italia,2021-05-11,Masters 1000,Clay,1st Round,Monfils G.,Sonego L.,Sonego L.,15,33,33,15
Internazionali BNL d'Italia,2021-05-11,Masters 1000,Clay,1st Round,Berrettini M.,Basilashvili N.,Berrettini M.,9,30,9,30
Internazionali BNL d'Italia,2021-05-11,Masters 1000,Clay,2nd Round,Djokovic N.,Fritz T.,Djokovic N.,1,31,1,31
Internazionali BNL d'Italia,2021-05-11,Masters 1000,Clay,2nd Round,Schwartzman D.,Auger-Aliassime F.,Auger-Aliassime F.,10,21,21,10
Internazionali BNL d'Italia,2021-05-12,Masters 1000,Clay,2nd Round,Thiem D.,Fucsovics M.,Thiem D.,4,44,4,44
Internazionali BNL d'Italia,2021-05-12,Masters 1000,Clay,2nd Round,Garin C.,Bautista Agut R.,Bautista Agut R.,22,11,11,22
Internazionali BNL d'Italia,2021-05-12,Masters 1000,Clay,2nd Round,Davidovich Fokina A.,Norrie C.,Davidovich Fokina A.,48,49,48,49
Internazionali BNL d'Italia,2021-05-12,Masters 1000,Clay,2nd Round,Struff J.L.,Rublev A.,Rublev A.,41,7,7,41
Internazionali BNL d'Italia,2021-05-12,Masters 1000,Clay,2nd Round,Karatsev A.,Medvedev D.,Karatsev A.,27,2,27,2
Internazionali BNL d'Italia,2021-05-12,Masters 1000,Clay,2nd Round,Tsitsipas S.,Cilic M.,Tsitsipas S.,5,43,5,43
Internazionali BNL d'Italia,2021-05-12,Masters 1000,Clay,2nd Round,Berrettini M.,Millman J.,Berrettini M.,9,42,9,42
Internazionali BNL d'Italia,2021-05-12,Masters 1000,Clay,2nd Round,Sinner J.,Nadal R.,Nadal R.,18,3,3,18
Internazionali BNL d'Italia,2021-05-13,Masters 1000,Clay,3rd Round,Opelka R.,Karatsev A.,Opelka R.,47,27,47,27
Internazionali BNL d'Italia,2021-05-13,Masters 1000,Clay,3rd Round,Davidovich Fokina A.,Djokovic N.,Djokovic N.,48,1,1,48
Internazionali BNL d'Italia,2021-05-13,Masters 1000,Clay,3rd Round,Tsitsipas S.,Berrettini M.,Tsitsipas S.,5,9,5,9
Internazionali BNL d'Italia,2021-05-13,Masters 1000,Clay,3rd Round,Shapovalov D.,Nadal R.,Nadal R.,14,3,3,14
Internazionali BNL d'Italia,2021-05-13,Masters 1000,Clay,3rd Round,Nishikori K.,Zverev A.,Zverev A.,45,6,6,45
Internazionali BNL d'Italia,2021-05-13,Masters 1000,Clay,3rd Round,Sonego L.,Thiem D.,Sonego L.,33,4,33,4
Internazionali BNL d'Italia,2021-05-13,Masters 1000,Clay,3rd Round,Bautista Agut R.,Rublev A.,Rublev A.,11,7,7,11
Internazionali BNL d'Italia,2021-05-14,Masters 1000,Clay,Quarterfinals,Zverev A.,Nadal R.,Nadal R.,6,3,3,6
Internazionali BNL d'Italia,2021-05-15,Masters 1000,Clay,Quarterfinals,Djokovic N.,Tsitsipas S.,Djokovic N.,1,5,1,5
Internazionali BNL d'Italia,2021-05-15,Masters 1000,Clay,Quarterfinals,Rublev A.,Sonego L.,Sonego L.,7,33,33,7
Internazionali BNL d'Italia,2021-05-15,Masters 1000,Clay,Semifinals,Nadal R.,Opelka R.,Nadal R.,3,47,3,47
Internazionali BNL d'Italia,2021-05-15,Masters 1000,Clay,Semifinals,Sonego L.,Djokovic N.,Djokovic N.,33,1,1,33
Internazionali BNL d'Italia,2021-05-16,Masters 1000,Clay,The Final,Nadal R.,Djokovic N.,Nadal R.,3,1,3,1
Geneva Open,2021-05-22,ATP250,Clay,The Final,Ruud C.,Shapovalov D.,Ruud C.,21,15,21,15
Lyon Open,2021-05-19,ATP250,Clay,1st Round,Karatsev A.,Sinner J.,Sinner J.,25,17,17,25
Lyon Open,2021-05-20,ATP250,Clay,2nd Round,Thiem D.,Norrie C.,Norrie C.,4,49,49,4
Lyon Open,2021-05-22,ATP250,Clay,Semifinals,Norrie C.,Khachanov K.,Norrie C.,49,26,49,26
Lyon Open,2021-05-23,ATP250,Clay,The Final,Norrie C.,Tsitsipas S.,Tsitsipas S.,49,5,5,49
French Open,2021-05-30,Grand Slam,Clay,1st Round,Kecmanovic M.,Evans D.,Kecmanovic M.,48,27,48,27
French Open,2021-05-31,Grand Slam,Clay,1st Round,Ruud C.,Paire B.,Ruud C.,16,40,16,40
French Open,2021-05-31,Grand Slam,Clay,1st Round,Bublik A.,Medvedev D.,Medvedev D.,37,2,2,37
French Open,2021-05-31,Grand Slam,Clay,1st Round,Basilashvili N.,Lajovic D.,Basilashvili N.,31,39,31,39
French Open,2021-06-01,Grand Slam,Clay,1st Round,Struff J.L.,Rublev A.,Struff J.L.,42,7,42,7
French Open,2021-06-01,Grand Slam,Clay,1st Round,Ramos-Vinolas A.,Monfils G.,Monfils G.,38,15,15,38
French Open,2021-06-02,Grand Slam,Clay,2nd Round,Khachanov K.,Nishikori K.,Nishikori K.,25,49,49,25
French Open,2021-06-02,Grand Slam,Clay,2nd Round,Fognini F.,Fucsovics M.,Fognini F.,29,44,29,44
French Open,2021-06-02,Grand Slam,Clay,2nd Round,Krajinovic F.,Isner J.,Isner J.,41,34,34,41
French Open,2021-06-03,Grand Slam,Clay,2nd Round,Cilic M.,Federer R.,Federer R.,47,8,8,47
French Open,2021-06-04,Grand Slam,Clay,3rd Round,Ruud C.,Davidovich Fokina A.,Davidovich Fokina A.,16,46,46,16
French Open,2021-06-04,Grand Slam,Clay,3rd Round,Medvedev D.,Opelka R.,Medvedev D.,2,35,2,35
French Open,2021-06-04,Grand Slam,Clay,3rd Round,Isner J.,Tsitsipas S.,Tsitsipas S.,34,5,5,34
French Open,2021-06-05,Grand Slam,Clay,3rd Round,Norrie C.,Nadal R.,Nadal R.,45,3,3,45
French Open,2021-06-06,Grand Slam,Clay,4th Round,Tsitsipas S.,Carreno Busta P.,Tsitsipas S.,5,12,5,12
French Open,2021-06-06,Grand Slam,Clay,4th Round,Garin C.,Medvedev D.,Medvedev D.,23,2,2,23
French Open,2021-06-06,Grand Slam,Clay,4th Round,Nishikori K.,Zverev A.,Zverev A.,49,6,6,49
French Open,2021-06-07,Grand Slam,Clay,4th Round,Schwartzman D.,Struff J.L.,Schwartzman D.,10,42,10,42
French Open,2021-06-07,Grand Slam,Clay,4th Round,Sinner J.,Nadal R.,Nadal R.,19,3,3,19
French Open,2021-06-08,Grand Slam,Clay,Quarterfinals,Zverev A.,Davidovich Fokina A.,Zverev A.,6,46,6,46
French Open,2021-06-08,Grand Slam,Clay,Quarterfinals,Medvedev D.,Tsitsipas S.,Tsitsipas S.,2,5,5,2
French Open,2021-06-09,Grand Slam,Clay,Quarterfinals,Nadal R.,Schwartzman D.,Nadal R.,3,10,3,10
French Open,2021-06-09,Grand Slam,Clay,Quarterfinals,Berrettini M.,Djokovic N.,Djokovic N.,9,1,1,9
French Open,2021-06-11,Grand Slam,Clay,Semifinals,Tsitsipas S.,Zverev A.,Tsitsipas S.,5,6,5,6
French Open,2021-06-11,Grand Slam,Clay,Semifinals,Nadal R.,Djokovic N.,Djokovic N.,3,1,1,3
French Open,2021-06-13,Grand Slam,Clay,The Final,Djokovic N.,Tsitsipas S.,Djokovic N.,1,5,1,5
Mercedes Cup,2021-06-08,ATP250,Grass,1st Round,Fucsovics M.,Humbert U.,Humbert U.,44,32,32,44
Mercedes Cup,2021-06-10,ATP250,Grass,2nd Round,Basilashvili N.,Cilic M.,Cilic M.,31,47,47,31
Mercedes Cup,2021-06-11,ATP250,Grass,Quarterfinals,Humbert U.,Auger-Aliassime F.,Auger-Aliassime F.,32,21,21,32
Mercedes Cup,2021-06-11,ATP250,Grass,Quarterfinals,Cilic M.,Shapovalov D.,Cilic M.,47,14,47,14
Mercedes Cup,2021-06-13,ATP250,Grass,The Final,Auger-Aliassime F.,Cilic M.,Cilic M.,21,47,47,21
Halle Open,2021-06-15,ATP500,Grass,1st Round,Medvedev D.,Struff J.L.,Struff J.L.,2,45,45,2
Halle Open,2021-06-15,ATP500,Grass,1st Round,Rublev A.,Khachanov K.,Rublev A.,7,27,7,27
Halle Open,2021-06-15,ATP500,Grass,1st Round,Hurkacz H.,Auger-Aliassime F.,Auger-Aliassime F.,17,21,21,17
Halle Open,2021-06-16,ATP500,Grass,2nd Round,Federer R.,Auger-Aliassime F.,Auger-Aliassime F.,8,21,21,8
Halle Open,2021-06-17,ATP500,Grass,2nd Round,Zverev A.,Humbert U.,Humbert U.,6,31,31,6
Halle Open,2021-06-19,ATP500,Grass,Semifinals,Basilashvili N.,Rublev A.,Rublev A.,30,7,7,30
Halle Open,2021-06-19,ATP500,Grass,Semifinals,Humbert U.,Auger-Aliassime F.,Humbert U.,31,21,31,21
Halle Open,2021-06-20,ATP500,Grass,The Final,Rublev A.,Humbert U.,Humbert U.,7,31,31,7
Queen's Club Championships,2021-06-14,ATP500,Grass,1st Round,Opelka R.,Millman J.,Millman J.,32,43,43,32
Queen's Club Championships,2021-06-14,ATP500,Grass,1st Round,Norrie C.,Ramos-Vinolas A.,Norrie C.,41,38,41,38
Queen's Club Championships,2021-06-16,ATP500,Grass,2nd Round,De Minaur A.,Millman J.,De Minaur A.,22,43,22,43
Queen's Club Championships,2021-06-16,ATP500,Grass,2nd Round,Karatsev A.,Norrie C.,Norrie C.,24,41,41,24
Queen's Club Championships,2021-06-16,ATP500,Grass,2nd Round,Fognini F.,Cilic M.,Cilic M.,29,37,37,29
Queen's Club Championships,2021-06-17,ATP500,Grass,2nd Round,Evans D.,Mannarino A.,Evans D.,25,42,25,42
Queen's Club Championships,2021-06-18,ATP500,Grass,Quarterfinals,Berrettini M.,Evans D.,Berrettini M.,9,25,9,25
Queen's Club Championships,2021-06-18,ATP500,Grass,Quarterfinals,Cilic M.,De Minaur A.,De Minaur A.,37,22,22,37
Queen's Club Championships,2021-06-19,ATP500,Grass,Semifinals,Berrettini M.,De Minaur A.,Berrettini M.,9,22,9,22
Queen's Club Championships,2021-06-19,ATP500,Grass,Semifinals,Shapovalov D.,Norrie C.,Norrie C.,14,41,41,14
Queen's Club Championships,2021-06-20,ATP500,Grass,The Final,Berrettini M.,Norrie C.,Berrettini M.,9,41,9,41
Viking International,2021-06-23,ATP250,Grass,2nd Round,Sonego L.,Millman J.,Sonego L.,27,43,27,43
Viking International,2021-06-24,ATP250,Grass,Quarterfinals,Sonego L.,Bublik A.,Sonego L.,27,39,27,39
Viking International,2021-06-26,ATP250,Grass,The Final,De Minaur A.,Sonego L.,De Minaur A.,18,27,18,27
Mallorca Championships,2021-06-20,ATP250,Grass,1st Round,Mannarino A.,Struff J.L.,Mannarino A.,42,45,42,45
Mallorca Championships,2021-06-22,ATP250,Grass,1st Round,Humbert U.,Kecmanovic M.,Humbert U.,25,47,25,47
Mallorca Championships,2021-06-24,ATP250,Grass,Quarterfinals,Medvedev D.,Ruud C.,Medvedev D.,2,14,2,14
Mallorca Championships,2021-06-25,ATP250,Grass,Semifinals,Carreno Busta P.,Medvedev D.,Medvedev D.,13,2,2,13
Wimbledon,2021-06-28,Grand Slam,Grass,1st Round,Fucsovics M.,Sinner J.,Fucsovics M.,48,23,48,23
Wimbledon,2021-06-28,Grand Slam,Grass,1st Round,Millman J.,Bautista Agut R.,Bautista Agut R.,43,10,10,43
Wimbledon,2021-06-28,Grand Slam,Grass,1st Round,Delbonis F.,Rublev A.,Rublev A.,47,7,7,47
Wimbledon,2021-06-29,Grand Slam,Grass,1st Round,Korda S.,De Minaur A.,Korda S.,50,15,50,15
Wimbledon,2021-06-29,Grand Slam,Grass,1st Round,Fognini F.,Ramos-Vinolas A.,Fognini F.,31,39,31,39
Wimbledon,2021-06-29,Grand Slam,Grass,1st Round,Schwartzman D.,Paire B.,Schwartzman D.,11,46,11,46
Wimbledon,2021-06-29,Grand Slam,Grass,1st Round,Struff J.L.,Medvedev D.,Medvedev D.,45,2,2,45
Wimbledon,2021-06-30,Grand Slam,Grass,2nd Round,Lajovic D.,Evans D.,Evans D.,42,26,26,42
Wimbledon,2021-07-01,Grand Slam,Grass,2nd Round,Bautista Agut R.,Kecmanovic M.,Bautista Agut R.,10,49,10,49
Wimbledon,2021-07-01,Grand Slam,Grass,2nd Round,Bublik A.,Dimitrov G.,Bublik A.,38,21,38,21
Wimbledon,2021-07-02,Grand Slam,Grass,3rd Round,Fognini F.,Rublev A.,Rublev A.,31,7,7,31
Wimbledon,2021-07-02,Grand Slam,Grass,3rd Round,Fucsovics M.,Schwartzman D.,Fucsovics M.,48,11,48,11
Wimbledon,2021-07-02,Grand Slam,Grass,3rd Round,Evans D.,Korda S.,Korda S.,26,50,50,26
Wimbledon,2021-07-03,Grand Slam,Grass,3rd Round,Hurkacz H.,Bublik A.,Hurkacz H.,18,38,18,38
Wimbledon,2021-07-03,Grand Slam,Grass,3rd Round,Fritz T.,Zverev A.,Zverev A.,40,6,6,40
Wimbledon,2021-07-03,Grand Slam,Grass,3rd Round,Federer R.,Norrie C.,Federer R.,8,34,8,34
Wimbledon,2021-07-03,Grand Slam,Grass,3rd Round,Cilic M.,Medvedev D.,Medvedev D.,37,2,2,37
Wimbledon,2021-07-05,Grand Slam,Grass,4th Round,Korda S.,Khachanov K.,Khachanov K.,50,29,29,50
Wimbledon,2021-07-05,Grand Slam,Grass,4th Round,Shapovalov D.,Bautista Agut R.,Shapovalov D.,12,10,12,10
Wimbledon,2021-07-05,Grand Slam,Grass,4th Round,Rublev A.,Fucsovics M.,Fucsovics M.,7,48,48,7
Wimbledon,2021-07-05,Grand Slam,Grass,4th Round,Djokovic N.,Garin C.,Djokovic N.,1,20,1,20
Wimbledon,2021-07-05,Grand Slam,Grass,4th Round,Zverev A.,Auger-Aliassime F.,Auger-Aliassime F.,6,19,19,6
Wimbledon,2021-07-05,Grand Slam,Grass,4th Round,Federer R.,Sonego L.,Federer R.,8,27,8,27
Wimbledon,2021-07-06,Grand Slam,Grass,4th Round,Medvedev D.,Hurkacz H.,Hurkacz H.,2,18,18,2
Wimbledon,2021-07-07,Grand Slam,Grass,Quarterfinals,Shapovalov D.,Khachanov K.,Shapovalov D.,12,29,12,29
Wimbledon,2021-07-07,Grand Slam,Grass,Quarterfinals,Fucsovics M.,Djokovic N.,Djokovic N.,48,1,1,48
Wimbledon,2021-07-07,Grand Slam,Grass,Quarterfinals,Hurkacz H.,Federer R.,Hurkacz H.,18,8,18,8
Wimbledon,2021-07-07,Grand Slam,Grass,Quarterfinals,Auger-Aliassime F.,Berrettini M.,Berrettini M.,19,9,9,19
Wimbledon,2021-07-09,Grand Slam,Grass,Semifinals,Berrettini M.,Hurkacz H.,Berrettini M.,9,18,9,18
Wimbledon,2021-07-09,Grand Slam,Grass,Semifinals,Shapovalov D.,Djokovic N.,Djokovic N.,12,1,1,12
Wimbledon,2021-07-11,Grand Slam,Grass,The Final,Djokovic N.,Berrettini M.,Djokovic N.,1,9,1,9
European Open,2021-07-15,ATP250,Clay,2nd Round,Ramos-Vinolas A.,Delbonis F.,Delbonis F.,41,48,48,41
European Open,2021-07-16,ATP250,Clay,Quarterfinals,Krajinovic F.,Tsitsipas S.,Krajinovic F.,44,4,44,4
European Open,2021-07-16,ATP250,Clay,Quarterfinals,Lajovic D.,Carreno Busta P.,Carreno Busta P.,43,13,13,43
European Open,2021-07-17,ATP250,Clay,Semifinals,Carreno Busta P.,Delbonis F.,Carreno Busta P.,13,48,13,48
European Open,2021-07-18,ATP250,Clay,The Final,Krajinovic F.,Carreno Busta P.,Carreno Busta P.,44,13,13,44
Suisse Open Gstaad,2021-07-23,ATP250,Clay,Quarterfinals,Paire B.,Ruud C.,Ruud C.,49,14,14,49
Mifel Open,2021-07-24,ATP250,Hard,Semifinals,Norrie C.,Fritz T.,Norrie C.,30,37,30,37
BB&T Atlanta Open,2021-07-30,ATP250,Hard,Quarterfinals,Opelka R.,Fritz T.,Fritz T.,36,42,42,36
BB&T Atlanta Open,2021-08-01,ATP250,Hard,Semifinals,Fritz T.,Isner J.,Isner J.,42,35,35,42
Citi Open,2021-08-05,ATP500,Hard,3rd Round,Sinner J.,Korda S.,Sinner J.,24,45,24,45
Citi Open,2021-08-05,ATP500,Hard,3rd Round,Opelka R.,Millman J.,Millman J.,36,43,43,36
Citi Open,2021-08-06,ATP500,Hard,3rd Round,Harris L.,Nadal R.,Harris L.,50,3,50,3
Canadian Open,2021-08-09,Masters 1000,Hard,1st Round,Ramos-Vinolas A.,Cilic M.,Cilic M.,48,39,39,48
Canadian Open,2021-08-09,Masters 1000,Hard,1st Round,Humbert U.,Sonego L.,Humbert U.,26,25,26,25
Canadian Open,2021-08-09,Masters 1000,Hard,1st Round,Struff J.L.,Fognini F.,Fognini F.,46,37,37,46
Canadian Open,2021-08-09,Masters 1000,Hard,1st Round,Evans D.,Bublik A.,Bublik A.,27,38,38,27
Canadian Open,2021-08-10,Masters 1000,Hard,1st Round,Norrie C.,Khachanov K.,Khachanov K.,28,29,29,28
Canadian Open,2021-08-10,Masters 1000,Hard,1st Round,Isner J.,Davidovich Fokina A.,Isner J.,30,34,30,34
Canadian Open,2021-08-10,Masters 1000,Hard,2nd Round,Bublik A.,Medvedev D.,Medvedev D.,38,2,2,38
Canadian Open,2021-08-10,Masters 1000,Hard,2nd Round,Ruud C.,Cilic M.,Ruud C.,12,39,12,39
Canadian Open,2021-08-11,Masters 1000,Hard,2nd Round,Humbert U.,Tsitsipas S.,Tsitsipas S.,26,3,3,26
Canadian Open,2021-08-11,Masters 1000,Hard,2nd Round,Opelka R.,Dimitrov G.,Opelka R.,32,21,32,21
Canadian Open,2021-08-11,Masters 1000,Hard,2nd Round,Isner J.,Garin C.,Isner J.,30,20,30,20
Canadian Open,2021-08-11,Masters 1000,Hard,2nd Round,Lajovic D.,Auger-Aliassime F.,Lajovic D.,44,16,44,16
Canadian Open,2021-08-11,Masters 1000,Hard,2nd Round,Fognini F.,Rublev A.,Rublev A.,37,7,7,37
Canadian Open,2021-08-11,Masters 1000,Hard,2nd Round,Khachanov K.,Karatsev A.,Khachanov K.,29,22,29,22
Canadian Open,2021-08-11,Masters 1000,Hard,2nd Round,De Minaur A.,Basilashvili N.,Basilashvili N.,17,43,43,17
Canadian Open,2021-08-11,Masters 1000,Hard,2nd Round,Schwartzman D.,Paire B.,Schwartzman D.,14,50,14,50
Canadian Open,2021-08-12,Masters 1000,Hard,2nd Round,Millman J.,Monfils G.,Monfils G.,42,24,24,42
Canadian Open,2021-08-12,Masters 1000,Hard,3rd Round,Tsitsipas S.,Khachanov K.,Tsitsipas S.,3,29,3,29
Canadian Open,2021-08-12,Masters 1000,Hard,3rd Round,Lajovic D.,Ruud C.,Ruud C.,44,12,12,44
Canadian Open,2021-08-12,Masters 1000,Hard,3rd Round,Isner J.,Rublev A.,Isner J.,30,7,30,7
Canadian Open,2021-08-12,Masters 1000,Hard,3rd Round,Harris L.,Opelka R.,Opelka R.,49,32,32,49
Canadian Open,2021-08-12,Masters 1000,Hard,3rd Round,Bautista Agut R.,Schwartzman D.,Bautista Agut R.,18,14,18,14
Canadian Open,2021-08-13,Masters 1000,Hard,3rd Round,Basilashvili N.,Hurkacz H.,Hurkacz H.,43,13,13,43
Canadian Open,2021-08-13,Masters 1000,Hard,Quarterfinals,Tsitsipas S.,Ruud C.,Tsitsipas S.,3,12,3,12
Canadian Open,2021-08-13,Masters 1000,Hard,Quarterfinals,Bautista Agut R.,Opelka R.,Opelka R.,18,32,32,18
Canadian Open,2021-08-14,Masters 1000,Hard,Quarterfinals,Medvedev D.,Hurkacz H.,Medvedev D.,2,13,2,13
Canadian Open,2021-08-14,Masters 1000,Hard,Quarterfinals,Monfils G.,Isner J.,Isner J.,24,30,30,24
Canadian Open,2021-08-14,Masters 1000,Hard,Semifinals,Opelka R.,Tsitsipas S.,Opelka R.,32,3,32,3
Canadian Open,2021-08-15,Masters 1000,Hard,Semifinals,Isner J.,Medvedev D.,Medvedev D.,30,2,2,30
Canadian Open,2021-08-15,Masters 1000,Hard,The Final,Medvedev D.,Opelka R.,Medvedev D.,2,32,2,32
Western & Southern Financial Group Masters,2021-08-16,Masters 1000,Hard,1st Round,Delbonis F.,Sinner J.,Sinner J.,48,15,15,48
Western & Southern Financial Group Masters,2021-08-16,Masters 1000,Hard,1st Round,Fognini F.,Basilashvili N.,Fognini F.,36,40,36,40
Western & Southern Financial Group Masters,2021-08-16,Masters 1000,Hard,1st Round,Ramos-Vinolas A.,Fritz T.,Ramos-Vinolas A.,49,42,49,42
Western & Southern Financial Group Masters,2021-08-16,Masters 1000,Hard,1st Round,Fucsovics M.,Auger-Aliassime F.,Auger-Aliassime F.,37,17,17,37
Western & Southern Financial Group Masters,2021-08-16,Masters 1000,Hard,1st Round,Evans D.,Schwartzman D.,Schwartzman D.,28,14,14,28
Western & Southern Financial Group Masters,2021-08-17,Masters 1000,Hard,1st Round,De Minaur A.,Krajinovic F.,De Minaur A.,18,33,18,33
Western & Southern Financial Group Masters,2021-08-17,Masters 1000,Hard,1st Round,Hurkacz H.,Davidovich Fokina A.,Hurkacz H.,12,34,12,34
Western & Southern Financial Group Masters,2021-08-17,Masters 1000,Hard,1st Round,Dimitrov G.,Bautista Agut R.,Dimitrov G.,21,16,21,16
Western & Southern Financial Group Masters,2021-08-17,Masters 1000,Hard,1st Round,Cilic M.,Karatsev A.,Cilic M.,39,25,39,25
Western & Southern Financial Group Masters,2021-08-17,Masters 1000,Hard,1st Round,Norrie C.,Isner J.,Isner J.,31,26,26,31
Western & Southern Financial Group Masters,2021-08-18,Masters 1000,Hard,1st Round,Monfils G.,Lajovic D.,Monfils G.,22,41,22,41
Western & Southern Financial Group Masters,2021-08-18,Masters 1000,Hard,2nd Round,Ramos-Vinolas A.,Berrettini M.,Berrettini M.,49,8,8,49
Western & Southern Financial Group Masters,2021-08-18,Masters 1000,Hard,2nd Round,Paire B.,Shapovalov D.,Paire B.,50,10,50,10
Western & Southern Financial Group Masters,2021-08-18,Masters 1000,Hard,2nd Round,Bublik A.,Dimitrov G.,Dimitrov G.,38,21,21,38
Western & Southern Financial Group Masters,2021-08-18,Masters 1000,Hard,2nd Round,Khachanov K.,Auger-Aliassime F.,Auger-Aliassime F.,30,17,17,30
Western & Southern Financial Group Masters,2021-08-18,Masters 1000,Hard,2nd Round,Rublev A.,Cilic M.,Rublev A.,7,39,7,39
Western & Southern Financial Group Masters,2021-08-18,Masters 1000,Hard,2nd Round,Opelka R.,Ruud C.,Ruud C.,23,11,11,23
Western & Southern Financial Group Masters,2021-08-18,Masters 1000,Hard,2nd Round,Sinner J.,Isner J.,Isner J.,15,26,26,15
Western & Southern Financial Group Masters,2021-08-18,Masters 1000,Hard,2nd Round,Zverev A.,Harris L.,Zverev A.,5,46,5,46
Western & Southern Financial Group Masters,2021-08-18,Masters 1000,Hard,2nd Round,Monfils G.,De Minaur A.,Monfils G.,22,18,22,18
Western & Southern Financial Group Masters,2021-08-19,Masters 1000,Hard,2nd Round,Tsitsipas S.,Korda S.,Tsitsipas S.,3,45,3,45
Western & Southern Financial Group Masters,2021-08-19,Masters 1000,Hard,3rd Round,Dimitrov G.,Medvedev D.,Medvedev D.,21,2,2,21
Western & Southern Financial Group Masters,2021-08-19,Masters 1000,Hard,3rd Round,Paire B.,Isner J.,Paire B.,50,26,50,26
Western & Southern Financial Group Masters,2021-08-19,Masters 1000,Hard,3rd Round,Monfils G.,Rublev A.,Rublev A.,22,7,7,22
Western & Southern Financial Group Masters,2021-08-19,Masters 1000,Hard,3rd Round,Carreno Busta P.,Hurkacz H.,Carreno Busta P.,13,12,13,12
Western & Southern Financial Group Masters,2021-08-19,Masters 1000,Hard,3rd Round,Ruud C.,Schwartzman D.,Ruud C.,11,14,11,14
Western & Southern Financial Group Masters,2021-08-20,Masters 1000,Hard,3rd Round,Sonego L.,Tsitsipas S.,Tsitsipas S.,27,3,3,27
Western & Southern Financial Group Masters,2021-08-20,Masters 1000,Hard,3rd Round,Auger-Aliassime F.,Berrettini M.,Auger-Aliassime F.,17,8,17,8
Western & Southern Financial Group Masters,2021-08-20,Masters 1000,Hard,Quarterfinals,Paire B.,Rublev A.,Rublev A.,50,7,7,50
Western & Southern Financial Group Masters,2021-08-20,Masters 1000,Hard,Quarterfinals,Medvedev D.,Carreno Busta P.,Medvedev D.,2,13,2,13
Western & Southern Financial Group Masters,2021-08-21,Masters 1000,Hard,Quarterfinals,Auger-Aliassime F.,Tsitsipas S.,Tsitsipas S.,17,3,3,17
Western & Southern Financial Group Masters,2021-08-21,Masters 1000,Hard,Quarterfinals,Zverev A.,Ruud C.,Zverev A.,5,11,5,11
Western & Southern Financial Group Masters,2021-08-21,Masters 1000,Hard,Semifinals,Medvedev D.,Rublev A.,Rublev A.,2,7,7,2
Western & Southern Financial Group Masters,2021-08-21,Masters 1000,Hard,Semifinals,Zverev A.,Tsitsipas S.,Zverev A.,5,3,5,3
Western & Southern Financial Group Masters,2021-08-22,Masters 1000,Hard,The Final,Rublev A.,Zverev A.,Zverev A.,7,5,5,7
US Open,2021-08-30,Grand Slam,Hard,1st Round,Paire B.,Lajovic D.,Lajovic D.,49,40,40,49
US Open,2021-08-31,Grand Slam,Hard,1st Round,Harris L.,Khachanov K.,Harris L.,46,28,46,28
US Open,2021-08-31,Grand Slam,Hard,1st Round,Delbonis F.,Shapovalov D.,Shapovalov D.,47,10,10,47
US Open,2021-09-01,Grand Slam,Hard,1st Round,Fritz T.,De Minaur A.,Fritz T.,42,17,42,17
US Open,2021-09-02,Grand Slam,Hard,2nd Round,Mannarino A.,Tsitsipas S.,Tsitsipas S.,44,3,3,44
US Open,2021-09-02,Grand Slam,Hard,2nd Round,Ramos-Vinolas A.,Zverev A.,Zverev A.,48,4,4,48
US Open,2021-09-04,Grand Slam,Hard,3rd Round,Auger-Aliassime F.,Bautista Agut R.,Auger-Aliassime F.,15,21,15,21
US Open,2021-09-04,Grand Slam,Hard,3rd Round,Rublev A.,Tiafoe F.,Tiafoe F.,7,50,50,7
US Open,2021-09-04,Grand Slam,Hard,3rd Round,Monfils G.,Sinner J.,Sinner J.,20,16,16,20
US Open,2021-09-05,Grand Slam,Hard,3rd Round,Shapovalov D.,Harris L.,Harris L.,10,46,46,10
US Open,2021-09-05,Grand Slam,Hard,3rd Round,Opelka R.,Basilashvili N.,Opelka R.,24,39,24,39
US Open,2021-09-05,Grand Slam,Hard,4th Round,Medvedev D.,Evans D.,Medvedev D.,2,27,2,27
US Open,2021-09-06,Grand Slam,Hard,4th Round,Auger-Aliassime F.,Tiafoe F.,Auger-Aliassime F.,15,50,15,50
US Open,2021-09-06,Grand Slam,Hard,4th Round,Sinner J.,Zverev A.,Zverev A.,16,4,4,16
US Open,2021-09-06,Grand Slam,Hard,4th Round,Harris L.,Opelka R.,Harris L.,46,24,46,24
US Open,2021-09-08,Grand Slam,Hard,Quarterfinals,Zverev A.,Harris L.,Zverev A.,4,46,4,46
US Open,2021-09-09,Grand Slam,Hard,Quarterfinals,Berrettini M.,Djokovic N.,Djokovic N.,8,1,1,8
US Open,2021-09-10,Grand Slam,Hard,Semifinals,Medvedev D.,Auger-Aliassime F.,Medvedev D.,2,15,2,15
US Open,2021-09-11,Grand Slam,Hard,Semifinals,Zverev A.,Djokovic N.,Djokovic N.,4,1,1,4
US Open,2021-09-12,Grand Slam,Hard,The Final,Medvedev D.,Djokovic N.,Medvedev D.,2,1,2,1
Open de Moselle,2021-09-20,ATP250,Hard,1st Round,Fucsovics M.,Sonego L.,Sonego L.,41,24,24,41
Open de Moselle,2021-09-23,ATP250,Hard,2nd Round,Basilashvili N.,Davidovich Fokina A.,Basilashvili N.,36,45,36,45
Open de Moselle,2021-09-24,ATP250,Hard,Quarterfinals,Basilashvili N.,Monfils G.,Monfils G.,36,20,20,36
Open de Moselle,2021-09-25,ATP250,Hard,Semifinals,Carreno Busta P.,Monfils G.,Carreno Busta P.,16,20,16,20
Open de Moselle,2021-09-26,ATP250,Hard,The Final,Carreno Busta P.,Hurkacz H.,Hurkacz H.,16,13,13,16
San Diego Open,2021-09-27,ATP250,Hard,1st Round,Karatsev A.,Delbonis F.,Karatsev A.,24,44,24,44
San Diego Open,2021-09-28,ATP250,Hard,1st Round,Basilashvili N.,Sonego L.,Sonego L.,34,23,23,34
San Diego Open,2021-09-28,ATP250,Hard,1st Round,Dimitrov G.,Fucsovics M.,Dimitrov G.,29,41,29,41
San Diego Open,2021-09-30,ATP250,Hard,2nd Round,Harris L.,Schwartzman D.,Schwartzman D.,32,15,15,32
San Diego Open,2021-09-30,ATP250,Hard,2nd Round,Norrie C.,Evans D.,Norrie C.,28,22,28,22
San Diego Open,2021-09-30,ATP250,Hard,2nd Round,Hurkacz H.,Karatsev A.,Karatsev A.,12,24,24,12
San Diego Open,2021-09-30,ATP250,Hard,2nd Round,Shapovalov D.,Fritz T.,Shapovalov D.,13,39,13,39
San Diego Open,2021-09-30,ATP250,Hard,2nd Round,Korda S.,Sonego L.,Sonego L.,42,23,23,42
San Diego Open,2021-10-01,ATP250,Hard,Quarterfinals,Norrie C.,Shapovalov D.,Norrie C.,28,13,28,13
San Diego Open,2021-10-01,ATP250,Hard,Quarterfinals,Schwartzman D.,Rublev A.,Rublev A.,15,5,5,15
San Diego Open,2021-10-02,ATP250,Hard,Quarterfinals,Ruud C.,Sonego L.,Ruud C.,10,23,10,23
San Diego Open,2021-10-02,ATP250,Hard,Quarterfinals,Karatsev A.,Dimitrov G.,Dimitrov G.,24,29,29,24
San Diego Open,2021-10-02,ATP250,Hard,Semifinals,Norrie C.,Rublev A.,Norrie C.,28,5,28,5
San Diego Open,2021-10-03,ATP250,Hard,Semifinals,Dimitrov G.,Ruud C.,Ruud C.,29,10,10,29
San Diego Open,2021-10-04,ATP250,Hard,The Final,Ruud C.,Norrie C.,Ruud C.,10,28,10,28
Sofia Open,2021-09-27,ATP250,Hard,1st Round,Davidovich Fokina A.,Paire B.,Paire B.,43,49,49,43
Sofia Open,2021-09-30,ATP250,Hard,2nd Round,Krajinovic F.,Djere L.,Krajinovic F.,37,47,37,47
Sofia Open,2021-10-02,ATP250,Hard,Semifinals,Krajinovic F.,Sinner J.,Sinner J.,37,14,14,37
Sofia Open,2021-10-03,ATP250,Hard,The Final,Sinner J.,Monfils G.,Sinner J.,14,20,14,20
BNP Paribas Open,2021-10-08,Masters 1000,Hard,1st Round,Tiafoe F.,Paire B.,Tiafoe F.,49,50,49,50
BNP Paribas Open,2021-10-09,Masters 1000,Hard,2nd Round,Tiafoe F.,Korda S.,Tiafoe F.,49,40,49,40
BNP Paribas Open,2021-10-10,Masters 1000,Hard,2nd Round,Davidovich Fokina A.,Harris L.,Harris L.,43,31,31,43
BNP Paribas Open,2021-10-10,Masters 1000,Hard,2nd Round,Ramos-Vinolas A.,Auger-Aliassime F.,Ramos-Vinolas A.,48,11,48,11
BNP Paribas Open,2021-10-11,Masters 1000,Hard,3rd Round,Schwartzman D.,Evans D.,Schwartzman D.,15,22,15,22
BNP Paribas Open,2021-10-11,Masters 1000,Hard,3rd Round,Harris L.,Ruud C.,Ruud C.,31,10,10,31
BNP Paribas Open,2021-10-11,Masters 1000,Hard,3rd Round,Dimitrov G.,Opelka R.,Dimitrov G.,28,20,28,20
BNP Paribas Open,2021-10-11,Masters 1000,Hard,3rd Round,Shapovalov D.,Karatsev A.,Karatsev A.,13,23,23,13
BNP Paribas Open,2021-10-12,Masters 1000,Hard,3rd Round,Hurkacz H.,Tiafoe F.,Hurkacz H.,12,49,12,49
BNP Paribas Open,2021-10-12,Masters 1000,Hard,3rd Round,Norrie C.,Bautista Agut R.,Norrie C.,26,19,26,19
BNP Paribas Open,2021-10-12,Masters 1000,Hard,3rd Round,Krajinovic F.,Medvedev D.,Medvedev D.,34,2,2,34
BNP Paribas Open,2021-10-12,Masters 1000,Hard,3rd Round,Fritz T.,Berrettini M.,Fritz T.,39,7,39,7
BNP Paribas Open,2021-10-12,Masters 1000,Hard,3rd Round,Carreno Busta P.,Khachanov K.,Khachanov K.,16,29,29,16
BNP Paribas Open,2021-10-12,Masters 1000,Hard,3rd Round,Basilashvili N.,Ramos-Vinolas A.,Basilashvili N.,36,48,36,48
BNP Paribas Open,2021-10-13,Masters 1000,Hard,3rd Round,Fognini F.,Tsitsipas S.,Tsitsipas S.,30,3,3,30
BNP Paribas Open,2021-10-13,Masters 1000,Hard,3rd Round,De Minaur A.,Garin C.,De Minaur A.,27,17,27,17
BNP Paribas Open,2021-10-13,Masters 1000,Hard,4th Round,Ruud C.,Schwartzman D.,Schwartzman D.,10,15,15,10
BNP Paribas Open,2021-10-13,Masters 1000,Hard,4th Round,Hurkacz H.,Karatsev A.,Hurkacz H.,12,23,12,23
BNP Paribas Open,2021-10-13,Masters 1000,Hard,4th Round,Dimitrov G.,Medvedev D.,Dimitrov G.,28,2,28,2
BNP Paribas Open,2021-10-13,Masters 1000,Hard,4th Round,Khachanov K.,Basilashvili N.,Basilashvili N.,29,36,36,29
BNP Paribas Open,2021-10-13,Masters 1000,Hard,4th Round,Fritz T.,Sinner J.,Fritz T.,39,14,39,14
BNP Paribas Open,2021-10-14,Masters 1000,Hard,4th Round,De Minaur A.,Tsitsipas S.,Tsitsipas S.,27,3,3,27
BNP Paribas Open,2021-10-14,Masters 1000,Hard,4th Round,Zverev A.,Monfils G.,Zverev A.,4,18,4,18
BNP Paribas Open,2021-10-14,Masters 1000,Hard,Quarterfinals,Schwartzman D.,Norrie C.,Norrie C.,15,26,26,15
BNP Paribas Open,2021-10-14,Masters 1000,Hard,Quarterfinals,Dimitrov G.,Hurkacz H.,Dimitrov G.,28,12,28,12
BNP Paribas Open,2021-10-15,Masters 1000,Hard,Quarterfinals,Tsitsipas S.,Basilashvili N.,Basilashvili N.,3,36,36,3
BNP Paribas Open,2021-10-15,Masters 1000,Hard,Quarterfinals,Fritz T.,Zverev A.,Fritz T.,39,4,39,4
BNP Paribas Open,2021-10-16,Masters 1000,Hard,Semifinals,Dimitrov G.,Norrie C.,Norrie C.,28,26,26,28
BNP Paribas Open,2021-10-16,Masters 1000,Hard,Semifinals,Basilashvili N.,Fritz T.,Basilashvili N.,36,39,36,39
BNP Paribas Open,2021-10-18,Masters 1000,Hard,The Final,Basilashvili N.,Norrie C.,Norrie C.,36,26,26,36
European Open,2021-10-19,ATP250,Hard,1st Round,Ramos-Vinolas A.,Struff J.L.,Struff J.L.,45,50,50,45
European Open,2021-10-20,ATP250,Hard,2nd Round,Garin C.,Davidovich Fokina A.,Davidovich Fokina A.,17,44,44,17
European Open,2021-10-21,ATP250,Hard,2nd Round,Harris L.,Struff J.L.,Harris L.,32,50,32,50
European Open,2021-10-21,ATP250,Hard,2nd Round,Bautista Agut R.,Fucsovics M.,Fucsovics M.,20,39,39,20
European Open,2021-10-22,ATP250,Hard,Quarterfinals,Harris L.,Fucsovics M.,Harris L.,32,39,32,39
European Open,2021-10-23,ATP250,Hard,Semifinals,Sinner J.,Harris L.,Sinner J.,16,32,16,32
European Open,2021-10-24,ATP250,Hard,The Final,Sinner J.,Schwartzman D.,Sinner J.,16,13,16,13
Kremlin Cup,2021-10-23,ATP250,Hard,Semifinals,Khachanov K.,Karatsev A.,Karatsev A.,31,22,22,31
Kremlin Cup,2021-10-24,ATP250,Hard,The Final,Karatsev A.,Cilic M.,Karatsev A.,22,41,22,41
St. Petersburg Open,2021-10-27,ATP250,Hard,1st Round,Ramos-Vinolas A.,Cilic M.,Cilic M.,43,35,35,43
St. Petersburg Open,2021-10-27,ATP250,Hard,1st Round,Khachanov K.,Mannarino A.,Khachanov K.,30,50,30,50
St. Petersburg Open,2021-10-27,ATP250,Hard,2nd Round,Rublev A.,Ivashka I.,Rublev A.,6,46,6,46
St. Petersburg Open,2021-10-28,ATP250,Hard,2nd Round,Khachanov K.,Cilic M.,Cilic M.,30,35,35,30
St. Petersburg Open,2021-10-29,ATP250,Hard,Quarterfinals,Bautista Agut R.,Cilic M.,Cilic M.,20,35,35,20
St. Petersburg Open,2021-10-31,ATP250,Hard,The Final,Fritz T.,Cilic M.,Cilic M.,28,35,35,28
Vienna Open,2021-10-25,ATP500,Hard,1st Round,Basilashvili N.,Carreno Busta P.,Basilashvili N.,25,18,25,18
Vienna Open,2021-10-25,ATP500,Hard,1st Round,Evans D.,Alcaraz C.,Alcaraz C.,24,42,42,24
Vienna Open,2021-10-26,ATP500,Hard,1st Round,Ruud C.,Harris L.,Ruud C.,8,31,8,31
Vienna Open,2021-10-26,ATP500,Hard,1st Round,Fucsovics M.,Norrie C.,Norrie C.,39,14,14,39
Vienna Open,2021-10-26,ATP500,Hard,1st Round,Tsitsipas S.,Dimitrov G.,Tsitsipas S.,3,22,3,22
Vienna Open,2021-10-26,ATP500,Hard,1st Round,Lajovic D.,Tiafoe F.,Tiafoe F.,33,49,49,33
Vienna Open,2021-10-26,ATP500,Hard,1st Round,Zverev A.,Krajinovic F.,Zverev A.,4,40,4,40
Vienna Open,2021-10-27,ATP500,Hard,1st Round,Opelka R.,Sinner J.,Sinner J.,27,11,11,27
Vienna Open,2021-10-27,ATP500,Hard,1st Round,Schwartzman D.,Fognini F.,Schwartzman D.,16,36,16,36
Vienna Open,2021-10-27,ATP500,Hard,2nd Round,Basilashvili N.,Berrettini M.,Berrettini M.,25,7,7,25
Vienna Open,2021-10-28,ATP500,Hard,2nd Round,Auger-Aliassime F.,Norrie C.,Auger-Aliassime F.,12,14,12,14
Vienna Open,2021-10-28,ATP500,Hard,2nd Round,Monfils G.,Schwartzman D.,Schwartzman D.,21,16,16,21
Vienna Open,2021-10-28,ATP500,Hard,2nd Round,Ruud C.,Sonego L.,Ruud C.,8,23,8,23
Vienna Open,2021-10-28,ATP500,Hard,2nd Round,Zverev A.,De Minaur A.,Zverev A.,4,32,4,32
Vienna Open,2021-10-28,ATP500,Hard,2nd Round,Tsitsipas S.,Tiafoe F.,Tiafoe F.,3,49,49,3
Vienna Open,2021-10-29,ATP500,Hard,Quarterfinals,Alcaraz C.,Berrettini M.,Alcaraz C.,42,7,42,7
Vienna Open,2021-10-29,ATP500,Hard,Quarterfinals,Auger-Aliassime F.,Zverev A.,Zverev A.,12,4,4,12
Vienna Open,2021-10-29,ATP500,Hard,Quarterfinals,Tiafoe F.,Schwartzman D.,Tiafoe F.,49,16,49,16
Vienna Open,2021-10-29,ATP500,Hard,Quarterfinals,Ruud C.,Sinner J.,Sinner J.,8,11,11,8
Vienna Open,2021-10-30,ATP500,Hard,Semifinals,Zverev A.,Alcaraz C.,Zverev A.,4,42,4,42
Vienna Open,2021-10-30,ATP500,Hard,Semifinals,Sinner J.,Tiafoe F.,Tiafoe F.,11,49,49,11
Vienna Open,2021-10-31,ATP500,Hard,The Final,Zverev A.,Tiafoe F.,Zverev A.,4,49,4,49
BNP Paribas Masters,2021-11-01,Masters 1000,Hard,1st Round,Ramos-Vinolas A.,Ivashka I.,Ivashka I.,44,46,46,44
BNP Paribas Masters,2021-11-01,Masters 1000,Hard,1st Round,Fognini F.,Fucsovics M.,Fucsovics M.,37,40,40,37
BNP Paribas Masters,2021-11-01,Masters 1000,Hard,1st Round,Korda S.,Karatsev A.,Korda S.,39,16,39,16
BNP Paribas Masters,2021-11-01,Masters 1000,Hard,1st Round,Delbonis F.,Norrie C.,Norrie C.,43,13,13,43
BNP Paribas Masters,2021-11-01,Masters 1000,Hard,1st Round,Bublik A.,Evans D.,Bublik A.,36,24,36,24
BNP Paribas Masters,2021-11-01,Masters 1000,Hard,1st Round,Paire B.,Carreno Busta P.,Carreno Busta P.,47,17,17,47
BNP Paribas Masters,2021-11-02,Masters 1000,Hard,1st Round,Krajinovic F.,Opelka R.,Opelka R.,42,25,25,42
BNP Paribas Masters,2021-11-02,Masters 1000,Hard,1st Round,Fritz T.,Sonego L.,Fritz T.,26,27,26,27
BNP Paribas Masters,2021-11-02,Masters 1000,Hard,1st Round,Davidovich Fokina A.,Cilic M.,Cilic M.,45,28,28,45
BNP Paribas Masters,2021-11-02,Masters 1000,Hard,2nd Round,Fucsovics M.,Djokovic N.,Djokovic N.,40,1,1,40
BNP Paribas Masters,2021-11-02,Masters 1000,Hard,2nd Round,Ruud C.,Bublik A.,Ruud C.,8,36,8,36
BNP Paribas Masters,2021-11-03,Masters 1000,Hard,2nd Round,Fritz T.,Rublev A.,Fritz T.,26,6,26,6
BNP Paribas Masters,2021-11-03,Masters 1000,Hard,2nd Round,Dimitrov G.,Khachanov K.,Dimitrov G.,30,31,30,31
BNP Paribas Masters,2021-11-03,Masters 1000,Hard,2nd Round,Opelka R.,Norrie C.,Norrie C.,25,13,13,25
BNP Paribas Masters,2021-11-03,Masters 1000,Hard,2nd Round,Alcaraz C.,Sinner J.,Alcaraz C.,35,9,35,9
BNP Paribas Masters,2021-11-03,Masters 1000,Hard,2nd Round,Lajovic D.,Zverev A.,Zverev A.,34,4,4,34
BNP Paribas Masters,2021-11-03,Masters 1000,Hard,2nd Round,Korda S.,Cilic M.,Korda S.,39,28,39,28
BNP Paribas Masters,2021-11-03,Masters 1000,Hard,2nd Round,Ivashka I.,Medvedev D.,Medvedev D.,46,2,2,46
BNP Paribas Masters,2021-11-04,Masters 1000,Hard,3rd Round,Fritz T.,Norrie C.,Fritz T.,26,13,26,13
BNP Paribas Masters,2021-11-04,Masters 1000,Hard,3rd Round,Dimitrov G.,Zverev A.,Zverev A.,30,4,4,30
BNP Paribas Masters,2021-11-04,Masters 1000,Hard,3rd Round,Korda S.,Medvedev D.,Medvedev D.,39,2,2,39
BNP Paribas Masters,2021-11-05,Masters 1000,Hard,Quarterfinals,Djokovic N.,Fritz T.,Djokovic N.,1,26,1,26
BNP Paribas Masters,2021-11-05,Masters 1000,Hard,Quarterfinals,Zverev A.,Ruud C.,Zverev A.,4,8,4,8
BNP Paribas Masters,2021-11-06,Masters 1000,Hard,Semifinals,Hurkacz H.,Djokovic N.,Djokovic N.,10,1,1,10
BNP Paribas Masters,2021-11-06,Masters 1000,Hard,Semifinals,Medvedev D.,Zverev A.,Medvedev D.,2,4,2,4
BNP Paribas Masters,2021-11-07,Masters 1000,Hard,The Final,Medvedev D.,Djokovic N.,Djokovic N.,2,1,1,2
Stockholm Open,2021-11-10,ATP250,Hard,2nd Round,Davidovich Fokina A.,Evans D.,Evans D.,49,26,26,49
Stockholm Open,2021-11-10,ATP250,Hard,2nd Round,Auger-Aliassime F.,Krajinovic F.,Auger-Aliassime F.,11,42,11,42
Stockholm Open,2021-11-11,ATP250,Hard,Quarterfinals,Evans D.,Tiafoe F.,Tiafoe F.,26,41,41,26
Stockholm Open,2021-11-12,ATP250,Hard,Semifinals,Shapovalov D.,Auger-Aliassime F.,Shapovalov D.,18,11,18,11
Masters Cup,2021-11-14,Masters Cup,Hard,Round Robin,Medvedev D.,Hurkacz H.,Medvedev D.,2,9,2,9
Masters Cup,2021-11-15,Masters Cup,Hard,Round Robin,Ruud C.,Djokovic N.,Djokovic N.,8,1,1,8
Masters Cup,2021-11-15,Masters Cup,Hard,Round Robin,Rublev A.,Tsitsipas S.,Rublev A.,5,4,5,4
Masters Cup,2021-11-16,Masters Cup,Hard,Round Robin,Zverev A.,Medvedev D.,Medvedev D.,3,2,2,3
Masters Cup,2021-11-16,Masters Cup,Hard,Round Robin,Sinner J.,Hurkacz H.,Sinner J.,11,9,11,9
Masters Cup,2021-11-17,Masters Cup,Hard,Round Robin,Rublev A.,Djokovic N.,Djokovic N.,5,1,1,5
Masters Cup,2021-11-17,Masters Cup,Hard,Round Robin,Ruud C.,Norrie C.,Ruud C.,8,12,8,12
Masters Cup,2021-11-18,Masters Cup,Hard,Round Robin,Hurkacz H.,Zverev A.,Zverev A.,9,3,3,9
Masters Cup,2021-11-18,Masters Cup,Hard,Round Robin,Medvedev D.,Sinner J.,Medvedev D.,2,11,2,11
Masters Cup,2021-11-19,Masters Cup,Hard,Round Robin,Rublev A.,Ruud C.,Ruud C.,5,8,8,5
Masters Cup,2021-11-19,Masters Cup,Hard,Round Robin,Djokovic N.,Norrie C.,Djokovic N.,1,12,1,12
Masters Cup,2021-11-20,Masters Cup,Hard,Semifinals,Ruud C.,Medvedev D.,Medvedev D.,8,2,2,8
Masters Cup,2021-11-20,Masters Cup,Hard,Semifinals,Zverev A.,Djokovic N.,Zverev A.,3,1,3,1
Masters Cup,2021-11-21,Masters Cup,Hard,The Final,Medvedev D.,Zverev A.,Zverev A.,2,3,3,2
Adelaide International 1,2022-01-07,ATP250,Hard,Quarterfinals,Monfils G.,Paul T.,Monfils G.,21,43,21,43
Adelaide International 1,2022-01-08,ATP250,Hard,Semifinals,Cilic M.,Khachanov K.,Khachanov K.,30,29,29,30
Adelaide International 1,2022-01-09,ATP250,Hard,The Final,Khachanov K.,Monfils G.,Monfils G.,29,21,21,29
Adelaide International 2,2022-01-10,ATP250,Hard,1st Round,Paul T.,Tiafoe F.,Paul T.,41,37,41,37
Adelaide International 2,2022-01-13,ATP250,Hard,Quarterfinals,Paul T.,Cilic M.,Cilic M.,41,29,29,41
Sydney Tennis Classic,2022-01-12,ATP250,Hard,2nd Round,Baez S.,Sonego L.,Sonego L.,9,27,27,9
Sydney Tennis Classic,2022-01-13,ATP250,Hard,Quarterfinals,Sonego L.,Karatsev A.,Karatsev A.,27,20,20,27
Sydney Tennis Classic,2022-01-14,ATP250,Hard,Semifinals,Evans D.,Karatsev A.,Karatsev A.,26,20,20,26
Australian Open,2022-01-17,Grand Slam,Hard,1st Round,Fucsovics M.,Lajovic D.,Lajovic D.,35,39,39,35
Australian Open,2022-01-17,Grand Slam,Hard,1st Round,Korda S.,Norrie C.,Korda S.,43,12,43,12
Australian Open,2022-01-18,Grand Slam,Hard,1st Round,Krajinovic F.,Schwartzman D.,Schwartzman D.,36,13,13,36
Australian Open,2022-01-18,Grand Slam,Hard,1st Round,Goffin D.,Evans D.,Evans D.,45,24,24,45
Australian Open,2022-01-19,Grand Slam,Hard,2nd Round,Alcaraz C.,Lajovic D.,Alcaraz C.,31,39,31,39
Australian Open,2022-01-19,Grand Slam,Hard,2nd Round,Monfils G.,Bublik A.,Monfils G.,20,37,20,37
Australian Open,2022-01-20,Grand Slam,Hard,2nd Round,Fritz T.,Tiafoe F.,Fritz T.,22,34,22,34
Australian Open,2022-01-20,Grand Slam,Hard,2nd Round,Auger-Aliassime F.,Davidovich Fokina A.,Auger-Aliassime F.,9,50,9,50
Australian Open,2022-01-21,Grand Slam,Hard,3rd Round,Monfils G.,Garin C.,Monfils G.,20,19,20,19
Australian Open,2022-01-21,Grand Slam,Hard,3rd Round,Alcaraz C.,Berrettini M.,Berrettini M.,31,7,7,31
Australian Open,2022-01-21,Grand Slam,Hard,3rd Round,Shapovalov D.,Opelka R.,Shapovalov D.,14,29,14,29
Australian Open,2022-01-21,Grand Slam,Hard,3rd Round,Korda S.,Carreno Busta P.,Carreno Busta P.,43,21,21,43
Australian Open,2022-01-21,Grand Slam,Hard,3rd Round,Khachanov K.,Nadal R.,Nadal R.,30,5,5,30
Australian Open,2022-01-22,Grand Slam,Hard,3rd Round,Bautista Agut R.,Fritz T.,Fritz T.,18,22,22,18
Australian Open,2022-01-22,Grand Slam,Hard,3rd Round,Evans D.,Auger-Aliassime F.,Auger-Aliassime F.,24,9,9,24
Australian Open,2022-01-22,Grand Slam,Hard,3rd Round,Cilic M.,Rublev A.,Cilic M.,27,6,27,6
Australian Open,2022-01-23,Grand Slam,Hard,4th Round,Shapovalov D.,Zverev A.,Shapovalov D.,14,3,14,3
Australian Open,2022-01-23,Grand Slam,Hard,4th Round,Berrettini M.,Carreno Busta P.,Berrettini M.,7,21,7,21
Australian Open,2022-01-24,Grand Slam,Hard,4th Round,Cilic M.,Auger-Aliassime F.,Auger-Aliassime F.,27,9,9,27
Australian Open,2022-01-24,Grand Slam,Hard,4th Round,De Minaur A.,Sinner J.,Sinner J.,42,10,10,42
Australian Open,2022-01-24,Grand Slam,Hard,4th Round,Tsitsipas S.,Fritz T.,Tsitsipas S.,4,22,4,22
Australian Open,2022-01-25,Grand Slam,Hard,Quarterfinals,Shapovalov D.,Nadal R.,Nadal R.,14,5,5,14
Australian Open,2022-01-25,Grand Slam,Hard,Quarterfinals,Berrettini M.,Monfils G.,Berrettini M.,7,20,7,20
Australian Open,2022-01-26,Grand Slam,Hard,Quarterfinals,Sinner J.,Tsitsipas S.,Tsitsipas S.,10,4,4,10
Australian Open,2022-01-26,Grand Slam,Hard,Quarterfinals,Medvedev D.,Auger-Aliassime F.,Medvedev D.,2,9,2,9
Australian Open,2022-01-28,Grand Slam,Hard,Semifinals,Berrettini M.,Nadal R.,Nadal R.,7,5,5,7
Australian Open,2022-01-28,Grand Slam,Hard,Semifinals,Medvedev D.,Tsitsipas S.,Medvedev D.,2,4,2,4
Australian Open,2022-01-30,Grand Slam,Hard,The Final,Medvedev D.,Nadal R.,Nadal R.,2,5,5,2
Cordoba Open,2022-02-04,ATP250,Clay,Quarterfinals,Sonego L.,Ramos-Vinolas A.,Ramos-Vinolas A.,23,44,44,23
Open Sud de France,2022-02-04,ATP250,Hard,Quarterfinals,Bublik A.,Bautista Agut R.,Bublik A.,35,19,35,19
Open Sud de France,2022-02-05,ATP250,Hard,Semifinals,Krajinovic F.,Bublik A.,Bublik A.,36,35,35,36
Open Sud de France,2022-02-06,ATP250,Hard,The Final,Zverev A.,Bublik A.,Bublik A.,3,35,35,3
Argentina Open,2022-02-07,ATP250,Clay,1st Round,Paire B.,Lajovic D.,Lajovic D.,50,37,37,50
Argentina Open,2022-02-11,ATP250,Clay,Quarterfinals,Fognini F.,Delbonis F.,Delbonis F.,40,42,42,40
Argentina Open,2022-02-12,ATP250,Clay,Semifinals,Delbonis F.,Ruud C.,Ruud C.,42,8,8,42
Argentina Open,2022-02-12,ATP250,Clay,Semifinals,Schwartzman D.,Sonego L.,Schwartzman D.,15,22,15,22
Argentina Open,2022-02-13,ATP250,Clay,The Final,Schwartzman D.,Ruud C.,Ruud C.,15,8,8,15
Dallas Open,2022-02-12,ATP250,Hard,Semifinals,Isner J.,Opelka R.,Opelka R.,26,23,23,26
ABN AMRO World Tennis Tournament,2022-02-07,ATP500,Hard,1st Round,Mcdonald M.,Basilashvili N.,Mcdonald M.,49,21,49,21
ABN AMRO World Tennis Tournament,2022-02-07,ATP500,Hard,1st Round,Goffin D.,De Minaur A.,De Minaur A.,47,34,34,47
ABN AMRO World Tennis Tournament,2022-02-07,ATP500,Hard,1st Round,Humbert U.,Norrie C.,Norrie C.,41,13,13,41
ABN AMRO World Tennis Tournament,2022-02-08,ATP500,Hard,1st Round,Davidovich Fokina A.,Tsitsipas S.,Tsitsipas S.,46,4,4,46
ABN AMRO World Tennis Tournament,2022-02-09,ATP500,Hard,1st Round,Krajinovic F.,Fucsovics M.,Fucsovics M.,36,38,38,36
ABN AMRO World Tennis Tournament,2022-02-09,ATP500,Hard,1st Round,Ivashka I.,Harris L.,Ivashka I.,48,35,48,35
ABN AMRO World Tennis Tournament,2022-02-09,ATP500,Hard,2nd Round,De Minaur A.,Mcdonald M.,De Minaur A.,34,49,34,49
ABN AMRO World Tennis Tournament,2022-02-09,ATP500,Hard,2nd Round,Norrie C.,Khachanov K.,Norrie C.,13,28,13,28
ABN AMRO World Tennis Tournament,2022-02-10,ATP500,Hard,2nd Round,Ivashka I.,Tsitsipas S.,Tsitsipas S.,48,4,4,48
ABN AMRO World Tennis Tournament,2022-02-11,ATP500,Hard,Quarterfinals,De Minaur A.,Tsitsipas S.,Tsitsipas S.,34,4,4,34
ABN AMRO World Tennis Tournament,2022-02-11,ATP500,Hard,Quarterfinals,Auger-Aliassime F.,Norrie C.,Auger-Aliassime F.,9,13,9,13
ABN AMRO World Tennis Tournament,2022-02-11,ATP500,Hard,Quarterfinals,Fucsovics M.,Rublev A.,Rublev A.,38,7,7,38
ABN AMRO World Tennis Tournament,2022-02-12,ATP500,Hard,Semifinals,Rublev A.,Auger-Aliassime F.,Auger-Aliassime F.,7,9,9,7
ABN AMRO World Tennis Tournament,2022-02-13,ATP500,Hard,The Final,Auger-Aliassime F.,Tsitsipas S.,Auger-Aliassime F.,9,4,9,4
Delray Beach Open,2022-02-18,ATP250,Hard,Quarterfinals,Norrie C.,Korda S.,Norrie C.,13,43,13,43
Delray Beach Open,2022-02-19,ATP250,Hard,Semifinals,Paul T.,Norrie C.,Norrie C.,41,13,13,41
Delray Beach Open,2022-02-20,ATP250,Hard,The Final,Opelka R.,Norrie C.,Norrie C.,20,13,13,20
Qatar Exxon Mobil Open,2022-02-15,ATP250,Hard,1st Round,Harris L.,Fucsovics M.,Fucsovics M.,35,36,36,35
Qatar Exxon Mobil Open,2022-02-16,ATP250,Hard,2nd Round,Van De Zandschulp B.,Cilic M.,Cilic M.,50,24,24,50
Qatar Exxon Mobil Open,2022-02-16,ATP250,Hard,2nd Round,Evans D.,Davidovich Fokina A.,Davidovich Fokina A.,28,47,47,28
Qatar Exxon Mobil Open,2022-02-17,ATP250,Hard,Quarterfinals,Fucsovics M.,Basilashvili N.,Basilashvili N.,36,22,22,36
Qatar Exxon Mobil Open,2022-02-17,ATP250,Hard,Quarterfinals,Bautista Agut R.,Davidovich Fokina A.,Bautista Agut R.,16,47,16,47
Qatar Exxon Mobil Open,2022-02-17,ATP250,Hard,Quarterfinals,Cilic M.,Khachanov K.,Khachanov K.,24,27,27,24
Qatar Exxon Mobil Open,2022-02-18,ATP250,Hard,Semifinals,Khachanov K.,Bautista Agut R.,Bautista Agut R.,27,16,16,27
Qatar Exxon Mobil Open,2022-02-19,ATP250,Hard,The Final,Bautista Agut R.,Basilashvili N.,Bautista Agut R.,16,22,16,22
Open 13,2022-02-18,ATP250,Hard,Quarterfinals,Auger-Aliassime F.,Ivashka I.,Auger-Aliassime F.,9,49,9,49
Open 13,2022-02-20,ATP250,Hard,The Final,Auger-Aliassime F.,Rublev A.,Rublev A.,9,7,7,9
Rio Open,2022-02-16,ATP500,Clay,2nd Round,Fognini F.,Carreno Busta P.,Fognini F.,38,18,38,18
Rio Open,2022-02-18,ATP500,Clay,2nd Round,Delbonis F.,Alcaraz C.,Alcaraz C.,37,29,29,37
Rio Open,2022-02-19,ATP500,Clay,Quarterfinals,Berrettini M.,Alcaraz C.,Alcaraz C.,6,29,29,6
Rio Open,2022-02-20,ATP500,Clay,Semifinals,Fognini F.,Alcaraz C.,Alcaraz C.,38,29,29,38
Rio Open,2022-02-20,ATP500,Clay,The Final,Alcaraz C.,Schwartzman D.,Alcaraz C.,29,14,29,14
Abierto Mexicano,2022-02-22,ATP500,Hard,1st Round,Lajovic D.,Korda S.,Lajovic D.,46,40,46,40
Abierto Mexicano,2022-02-22,ATP500,Hard,1st Round,Brooksby J.,Zverev A.,Zverev A.,47,3,3,47
Abierto Mexicano,2022-02-23,ATP500,Hard,1st Round,Paire B.,Medvedev D.,Medvedev D.,49,2,2,49
Abierto Mexicano,2022-02-24,ATP500,Hard,2nd Round,Norrie C.,Isner J.,Norrie C.,12,23,12,23
Abierto Mexicano,2022-02-24,ATP500,Hard,2nd Round,Paul T.,Lajovic D.,Paul T.,39,46,39,46
Abierto Mexicano,2022-02-25,ATP500,Hard,Quarterfinals,Nadal R.,Paul T.,Nadal R.,5,39,5,39
Abierto Mexicano,2022-02-26,ATP500,Hard,Semifinals,Norrie C.,Tsitsipas S.,Norrie C.,12,4,12,4
Abierto Mexicano,2022-02-26,ATP500,Hard,Semifinals,Medvedev D.,Nadal R.,Nadal R.,2,5,5,2
Abierto Mexicano,2022-02-27,ATP500,Hard,The Final,Nadal R.,Norrie C.,Nadal R.,5,12,5,12
Dubai Tennis Championships,2022-02-22,ATP500,Hard,1st Round,Khachanov K.,De Minaur A.,Khachanov K.,26,32,26,32
Dubai Tennis Championships,2022-02-22,ATP500,Hard,1st Round,Sinner J.,Davidovich Fokina A.,Sinner J.,10,43,10,43
Dubai Tennis Championships,2022-02-22,ATP500,Hard,1st Round,Hurkacz H.,Bublik A.,Hurkacz H.,11,30,11,30
Dubai Tennis Championships,2022-02-22,ATP500,Hard,1st Round,Rublev A.,Evans D.,Rublev A.,7,28,7,28
Dubai Tennis Championships,2022-02-22,ATP500,Hard,1st Round,Shapovalov D.,Fucsovics M.,Shapovalov D.,14,36,14,36
Dubai Tennis Championships,2022-02-23,ATP500,Hard,2nd Round,Djokovic N.,Khachanov K.,Djokovic N.,1,26,1,26
Dubai Tennis Championships,2022-02-24,ATP500,Hard,Quarterfinals,Hurkacz H.,Sinner J.,Hurkacz H.,11,10,11,10
Dubai Tennis Championships,2022-02-25,ATP500,Hard,Semifinals,Hurkacz H.,Rublev A.,Rublev A.,11,7,7,11
BNP Paribas Open,2022-03-10,Masters 1000,Hard,1st Round,Lajovic D.,Krajinovic F.,Krajinovic F.,44,40,40,44
BNP Paribas Open,2022-03-12,Masters 1000,Hard,2nd Round,Korda S.,Nadal R.,Nadal R.,38,4,4,38
BNP Paribas Open,2022-03-12,Masters 1000,Hard,2nd Round,Martinez P.,Norrie C.,Norrie C.,49,12,12,49
BNP Paribas Open,2022-03-12,Masters 1000,Hard,2nd Round,Krajinovic F.,Monfils G.,Monfils G.,40,28,28,40
BNP Paribas Open,2022-03-12,Masters 1000,Hard,2nd Round,Shapovalov D.,Davidovich Fokina A.,Shapovalov D.,13,45,13,45
BNP Paribas Open,2022-03-13,Masters 1000,Hard,2nd Round,Brooksby J.,Khachanov K.,Brooksby J.,43,26,43,26
BNP Paribas Open,2022-03-13,Masters 1000,Hard,2nd Round,Auger-Aliassime F.,Van De Zandschulp B.,Van De Zandschulp B.,9,47,47,9
BNP Paribas Open,2022-03-14,Masters 1000,Hard,2nd Round,Zverev A.,Paul T.,Paul T.,3,39,39,3
BNP Paribas Open,2022-03-14,Masters 1000,Hard,3rd Round,Alcaraz C.,Bautista Agut R.,Alcaraz C.,19,15,19,15
BNP Paribas Open,2022-03-14,Masters 1000,Hard,3rd Round,Medvedev D.,Monfils G.,Monfils G.,1,28,28,1
BNP Paribas Open,2022-03-14,Masters 1000,Hard,3rd Round,Nadal R.,Evans D.,Nadal R.,4,29,4,29
BNP Paribas Open,2022-03-14,Masters 1000,Hard,3rd Round,Shapovalov D.,Opelka R.,Opelka R.,13,17,17,13
BNP Paribas Open,2022-03-15,Masters 1000,Hard,3rd Round,Tsitsipas S.,Brooksby J.,Brooksby J.,5,43,43,5
BNP Paribas Open,2022-03-15,Masters 1000,Hard,3rd Round,Norrie C.,Basilashvili N.,Norrie C.,12,18,12,18
BNP Paribas Open,2022-03-15,Masters 1000,Hard,3rd Round,Harris L.,Berrettini M.,Berrettini M.,32,6,6,32
BNP Paribas Open,2022-03-15,Masters 1000,Hard,3rd Round,Paul T.,De Minaur A.,De Minaur A.,39,31,31,39
BNP Paribas Open,2022-03-15,Masters 1000,Hard,3rd Round,Isner J.,Schwartzman D.,Isner J.,23,14,23,14
BNP Paribas Open,2022-03-16,Masters 1000,Hard,3rd Round,Dimitrov G.,Bublik A.,Dimitrov G.,35,33,35,33
BNP Paribas Open,2022-03-16,Masters 1000,Hard,3rd Round,Tiafoe F.,Rublev A.,Rublev A.,30,7,7,30
BNP Paribas Open,2022-03-16,Masters 1000,Hard,4th Round,De Minaur A.,Fritz T.,Fritz T.,31,20,20,31
BNP Paribas Open,2022-03-16,Masters 1000,Hard,4th Round,Nadal R.,Opelka R.,Nadal R.,4,17,4,17
BNP Paribas Open,2022-03-16,Masters 1000,Hard,4th Round,Isner J.,Dimitrov G.,Dimitrov G.,23,35,35,23
BNP Paribas Open,2022-03-16,Masters 1000,Hard,4th Round,Rublev A.,Hurkacz H.,Rublev A.,7,11,7,11
BNP Paribas Open,2022-03-17,Masters 1000,Hard,4th Round,Monfils G.,Alcaraz C.,Alcaraz C.,28,19,19,28
BNP Paribas Open,2022-03-17,Masters 1000,Hard,4th Round,Norrie C.,Brooksby J.,Norrie C.,12,43,12,43
BNP Paribas Open,2022-03-18,Masters 1000,Hard,Quarterfinals,Alcaraz C.,Norrie C.,Alcaraz C.,19,12,19,12
BNP Paribas Open,2022-03-18,Masters 1000,Hard,Quarterfinals,Dimitrov G.,Rublev A.,Rublev A.,35,7,7,35
BNP Paribas Open,2022-03-19,Masters 1000,Hard,Semifinals,Rublev A.,Fritz T.,Fritz T.,7,20,20,7
BNP Paribas Open,2022-03-19,Masters 1000,Hard,Semifinals,Nadal R.,Alcaraz C.,Nadal R.,4,19,4,19
BNP Paribas Open,2022-03-20,Masters 1000,Hard,The Final,Nadal R.,Fritz T.,Fritz T.,4,20,20,4
Miami Open,2022-03-24,Masters 1000,Hard,1st Round,Davidovich Fokina A.,Korda S.,Korda S.,43,38,38,43
Miami Open,2022-03-26,Masters 1000,Hard,2nd Round,Paul T.,Khachanov K.,Paul T.,37,25,37,25
Miami Open,2022-03-26,Masters 1000,Hard,2nd Round,Martinez P.,Garin C.,Martinez P.,47,30,47,30
Miami Open,2022-03-26,Masters 1000,Hard,2nd Round,Auger-Aliassime F.,Kecmanovic M.,Kecmanovic M.,9,48,48,9
Miami Open,2022-03-26,Masters 1000,Hard,2nd Round,Karatsev A.,Humbert U.,Karatsev A.,32,45,32,45
Miami Open,2022-03-26,Masters 1000,Hard,2nd Round,Korda S.,Ramos-Vinolas A.,Korda S.,38,35,38,35
Miami Open,2022-03-26,Masters 1000,Hard,2nd Round,Basilashvili N.,Brooksby J.,Brooksby J.,20,39,39,20
Miami Open,2022-03-26,Masters 1000,Hard,2nd Round,Harris L.,Shapovalov D.,Harris L.,44,14,44,14
Miami Open,2022-03-27,Masters 1000,Hard,3rd Round,Bublik A.,Ruud C.,Ruud C.,33,8,8,33
Miami Open,2022-03-27,Masters 1000,Hard,3rd Round,Sinner J.,Carreno Busta P.,Sinner J.,11,19,11,19
Miami Open,2022-03-28,Masters 1000,Hard,3rd Round,Brooksby J.,Bautista Agut R.,Brooksby J.,39,17,39,17
Miami Open,2022-03-28,Masters 1000,Hard,3rd Round,Martinez P.,Medvedev D.,Medvedev D.,47,2,2,47
Miami Open,2022-03-28,Masters 1000,Hard,3rd Round,Hurkacz H.,Karatsev A.,Hurkacz H.,10,32,10,32
Miami Open,2022-03-28,Masters 1000,Hard,3rd Round,Alcaraz C.,Cilic M.,Alcaraz C.,16,23,16,23
Miami Open,2022-03-28,Masters 1000,Hard,3rd Round,Paul T.,Fritz T.,Fritz T.,37,13,13,37
Miami Open,2022-03-28,Masters 1000,Hard,3rd Round,Kecmanovic M.,Korda S.,Kecmanovic M.,48,38,48,38
Miami Open,2022-03-29,Masters 1000,Hard,3rd Round,De Minaur A.,Tsitsipas S.,Tsitsipas S.,28,5,5,28
Miami Open,2022-03-29,Masters 1000,Hard,4th Round,Ruud C.,Norrie C.,Ruud C.,8,12,8,12
Miami Open,2022-03-29,Masters 1000,Hard,4th Round,Brooksby J.,Medvedev D.,Medvedev D.,39,2,2,39
Miami Open,2022-03-29,Masters 1000,Hard,4th Round,Harris L.,Hurkacz H.,Hurkacz H.,44,10,10,44
Miami Open,2022-03-30,Masters 1000,Hard,4th Round,Alcaraz C.,Tsitsipas S.,Alcaraz C.,16,5,16,5
Miami Open,2022-03-30,Masters 1000,Hard,4th Round,Fritz T.,Kecmanovic M.,Kecmanovic M.,13,48,48,13
Miami Open,2022-03-31,Masters 1000,Hard,Quarterfinals,Ruud C.,Zverev A.,Ruud C.,8,4,8,4
Miami Open,2022-03-31,Masters 1000,Hard,Quarterfinals,Medvedev D.,Hurkacz H.,Hurkacz H.,2,10,10,2
Miami Open,2022-04-01,Masters 1000,Hard,Quarterfinals,Alcaraz C.,Kecmanovic M.,Alcaraz C.,16,48,16,48
Miami Open,2022-04-02,Masters 1000,Hard,Semifinals,Alcaraz C.,Hurkacz H.,Alcaraz C.,16,10,16,10
Miami Open,2022-04-03,Masters 1000,Hard,The Final,Ruud C.,Alcaraz C.,Alcaraz C.,8,16,16,8
U.S. Men's Clay Court Championships,2022-04-08,ATP250,Clay,Quarterfinals,Fritz T.,Garin C.,Garin C.,13,29,29,13
U.S. Men's Clay Court Championships,2022-04-09,ATP250,Clay,Quarterfinals,Isner J.,Tiafoe F.,Isner J.,27,30,27,30
U.S. Men's Clay Court Championships,2022-04-09,ATP250,Clay,Semifinals,Isner J.,Garin C.,Isner J.,27,29,27,29
U.S. Men's Clay Court Championships,2022-04-10,ATP250,Clay,The Final,Isner J.,Opelka R.,Opelka R.,27,18,18,27
Monte Carlo Masters,2022-04-10,Masters 1000,Clay,1st Round,Krajinovic F.,Lajovic D.,Lajovic D.,39,49,49,39
Monte Carlo Masters,2022-04-11,Masters 1000,Clay,1st Round,Korda S.,Van De Zandschulp B.,Korda S.,42,41,42,41
Monte Carlo Masters,2022-04-11,Masters 1000,Clay,1st Round,Khachanov K.,Schwartzman D.,Schwartzman D.,24,16,16,24
Monte Carlo Masters,2022-04-12,Masters 1000,Clay,1st Round,Ivashka I.,Sonego L.,Sonego L.,44,26,26,44
Monte Carlo Masters,2022-04-12,Masters 1000,Clay,1st Round,Martinez P.,Humbert U.,Martinez P.,45,48,45,48
Monte Carlo Masters,2022-04-12,Masters 1000,Clay,2nd Round,Davidovich Fokina A.,Djokovic N.,Davidovich Fokina A.,46,1,46,1
Monte Carlo Masters,2022-04-12,Masters 1000,Clay,2nd Round,Fognini F.,Tsitsipas S.,Tsitsipas S.,32,5,5,32
Monte Carlo Masters,2022-04-12,Masters 1000,Clay,2nd Round,Dimitrov G.,Lajovic D.,Dimitrov G.,29,49,29,49
Monte Carlo Masters,2022-04-13,Masters 1000,Clay,2nd Round,Norrie C.,Ramos-Vinolas A.,Ramos-Vinolas A.,10,37,37,10
Monte Carlo Masters,2022-04-13,Masters 1000,Clay,2nd Round,Korda S.,Alcaraz C.,Korda S.,42,11,42,11
Monte Carlo Masters,2022-04-13,Masters 1000,Clay,2nd Round,Hurkacz H.,Martinez P.,Hurkacz H.,14,45,14,45
Monte Carlo Masters,2022-04-13,Masters 1000,Clay,2nd Round,Evans D.,Goffin D.,Goffin D.,27,47,47,27
Monte Carlo Masters,2022-04-13,Masters 1000,Clay,2nd Round,Fritz T.,Cilic M.,Fritz T.,13,22,13,22
Monte Carlo Masters,2022-04-13,Masters 1000,Clay,2nd Round,De Minaur A.,Rublev A.,Rublev A.,25,8,8,25
Monte Carlo Masters,2022-04-13,Masters 1000,Clay,2nd Round,Zverev A.,Delbonis F.,Zverev A.,3,34,3,34
Monte Carlo Masters,2022-04-14,Masters 1000,Clay,3rd Round,Korda S.,Fritz T.,Fritz T.,42,13,13,42
Monte Carlo Masters,2022-04-14,Masters 1000,Clay,3rd Round,Dimitrov G.,Ruud C.,Dimitrov G.,29,7,29,7
Monte Carlo Masters,2022-04-14,Masters 1000,Clay,3rd Round,Goffin D.,Davidovich Fokina A.,Davidovich Fokina A.,47,46,46,47
Monte Carlo Masters,2022-04-14,Masters 1000,Clay,3rd Round,Zverev A.,Carreno Busta P.,Zverev A.,3,19,3,19
Monte Carlo Masters,2022-04-14,Masters 1000,Clay,3rd Round,Ramos-Vinolas A.,Hurkacz H.,Hurkacz H.,37,14,14,37
Monte Carlo Masters,2022-04-14,Masters 1000,Clay,3rd Round,Sinner J.,Rublev A.,Sinner J.,12,8,12,8
Monte Carlo Masters,2022-04-15,Masters 1000,Clay,Quarterfinals,Fritz T.,Davidovich Fokina A.,Davidovich Fokina A.,13,46,46,13
Monte Carlo Masters,2022-04-15,Masters 1000,Clay,Quarterfinals,Dimitrov G.,Hurkacz H.,Dimitrov G.,29,14,29,14
Monte Carlo Masters,2022-04-15,Masters 1000,Clay,Quarterfinals,Sinner J.,Zverev A.,Zverev A.,12,3,3,12
Monte Carlo Masters,2022-04-15,Masters 1000,Clay,Quarterfinals,Tsitsipas S.,Schwartzman D.,Tsitsipas S.,5,16,5,16
Monte Carlo Masters,2022-04-16,Masters 1000,Clay,Semifinals,Dimitrov G.,Davidovich Fokina A.,Davidovich Fokina A.,29,46,46,29
Monte Carlo Masters,2022-04-16,Masters 1000,Clay,Semifinals,Tsitsipas S.,Zverev A.,Tsitsipas S.,5,3,5,3
Monte Carlo Masters,2022-04-17,Masters 1000,Clay,The Final,Davidovich Fokina A.,Tsitsipas S.,Tsitsipas S.,46,5,5,46
Barcelona Open,2022-04-19,ATP500,Clay,1st Round,Martinez P.,Ivashka I.,Ivashka I.,43,44,44,43
Barcelona Open,2022-04-20,ATP500,Clay,2nd Round,Ramos-Vinolas A.,Harris L.,Harris L.,32,40,40,32
Barcelona Open,2022-04-20,ATP500,Clay,2nd Round,Humbert U.,De Minaur A.,De Minaur A.,46,25,25,46
Barcelona Open,2022-04-21,ATP500,Clay,2nd Round,Ivashka I.,Tsitsipas S.,Tsitsipas S.,44,5,5,44
Barcelona Open,2022-04-22,ATP500,Clay,3rd Round,Sonego L.,Carreno Busta P.,Carreno Busta P.,28,19,19,28
Barcelona Open,2022-04-22,ATP500,Clay,3rd Round,Tiafoe F.,Auger-Aliassime F.,Auger-Aliassime F.,29,9,9,29
Barcelona Open,2022-04-22,ATP500,Clay,3rd Round,Tsitsipas S.,Dimitrov G.,Tsitsipas S.,5,23,5,23
Barcelona Open,2022-04-22,ATP500,Clay,Quarterfinals,Auger-Aliassime F.,Schwartzman D.,Schwartzman D.,9,15,15,9
Barcelona Open,2022-04-22,ATP500,Clay,Quarterfinals,Carreno Busta P.,Ruud C.,Carreno Busta P.,19,7,19,7
Barcelona Open,2022-04-22,ATP500,Clay,Quarterfinals,Norrie C.,De Minaur A.,De Minaur A.,10,25,25,10
Barcelona Open,2022-04-22,ATP500,Clay,Quarterfinals,Alcaraz C.,Tsitsipas S.,Alcaraz C.,11,5,11,5
Barcelona Open,2022-04-24,ATP500,Clay,Semifinals,Schwartzman D.,Carreno Busta P.,Carreno Busta P.,15,19,19,15
Barcelona Open,2022-04-24,ATP500,Clay,Semifinals,Alcaraz C.,De Minaur A.,Alcaraz C.,11,25,11,25
Barcelona Open,2022-04-24,ATP500,Clay,The Final,Carreno Busta P.,Alcaraz C.,Alcaraz C.,19,11,11,19
Serbia Open,2022-04-19,ATP250,Clay,1st Round,Goffin D.,Krajinovic F.,Krajinovic F.,49,45,45,49
Serbia Open,2022-04-20,ATP250,Clay,2nd Round,Djere L.,Djokovic N.,Djokovic N.,50,1,1,50
Serbia Open,2022-04-21,ATP250,Clay,Quarterfinals,Kecmanovic M.,Djokovic N.,Djokovic N.,38,1,1,38
Serbia Open,2022-04-23,ATP250,Clay,Semifinals,Khachanov K.,Djokovic N.,Djokovic N.,26,1,1,26
Serbia Open,2022-04-24,ATP250,Clay,The Final,Djokovic N.,Rublev A.,Rublev A.,1,8,8,1
Millennium Estoril Open,2022-04-29,ATP250,Clay,Quarterfinals,Davidovich Fokina A.,Tiafoe F.,Tiafoe F.,28,29,29,28
Millennium Estoril Open,2022-04-29,ATP250,Clay,Quarterfinals,Korda S.,Auger-Aliassime F.,Korda S.,37,10,37,10
Millennium Estoril Open,2022-04-30,ATP250,Clay,Semifinals,Tiafoe F.,Korda S.,Tiafoe F.,29,37,29,37
BMW Open,2022-04-27,ATP250,Clay,2nd Round,Basilashvili N.,Ivashka I.,Basilashvili N.,20,44,20,44
BMW Open,2022-04-28,ATP250,Clay,2nd Round,Molcan A.,Ruud C.,Ruud C.,46,7,7,46
BMW Open,2022-04-29,ATP250,Clay,Quarterfinals,Basilashvili N.,Kecmanovic M.,Kecmanovic M.,20,38,38,20
BMW Open,2022-04-29,ATP250,Clay,Quarterfinals,Van De Zandschulp B.,Ruud C.,Van De Zandschulp B.,40,7,40,7
BMW Open,2022-04-30,ATP250,Clay,Semifinals,Kecmanovic M.,Van De Zandschulp B.,Van De Zandschulp B.,38,40,40,38
Mutua Madrid Open,2022-05-01,Masters 1000,Clay,1st Round,Delbonis F.,Evans D.,Evans D.,37,36,36,37
Mutua Madrid Open,2022-05-02,Masters 1000,Clay,1st Round,Davidovich Fokina A.,Harris L.,Davidovich Fokina A.,29,38,29,38
Mutua Madrid Open,2022-05-02,Masters 1000,Clay,1st Round,Martinez P.,De Minaur A.,De Minaur A.,44,22,22,44
Mutua Madrid Open,2022-05-02,Masters 1000,Clay,1st Round,Sinner J.,Paul T.,Sinner J.,12,35,12,35
Mutua Madrid Open,2022-05-02,Masters 1000,Clay,1st Round,Shapovalov D.,Humbert U.,Shapovalov D.,16,46,16,46
Mutua Madrid Open,2022-05-03,Masters 1000,Clay,1st Round,Ramos-Vinolas A.,Cilic M.,Cilic M.,43,24,24,43
Mutua Madrid Open,2022-05-03,Masters 1000,Clay,1st Round,Bautista Agut R.,Brooksby J.,Bautista Agut R.,19,42,19,42
Mutua Madrid Open,2022-05-03,Masters 1000,Clay,1st Round,Bublik A.,Kecmanovic M.,Kecmanovic M.,33,32,32,33
Mutua Madrid Open,2022-05-03,Masters 1000,Clay,1st Round,Garin C.,Tiafoe F.,Garin C.,39,25,39,25
Mutua Madrid Open,2022-05-03,Masters 1000,Clay,1st Round,Carreno Busta P.,Van De Zandschulp B.,Van De Zandschulp B.,18,31,31,18
Mutua Madrid Open,2022-05-03,Masters 1000,Clay,1st Round,Korda S.,Opelka R.,Korda S.,30,17,30,17
Mutua Madrid Open,2022-05-03,Masters 1000,Clay,2nd Round,Djokovic N.,Monfils G.,Djokovic N.,1,21,1,21
Mutua Madrid Open,2022-05-03,Masters 1000,Clay,2nd Round,Alcaraz C.,Basilashvili N.,Alcaraz C.,9,27,9,27
Mutua Madrid Open,2022-05-04,Masters 1000,Clay,2nd Round,Bautista Agut R.,Evans D.,Evans D.,19,36,36,19
Mutua Madrid Open,2022-05-04,Masters 1000,Clay,2nd Round,Cilic M.,Zverev A.,Zverev A.,24,3,3,24
Mutua Madrid Open,2022-05-04,Masters 1000,Clay,2nd Round,Norrie C.,Isner J.,Norrie C.,11,23,11,23
Mutua Madrid Open,2022-05-04,Masters 1000,Clay,2nd Round,Kecmanovic M.,Nadal R.,Nadal R.,32,4,4,32
Mutua Madrid Open,2022-05-04,Masters 1000,Clay,2nd Round,Hurkacz H.,Davidovich Fokina A.,Hurkacz H.,14,29,14,29
Mutua Madrid Open,2022-05-04,Masters 1000,Clay,2nd Round,Dimitrov G.,Schwartzman D.,Dimitrov G.,20,15,20,15
Mutua Madrid Open,2022-05-04,Masters 1000,Clay,2nd Round,Sinner J.,De Minaur A.,Sinner J.,12,22,12,22
Mutua Madrid Open,2022-05-04,Masters 1000,Clay,2nd Round,Garin C.,Auger-Aliassime F.,Auger-Aliassime F.,39,10,10,39
Mutua Madrid Open,2022-05-05,Masters 1000,Clay,3rd Round,Evans D.,Rublev A.,Rublev A.,36,8,8,36
Mutua Madrid Open,2022-05-05,Masters 1000,Clay,3rd Round,Auger-Aliassime F.,Sinner J.,Auger-Aliassime F.,10,12,10,12
Mutua Madrid Open,2022-05-05,Masters 1000,Clay,3rd Round,Dimitrov G.,Tsitsipas S.,Tsitsipas S.,20,5,5,20
Mutua Madrid Open,2022-05-05,Masters 1000,Clay,3rd Round,Alcaraz C.,Norrie C.,Alcaraz C.,9,11,9,11
Mutua Madrid Open,2022-05-06,Masters 1000,Clay,Quarterfinals,Hurkacz H.,Djokovic N.,Djokovic N.,14,1,1,14
Mutua Madrid Open,2022-05-06,Masters 1000,Clay,Quarterfinals,Alcaraz C.,Nadal R.,Alcaraz C.,9,4,9,4
Mutua Madrid Open,2022-05-06,Masters 1000,Clay,Quarterfinals,Rublev A.,Tsitsipas S.,Tsitsipas S.,8,5,5,8
Mutua Madrid Open,2022-05-06,Masters 1000,Clay,Quarterfinals,Zverev A.,Auger-Aliassime F.,Zverev A.,3,10,3,10
Mutua Madrid Open,2022-05-07,Masters 1000,Clay,Semifinals,Djokovic N.,Alcaraz C.,Alcaraz C.,1,9,9,1
Mutua Madrid Open,2022-05-07,Masters 1000,Clay,Semifinals,Zverev A.,Tsitsipas S.,Zverev A.,3,5,3,5
Mutua Madrid Open,2022-05-08,Masters 1000,Clay,The Final,Zverev A.,Alcaraz C.,Alcaraz C.,3,9,9,3
Internazionali BNL d'Italia,2022-05-08,Masters 1000,Clay,1st Round,Karatsev A.,Harris L.,Karatsev A.,35,36,35,36
Internazionali BNL d'Italia,2022-05-09,Masters 1000,Clay,1st Round,Ivashka I.,Davidovich Fokina A.,Davidovich Fokina A.,50,29,29,50
Internazionali BNL d'Italia,2022-05-09,Masters 1000,Clay,1st Round,Shapovalov D.,Sonego L.,Shapovalov D.,16,28,16,28
Internazionali BNL d'Italia,2022-05-09,Masters 1000,Clay,1st Round,Evans D.,Basilashvili N.,Basilashvili N.,33,25,25,33
Internazionali BNL d'Italia,2022-05-09,Masters 1000,Clay,1st Round,Korda S.,Van De Zandschulp B.,Van De Zandschulp B.,30,32,32,30
Internazionali BNL d'Italia,2022-05-09,Masters 1000,Clay,1st Round,Ramos-Vinolas A.,Paul T.,Paul T.,43,34,34,43
Internazionali BNL d'Italia,2022-05-09,Masters 1000,Clay,1st Round,Carreno Busta P.,Delbonis F.,Carreno Busta P.,18,39,18,39
Internazionali BNL d'Italia,2022-05-10,Masters 1000,Clay,1st Round,Kecmanovic M.,Schwartzman D.,Schwartzman D.,31,15,15,31
Internazionali BNL d'Italia,2022-05-10,Masters 1000,Clay,1st Round,Cerundolo F.,Isner J.,Isner J.,49,27,27,49
Internazionali BNL d'Italia,2022-05-10,Masters 1000,Clay,1st Round,Goffin D.,Hurkacz H.,Goffin D.,48,12,48,12
Internazionali BNL d'Italia,2022-05-10,Masters 1000,Clay,1st Round,Martinez P.,Sinner J.,Sinner J.,40,13,13,40
Internazionali BNL d'Italia,2022-05-10,Masters 1000,Clay,2nd Round,Karatsev A.,Djokovic N.,Djokovic N.,35,1,1,35
Internazionali BNL d'Italia,2022-05-10,Masters 1000,Clay,2nd Round,Shapovalov D.,Basilashvili N.,Shapovalov D.,16,25,16,25
Internazionali BNL d'Italia,2022-05-10,Masters 1000,Clay,2nd Round,Davidovich Fokina A.,Auger-Aliassime F.,Auger-Aliassime F.,29,9,9,29
Internazionali BNL d'Italia,2022-05-10,Masters 1000,Clay,2nd Round,Van De Zandschulp B.,Ruud C.,Ruud C.,32,10,10,32
Internazionali BNL d'Italia,2022-05-11,Masters 1000,Clay,2nd Round,Zverev A.,Baez S.,Zverev A.,3,37,3,37
Internazionali BNL d'Italia,2022-05-11,Masters 1000,Clay,2nd Round,Carreno Busta P.,Khachanov K.,Khachanov K.,18,24,24,18
Internazionali BNL d'Italia,2022-05-11,Masters 1000,Clay,2nd Round,Nadal R.,Isner J.,Nadal R.,4,27,4,27
Internazionali BNL d'Italia,2022-05-11,Masters 1000,Clay,2nd Round,Paul T.,De Minaur A.,De Minaur A.,34,22,22,34
Internazionali BNL d'Italia,2022-05-11,Masters 1000,Clay,2nd Round,Tsitsipas S.,Dimitrov G.,Tsitsipas S.,5,20,5,20
Internazionali BNL d'Italia,2022-05-11,Masters 1000,Clay,2nd Round,Brooksby J.,Goffin D.,Brooksby J.,38,48,38,48
Internazionali BNL d'Italia,2022-05-11,Masters 1000,Clay,2nd Round,Norrie C.,Cilic M.,Cilic M.,11,23,23,11
Internazionali BNL d'Italia,2022-05-12,Masters 1000,Clay,3rd Round,Zverev A.,De Minaur A.,Zverev A.,3,22,3,22
Internazionali BNL d'Italia,2022-05-12,Masters 1000,Clay,3rd Round,Khachanov K.,Tsitsipas S.,Tsitsipas S.,24,5,5,24
Internazionali BNL d'Italia,2022-05-12,Masters 1000,Clay,3rd Round,Garin C.,Cilic M.,Garin C.,45,23,45,23
Internazionali BNL d'Italia,2022-05-12,Masters 1000,Clay,3rd Round,Ruud C.,Brooksby J.,Ruud C.,10,38,10,38
Internazionali BNL d'Italia,2022-05-12,Masters 1000,Clay,3rd Round,Nadal R.,Shapovalov D.,Shapovalov D.,4,16,16,4
Internazionali BNL d'Italia,2022-05-13,Masters 1000,Clay,Quarterfinals,Zverev A.,Garin C.,Zverev A.,3,45,3,45
Internazionali BNL d'Italia,2022-05-13,Masters 1000,Clay,Quarterfinals,Sinner J.,Tsitsipas S.,Tsitsipas S.,13,5,5,13
Internazionali BNL d'Italia,2022-05-13,Masters 1000,Clay,Quarterfinals,Ruud C.,Shapovalov D.,Ruud C.,10,16,10,16
Internazionali BNL d'Italia,2022-05-13,Masters 1000,Clay,Quarterfinals,Auger-Aliassime F.,Djokovic N.,Djokovic N.,9,1,1,9
Internazionali BNL d'Italia,2022-05-14,Masters 1000,Clay,Semifinals,Tsitsipas S.,Zverev A.,Tsitsipas S.,5,3,5,3
Internazionali BNL d'Italia,2022-05-14,Masters 1000,Clay,Semifinals,Ruud C.,Djokovic N.,Djokovic N.,10,1,1,10
Internazionali BNL d'Italia,2022-05-15,Masters 1000,Clay,The Final,Djokovic N.,Tsitsipas S.,Djokovic N.,1,5,1,5
Geneva Open,2022-05-16,ATP250,Clay,1st Round,Giron M.,Ivashka I.,Ivashka I.,49,50,50,49
Geneva Open,2022-05-18,ATP250,Clay,2nd Round,Shapovalov D.,Ivashka I.,Ivashka I.,15,50,50,15
Geneva Open,2022-05-20,ATP250,Clay,Semifinals,Ruud C.,Opelka R.,Ruud C.,8,18,8,18
Lyon Open,2022-05-17,ATP250,Clay,2nd Round,Cerundolo F.,Norrie C.,Norrie C.,44,11,11,44
Lyon Open,2022-05-17,ATP250,Clay,2nd Round,De Minaur A.,Humbert U.,De Minaur A.,21,45,21,45
Lyon Open,2022-05-18,ATP250,Clay,2nd Round,Molcan A.,Khachanov K.,Molcan A.,47,24,47,24
Lyon Open,2022-05-19,ATP250,Clay,Quarterfinals,Baez S.,Norrie C.,Norrie C.,38,11,11,38
Lyon Open,2022-05-20,ATP250,Clay,Semifinals,Molcan A.,De Minaur A.,Molcan A.,47,21,47,21
Lyon Open,2022-05-20,ATP250,Clay,Semifinals,Rune H.,Norrie C.,Norrie C.,40,11,11,40
Lyon Open,2022-05-21,ATP250,Clay,The Final,Norrie C.,Molcan A.,Norrie C.,11,47,11,47
French Open,2022-05-22,Grand Slam,Clay,1st Round,Dimitrov G.,Giron M.,Dimitrov G.,21,49,21,49
French Open,2022-05-23,Grand Slam,Clay,1st Round,Cerundolo F.,Evans D.,Evans D.,45,32,32,45
French Open,2022-05-24,Grand Slam,Clay,1st Round,Shapovalov D.,Rune H.,Rune H.,15,40,40,15
French Open,2022-05-24,Grand Slam,Clay,1st Round,Paul T.,Garin C.,Garin C.,33,37,37,33
French Open,2022-05-25,Grand Slam,Clay,2nd Round,Zverev A.,Baez S.,Zverev A.,3,36,3,36
French Open,2022-05-25,Grand Slam,Clay,2nd Round,Alcaraz C.,Ramos-Vinolas A.,Alcaraz C.,6,44,6,44
French Open,2022-05-25,Grand Slam,Clay,2nd Round,Molcan A.,Djokovic N.,Djokovic N.,38,1,1,38
French Open,2022-05-26,Grand Slam,Clay,2nd Round,Bublik A.,Kecmanovic M.,Kecmanovic M.,42,31,31,42
French Open,2022-05-26,Grand Slam,Clay,2nd Round,Goffin D.,Tiafoe F.,Goffin D.,48,27,48,27
French Open,2022-05-26,Grand Slam,Clay,2nd Round,Garin C.,Ivashka I.,Garin C.,37,50,37,50
French Open,2022-05-27,Grand Slam,Clay,3rd Round,Schwartzman D.,Dimitrov G.,Schwartzman D.,16,21,16,21
French Open,2022-05-27,Grand Slam,Clay,3rd Round,Van De Zandschulp B.,Nadal R.,Nadal R.,29,5,5,29
French Open,2022-05-27,Grand Slam,Clay,3rd Round,Khachanov K.,Norrie C.,Khachanov K.,25,11,25,11
French Open,2022-05-27,Grand Slam,Clay,3rd Round,Korda S.,Alcaraz C.,Alcaraz C.,30,6,6,30
French Open,2022-05-28,Grand Slam,Clay,3rd Round,Garin C.,Rublev A.,Rublev A.,37,7,7,37
French Open,2022-05-28,Grand Slam,Clay,3rd Round,Medvedev D.,Kecmanovic M.,Medvedev D.,2,31,2,31
French Open,2022-05-28,Grand Slam,Clay,3rd Round,Hurkacz H.,Goffin D.,Hurkacz H.,13,48,13,48
French Open,2022-05-28,Grand Slam,Clay,3rd Round,Ruud C.,Sonego L.,Ruud C.,8,35,8,35
French Open,2022-05-29,Grand Slam,Clay,4th Round,Djokovic N.,Schwartzman D.,Djokovic N.,1,16,1,16
French Open,2022-05-29,Grand Slam,Clay,4th Round,Nadal R.,Auger-Aliassime F.,Nadal R.,5,9,5,9
French Open,2022-05-29,Grand Slam,Clay,4th Round,Khachanov K.,Alcaraz C.,Alcaraz C.,25,6,6,25
French Open,2022-05-30,Grand Slam,Clay,4th Round,Ruud C.,Hurkacz H.,Ruud C.,8,13,8,13
French Open,2022-05-30,Grand Slam,Clay,4th Round,Tsitsipas S.,Rune H.,Rune H.,4,40,40,4
French Open,2022-05-30,Grand Slam,Clay,4th Round,Cilic M.,Medvedev D.,Cilic M.,23,2,23,2
French Open,2022-05-31,Grand Slam,Clay,Quarterfinals,Alcaraz C.,Zverev A.,Zverev A.,6,3,3,6
French Open,2022-05-31,Grand Slam,Clay,Quarterfinals,Nadal R.,Djokovic N.,Nadal R.,5,1,5,1
French Open,2022-06-01,Grand Slam,Clay,Quarterfinals,Rublev A.,Cilic M.,Cilic M.,7,23,23,7
French Open,2022-06-01,Grand Slam,Clay,Quarterfinals,Ruud C.,Rune H.,Ruud C.,8,40,8,40
French Open,2022-06-03,Grand Slam,Clay,Semifinals,Cilic M.,Ruud C.,Ruud C.,23,8,8,23
French Open,2022-06-05,Grand Slam,Clay,The Final,Nadal R.,Ruud C.,Nadal R.,5,8,5,8
Rosmalen Grass Court Championships,2022-06-10,ATP250,Grass,Quarterfinals,Khachanov K.,Auger-Aliassime F.,Auger-Aliassime F.,23,9,9,23
Rosmalen Grass Court Championships,2022-06-10,ATP250,Grass,Quarterfinals,Medvedev D.,Ivashka I.,Medvedev D.,2,49,2,49
Mercedes Cup,2022-06-10,ATP250,Grass,Quarterfinals,Berrettini M.,Sonego L.,Berrettini M.,10,32,10,32
Halle Open,2022-06-13,ATP500,Grass,1st Round,Rune H.,Carreno Busta P.,Carreno Busta P.,28,19,19,28
Halle Open,2022-06-13,ATP500,Grass,1st Round,Basilashvili N.,Rublev A.,Basilashvili N.,25,8,25,8
Halle Open,2022-06-14,ATP500,Grass,1st Round,Korda S.,Garin C.,Korda S.,41,43,41,43
Halle Open,2022-06-14,ATP500,Grass,1st Round,Khachanov K.,Karatsev A.,Khachanov K.,23,38,23,38
Halle Open,2022-06-15,ATP500,Grass,1st Round,Medvedev D.,Goffin D.,Medvedev D.,1,39,1,39
Halle Open,2022-06-15,ATP500,Grass,2nd Round,Humbert U.,Hurkacz H.,Hurkacz H.,50,12,12,50
Halle Open,2022-06-15,ATP500,Grass,2nd Round,Carreno Busta P.,Korda S.,Carreno Busta P.,19,41,19,41
Halle Open,2022-06-16,ATP500,Grass,2nd Round,Ivashka I.,Medvedev D.,Medvedev D.,42,1,1,42
Halle Open,2022-06-17,ATP500,Grass,Quarterfinals,Medvedev D.,Bautista Agut R.,Medvedev D.,1,20,1,20
Halle Open,2022-06-17,ATP500,Grass,Quarterfinals,Hurkacz H.,Auger-Aliassime F.,Hurkacz H.,12,9,12,9
Halle Open,2022-06-19,ATP500,Grass,The Final,Medvedev D.,Hurkacz H.,Hurkacz H.,1,12,12,1
Queen's Club Championships,2022-06-13,ATP500,Grass,1st Round,De Minaur A.,Opelka R.,De Minaur A.,21,18,21,18
Queen's Club Championships,2022-06-13,ATP500,Grass,1st Round,Ramos-Vinolas A.,Davidovich Fokina A.,Davidovich Fokina A.,40,44,44,40
Queen's Club Championships,2022-06-13,ATP500,Grass,1st Round,Norrie C.,Dimitrov G.,Dimitrov G.,11,22,22,11
Queen's Club Championships,2022-06-14,ATP500,Grass,1st Round,Martinez P.,Cerundolo F.,Cerundolo F.,49,46,46,49
Queen's Club Championships,2022-06-14,ATP500,Grass,1st Round,Krajinovic F.,Brooksby J.,Krajinovic F.,48,33,48,33
Queen's Club Championships,2022-06-14,ATP500,Grass,1st Round,Evans D.,Berrettini M.,Berrettini M.,31,10,10,31
Queen's Club Championships,2022-06-15,ATP500,Grass,1st Round,Paul T.,Shapovalov D.,Paul T.,35,15,35,15
Queen's Club Championships,2022-06-15,ATP500,Grass,2nd Round,De Minaur A.,Davidovich Fokina A.,Davidovich Fokina A.,21,44,44,21
Queen's Club Championships,2022-06-15,ATP500,Grass,2nd Round,Van De Zandschulp B.,Dimitrov G.,Van De Zandschulp B.,29,22,29,22
Queen's Club Championships,2022-06-15,ATP500,Grass,2nd Round,Cilic M.,Bublik A.,Cilic M.,17,37,17,37
Queen's Club Championships,2022-06-17,ATP500,Grass,Quarterfinals,Davidovich Fokina A.,Van De Zandschulp B.,Van De Zandschulp B.,44,29,29,44
Queen's Club Championships,2022-06-17,ATP500,Grass,Quarterfinals,Berrettini M.,Paul T.,Berrettini M.,10,35,10,35
Queen's Club Championships,2022-06-18,ATP500,Grass,Semifinals,Van De Zandschulp B.,Berrettini M.,Berrettini M.,29,10,10,29
Queen's Club Championships,2022-06-18,ATP500,Grass,Semifinals,Krajinovic F.,Cilic M.,Krajinovic F.,48,17,48,17
Queen's Club Championships,2022-06-19,ATP500,Grass,The Final,Krajinovic F.,Berrettini M.,Berrettini M.,48,10,10,48
Eastbourne International,2022-06-20,ATP250,Grass,1st Round,De Minaur A.,Garin C.,De Minaur A.,24,44,24,44
Eastbourne International,2022-06-20,ATP250,Grass,1st Round,Bublik A.,Tiafoe F.,Bublik A.,39,28,39,28
Eastbourne International,2022-06-21,ATP250,Grass,1st Round,Cerundolo F.,Paul T.,Paul T.,42,35,35,42
Eastbourne International,2022-06-22,ATP250,Grass,2nd Round,Sonego L.,De Minaur A.,De Minaur A.,32,24,24,32
Eastbourne International,2022-06-22,ATP250,Grass,2nd Round,Sinner J.,Paul T.,Paul T.,13,35,35,13
Eastbourne International,2022-06-23,ATP250,Grass,Quarterfinals,Fritz T.,Bublik A.,Fritz T.,14,39,14,39
Eastbourne International,2022-06-23,ATP250,Grass,Quarterfinals,De Minaur A.,Paul T.,De Minaur A.,24,35,24,35
Eastbourne International,2022-06-24,ATP250,Grass,Semifinals,Fritz T.,De Minaur A.,Fritz T.,14,24,14,24
Mallorca Championships,2022-06-19,ATP250,Grass,1st Round,Molcan A.,Kecmanovic M.,Molcan A.,50,30,50,30
Mallorca Championships,2022-06-20,ATP250,Grass,1st Round,Ruusuvuori E.,Ivashka I.,Ivashka I.,48,40,40,48
Mallorca Championships,2022-06-22,ATP250,Grass,2nd Round,Tsitsipas S.,Ivashka I.,Tsitsipas S.,6,40,6,40
Mallorca Championships,2022-06-22,ATP250,Grass,2nd Round,Karatsev A.,Medvedev D.,Medvedev D.,43,1,1,43
Mallorca Championships,2022-06-23,ATP250,Grass,Quarterfinals,Bautista Agut R.,Medvedev D.,Bautista Agut R.,20,1,20,1
Mallorca Championships,2022-06-25,ATP250,Grass,The Final,Tsitsipas S.,Bautista Agut R.,Tsitsipas S.,6,20,6,20
Wimbledon,2022-06-27,Grand Slam,Grass,1st Round,Ruud C.,Ramos-Vinolas A.,Ruud C.,6,39,6,39
Wimbledon,2022-06-27,Grand Slam,Grass,1st Round,Davidovich Fokina A.,Hurkacz H.,Davidovich Fokina A.,37,10,37,10
Wimbledon,2022-06-28,Grand Slam,Grass,1st Round,Cerundolo F.,Nadal R.,Nadal R.,41,4,4,41
Wimbledon,2022-06-28,Grand Slam,Grass,1st Round,Auger-Aliassime F.,Cressy M.,Cressy M.,9,45,45,9
Wimbledon,2022-06-30,Grand Slam,Grass,2nd Round,Van De Zandschulp B.,Ruusuvuori E.,Van De Zandschulp B.,25,49,25,49
Wimbledon,2022-06-30,Grand Slam,Grass,2nd Round,Kyrgios N.,Krajinovic F.,Kyrgios N.,40,31,40,31
Wimbledon,2022-06-30,Grand Slam,Grass,2nd Round,Bonzi B.,Brooksby J.,Brooksby J.,47,34,34,47
Wimbledon,2022-07-01,Grand Slam,Grass,3rd Round,Bublik A.,Tiafoe F.,Tiafoe F.,38,28,28,38
Wimbledon,2022-07-01,Grand Slam,Grass,3rd Round,Kecmanovic M.,Djokovic N.,Djokovic N.,30,3,3,30
Wimbledon,2022-07-01,Grand Slam,Grass,3rd Round,Sinner J.,Isner J.,Sinner J.,13,24,13,24
Wimbledon,2022-07-01,Grand Slam,Grass,3rd Round,Otte O.,Alcaraz C.,Alcaraz C.,36,7,7,36
Wimbledon,2022-07-02,Grand Slam,Grass,3rd Round,Brooksby J.,Garin C.,Garin C.,34,43,43,34
Wimbledon,2022-07-02,Grand Slam,Grass,3rd Round,Tsitsipas S.,Kyrgios N.,Kyrgios N.,5,40,40,5
Wimbledon,2022-07-03,Grand Slam,Grass,4th Round,Norrie C.,Paul T.,Norrie C.,12,32,12,32
Wimbledon,2022-07-03,Grand Slam,Grass,4th Round,Alcaraz C.,Sinner J.,Sinner J.,7,13,13,7
Wimbledon,2022-07-04,Grand Slam,Grass,4th Round,De Minaur A.,Garin C.,Garin C.,27,43,43,27
Wimbledon,2022-07-04,Grand Slam,Grass,4th Round,Nadal R.,Van De Zandschulp B.,Nadal R.,4,25,4,25
Wimbledon,2022-07-05,Grand Slam,Grass,Quarterfinals,Sinner J.,Djokovic N.,Djokovic N.,13,3,3,13
Wimbledon,2022-07-06,Grand Slam,Grass,Quarterfinals,Fritz T.,Nadal R.,Nadal R.,14,4,4,14
Wimbledon,2022-07-06,Grand Slam,Grass,Quarterfinals,Kyrgios N.,Garin C.,Kyrgios N.,40,43,40,43
Wimbledon,2022-07-08,Grand Slam,Grass,Semifinals,Norrie C.,Djokovic N.,Djokovic N.,12,3,3,12
Wimbledon,2022-07-10,Grand Slam,Grass,The Final,Djokovic N.,Kyrgios N.,Djokovic N.,3,40,3,40
Nordea Open,2022-07-13,ATP250,Clay,2nd Round,Carreno Busta P.,Ramos-Vinolas A.,Carreno Busta P.,18,38,18,38
Nordea Open,2022-07-13,ATP250,Clay,2nd Round,Ruud C.,Cerundolo F.,Cerundolo F.,5,39,39,5
Nordea Open,2022-07-14,ATP250,Clay,2nd Round,Davidovich Fokina A.,Baez S.,Baez S.,36,34,34,36
Nordea Open,2022-07-15,ATP250,Clay,Quarterfinals,Cerundolo F.,Karatsev A.,Cerundolo F.,39,40,39,40
Nordea Open,2022-07-15,ATP250,Clay,Quarterfinals,Schwartzman D.,Carreno Busta P.,Carreno Busta P.,14,18,18,14
Nordea Open,2022-07-16,ATP250,Clay,Semifinals,Cerundolo F.,Carreno Busta P.,Cerundolo F.,39,18,39,18
Nordea Open,2022-07-16,ATP250,Clay,Semifinals,Rublev A.,Baez S.,Baez S.,8,34,34,8
Nordea Open,2022-07-17,ATP250,Clay,The Final,Cerundolo F.,Baez S.,Cerundolo F.,39,34,39,34
Hall of Fame Championships,2022-07-14,ATP250,Grass,Quarterfinals,Bonzi B.,Isner J.,Isner J.,48,22,22,48
Hall of Fame Championships,2022-07-16,ATP250,Grass,Semifinals,Cressy M.,Isner J.,Cressy M.,41,22,41,22
Hall of Fame Championships,2022-07-17,ATP250,Grass,The Final,Cressy M.,Bublik A.,Cressy M.,41,42,41,42
Suisse Open Gstaad,2022-07-23,ATP250,Clay,Semifinals,Ramos-Vinolas A.,Ruud C.,Ruud C.,40,5,5,40
Suisse Open Gstaad,2022-07-24,ATP250,Clay,The Final,Ruud C.,Berrettini M.,Ruud C.,5,15,5,15
European Open,2022-07-18,ATP250,Clay,1st Round,Van De Zandschulp B.,Davidovich Fokina A.,Davidovich Fokina A.,25,35,35,25
European Open,2022-07-19,ATP250,Clay,1st Round,Ruusuvuori E.,Schwartzman D.,Ruusuvuori E.,42,14,42,14
European Open,2022-07-19,ATP250,Clay,1st Round,Rune H.,Griekspoor T.,Griekspoor T.,27,47,47,27
European Open,2022-07-19,ATP250,Clay,1st Round,Krajinovic F.,Baez S.,Krajinovic F.,43,32,43,32
European Open,2022-07-19,ATP250,Clay,1st Round,Basilashvili N.,Karatsev A.,Karatsev A.,28,37,37,28
European Open,2022-07-20,ATP250,Clay,2nd Round,Molcan A.,Carreno Busta P.,Molcan A.,48,23,48,23
European Open,2022-07-21,ATP250,Clay,2nd Round,Cerundolo F.,Rublev A.,Cerundolo F.,30,8,30,8
European Open,2022-07-21,ATP250,Clay,2nd Round,Alcaraz C.,Krajinovic F.,Alcaraz C.,6,43,6,43
European Open,2022-07-22,ATP250,Clay,Quarterfinals,Karatsev A.,Cerundolo F.,Cerundolo F.,37,30,30,37
European Open,2022-07-22,ATP250,Clay,Quarterfinals,Khachanov K.,Alcaraz C.,Alcaraz C.,26,6,6,26
European Open,2022-07-23,ATP250,Clay,Semifinals,Molcan A.,Alcaraz C.,Alcaraz C.,48,6,6,48
Atlanta Open,2022-07-30,ATP250,Hard,Quarterfinals,Brooksby J.,Isner J.,Brooksby J.,43,25,43,25
Atlanta Open,2022-07-31,ATP250,Hard,Semifinals,Brooksby J.,Tiafoe F.,Brooksby J.,43,29,43,29
Atlanta Open,2022-07-31,ATP250,Hard,The Final,Brooksby J.,De Minaur A.,De Minaur A.,43,30,30,43
Croatia Open,2022-07-31,ATP250,Clay,The Final,Alcaraz C.,Sinner J.,Sinner J.,5,10,10,5
Los Cabos Open,2022-08-06,ATP250,Hard,Semifinals,Kecmanovic M.,Medvedev D.,Medvedev D.,38,1,1,38
Los Cabos Open,2022-08-06,ATP250,Hard,Semifinals,Norrie C.,Auger-Aliassime F.,Norrie C.,12,9,12,9
Los Cabos Open,2022-08-07,ATP250,Hard,The Final,Norrie C.,Medvedev D.,Medvedev D.,12,1,1,12
Citi Open,2022-08-02,ATP500,Hard,1st Round,Ruusuvuori E.,Mcdonald M.,Ruusuvuori E.,46,48,46,48
Citi Open,2022-08-03,ATP500,Hard,2nd Round,Ruusuvuori E.,Hurkacz H.,Ruusuvuori E.,46,11,46,11
Citi Open,2022-08-05,ATP500,Hard,3rd Round,Rublev A.,Cressy M.,Rublev A.,8,32,8,32
Citi Open,2022-08-05,ATP500,Hard,3rd Round,Van De Zandschulp B.,Tiafoe F.,Tiafoe F.,26,27,27,26
Canadian Open,2022-08-08,Masters 1000,Hard,1st Round,Cerundolo F.,Khachanov K.,Khachanov K.,27,28,28,27
Canadian Open,2022-08-08,Masters 1000,Hard,1st Round,Brooksby J.,Bublik A.,Brooksby J.,46,41,46,41
Canadian Open,2022-08-09,Masters 1000,Hard,1st Round,Berrettini M.,Carreno Busta P.,Carreno Busta P.,14,23,23,14
Canadian Open,2022-08-09,Masters 1000,Hard,1st Round,Karatsev A.,Cressy M.,Cressy M.,38,31,31,38
Canadian Open,2022-08-09,Masters 1000,Hard,1st Round,Evans D.,Krajinovic F.,Evans D.,39,47,39,47
Canadian Open,2022-08-09,Masters 1000,Hard,1st Round,De Minaur A.,Shapovalov D.,De Minaur A.,21,22,21,22
Canadian Open,2022-08-09,Masters 1000,Hard,1st Round,Baez S.,Kyrgios N.,Kyrgios N.,32,37,37,32
Canadian Open,2022-08-09,Masters 1000,Hard,1st Round,Bonzi B.,Tiafoe F.,Tiafoe F.,49,24,24,49
Canadian Open,2022-08-10,Masters 1000,Hard,1st Round,Murray A.,Fritz T.,Fritz T.,48,13,13,48
Canadian Open,2022-08-10,Masters 1000,Hard,1st Round,Van De Zandschulp B.,Kecmanovic M.,Van De Zandschulp B.,25,35,25,35
Canadian Open,2022-08-10,Masters 1000,Hard,1st Round,Davidovich Fokina A.,Schwartzman D.,Schwartzman D.,36,15,15,36
Canadian Open,2022-08-10,Masters 1000,Hard,2nd Round,Ruusuvuori E.,Hurkacz H.,Hurkacz H.,44,10,10,44
Canadian Open,2022-08-10,Masters 1000,Hard,2nd Round,Paul T.,Alcaraz C.,Paul T.,34,4,34,4
Canadian Open,2022-08-10,Masters 1000,Hard,2nd Round,Molcan A.,Ruud C.,Ruud C.,42,7,7,42
Canadian Open,2022-08-10,Masters 1000,Hard,2nd Round,Bautista Agut R.,Brooksby J.,Bautista Agut R.,18,46,18,46
Canadian Open,2022-08-10,Masters 1000,Hard,2nd Round,Rune H.,Carreno Busta P.,Carreno Busta P.,26,23,23,26
Canadian Open,2022-08-10,Masters 1000,Hard,2nd Round,Medvedev D.,Kyrgios N.,Kyrgios N.,1,37,37,1
Canadian Open,2022-08-10,Masters 1000,Hard,2nd Round,Cilic M.,Khachanov K.,Cilic M.,16,28,16,28
Canadian Open,2022-08-10,Masters 1000,Hard,2nd Round,Dimitrov G.,De Minaur A.,De Minaur A.,19,21,21,19
Canadian Open,2022-08-10,Masters 1000,Hard,2nd Round,Monfils G.,Cressy M.,Monfils G.,20,31,20,31
Canadian Open,2022-08-10,Masters 1000,Hard,2nd Round,Tiafoe F.,Fritz T.,Fritz T.,24,13,13,24
Canadian Open,2022-08-10,Masters 1000,Hard,2nd Round,Ramos-Vinolas A.,Schwartzman D.,Ramos-Vinolas A.,43,15,43,15
Canadian Open,2022-08-10,Masters 1000,Hard,2nd Round,Van De Zandschulp B.,Norrie C.,Norrie C.,25,11,11,25
Canadian Open,2022-08-11,Masters 1000,Hard,2nd Round,Evans D.,Rublev A.,Evans D.,39,8,39,8
Canadian Open,2022-08-11,Masters 1000,Hard,3rd Round,Bautista Agut R.,Ruud C.,Ruud C.,18,7,7,18
Canadian Open,2022-08-11,Masters 1000,Hard,3rd Round,Hurkacz H.,Ramos-Vinolas A.,Hurkacz H.,10,43,10,43
Canadian Open,2022-08-11,Masters 1000,Hard,3rd Round,Norrie C.,Auger-Aliassime F.,Auger-Aliassime F.,11,9,9,11
Canadian Open,2022-08-11,Masters 1000,Hard,3rd Round,Evans D.,Fritz T.,Evans D.,39,13,39,13
Canadian Open,2022-08-11,Masters 1000,Hard,3rd Round,De Minaur A.,Kyrgios N.,Kyrgios N.,21,37,37,21
Canadian Open,2022-08-12,Masters 1000,Hard,3rd Round,Paul T.,Cilic M.,Paul T.,34,16,34,16
Canadian Open,2022-08-12,Masters 1000,Hard,3rd Round,Sinner J.,Carreno Busta P.,Carreno Busta P.,12,23,23,12
Canadian Open,2022-08-12,Masters 1000,Hard,Quarterfinals,Hurkacz H.,Kyrgios N.,Hurkacz H.,10,37,10,37
Canadian Open,2022-08-12,Masters 1000,Hard,Quarterfinals,Auger-Aliassime F.,Ruud C.,Ruud C.,9,7,7,9
Canadian Open,2022-08-12,Masters 1000,Hard,Quarterfinals,Evans D.,Paul T.,Evans D.,39,34,39,34
Canadian Open,2022-08-13,Masters 1000,Hard,Semifinals,Hurkacz H.,Ruud C.,Hurkacz H.,10,7,10,7
Canadian Open,2022-08-14,Masters 1000,Hard,Semifinals,Evans D.,Carreno Busta P.,Carreno Busta P.,39,23,23,39
Canadian Open,2022-08-14,Masters 1000,Hard,The Final,Carreno Busta P.,Hurkacz H.,Carreno Busta P.,23,10,23,10
Western & Southern Financial Group Masters,2022-08-14,Masters 1000,Hard,1st Round,Cressy M.,Van De Zandschulp B.,Van De Zandschulp B.,32,24,24,32
Western & Southern Financial Group Masters,2022-08-15,Masters 1000,Hard,1st Round,Molcan A.,Schwartzman D.,Schwartzman D.,39,16,16,39
Western & Southern Financial Group Masters,2022-08-15,Masters 1000,Hard,1st Round,Cerundolo F.,Bautista Agut R.,Bautista Agut R.,27,19,19,27
Western & Southern Financial Group Masters,2022-08-15,Masters 1000,Hard,1st Round,Bonzi B.,Isner J.,Isner J.,48,50,50,48
Western & Southern Financial Group Masters,2022-08-15,Masters 1000,Hard,1st Round,Norrie C.,Rune H.,Norrie C.,11,29,11,29
Western & Southern Financial Group Masters,2022-08-16,Masters 1000,Hard,1st Round,Berrettini M.,Tiafoe F.,Tiafoe F.,15,25,25,15
Western & Southern Financial Group Masters,2022-08-16,Masters 1000,Hard,1st Round,Shapovalov D.,Dimitrov G.,Shapovalov D.,21,18,21,18
Western & Southern Financial Group Masters,2022-08-16,Masters 1000,Hard,1st Round,Brooksby J.,Paul T.,Paul T.,43,31,31,43
Western & Southern Financial Group Masters,2022-08-16,Masters 1000,Hard,1st Round,Kecmanovic M.,Carreno Busta P.,Kecmanovic M.,36,14,36,14
Western & Southern Financial Group Masters,2022-08-16,Masters 1000,Hard,1st Round,Davidovich Fokina A.,Kyrgios N.,Kyrgios N.,37,28,28,37
Western & Southern Financial Group Masters,2022-08-16,Masters 1000,Hard,1st Round,Fritz T.,Baez S.,Fritz T.,13,35,13,35
Western & Southern Financial Group Masters,2022-08-17,Masters 1000,Hard,1st Round,Krajinovic F.,Evans D.,Krajinovic F.,46,23,46,23
Western & Southern Financial Group Masters,2022-08-17,Masters 1000,Hard,2nd Round,Cilic M.,Ruusuvuori E.,Cilic M.,17,44,17,44
Western & Southern Financial Group Masters,2022-08-17,Masters 1000,Hard,2nd Round,Van De Zandschulp B.,Medvedev D.,Medvedev D.,24,1,1,24
Western & Southern Financial Group Masters,2022-08-17,Masters 1000,Hard,2nd Round,Schwartzman D.,Karatsev A.,Schwartzman D.,16,38,16,38
Western & Southern Financial Group Masters,2022-08-17,Masters 1000,Hard,2nd Round,De Minaur A.,Auger-Aliassime F.,Auger-Aliassime F.,20,9,9,20
Western & Southern Financial Group Masters,2022-08-17,Masters 1000,Hard,2nd Round,Norrie C.,Murray A.,Norrie C.,11,47,11,47
Western & Southern Financial Group Masters,2022-08-17,Masters 1000,Hard,2nd Round,Isner J.,Hurkacz H.,Isner J.,50,10,50,10
Western & Southern Financial Group Masters,2022-08-17,Masters 1000,Hard,2nd Round,Paul T.,Shapovalov D.,Shapovalov D.,31,21,21,31
Western & Southern Financial Group Masters,2022-08-17,Masters 1000,Hard,2nd Round,Kyrgios N.,Fritz T.,Fritz T.,28,13,13,28
Western & Southern Financial Group Masters,2022-08-17,Masters 1000,Hard,2nd Round,Tsitsipas S.,Krajinovic F.,Tsitsipas S.,7,46,7,46
Western & Southern Financial Group Masters,2022-08-18,Masters 1000,Hard,3rd Round,Fritz T.,Rublev A.,Fritz T.,13,8,13,8
Western & Southern Financial Group Masters,2022-08-18,Masters 1000,Hard,3rd Round,Shapovalov D.,Medvedev D.,Medvedev D.,21,1,1,21
Western & Southern Financial Group Masters,2022-08-18,Masters 1000,Hard,3rd Round,Tsitsipas S.,Schwartzman D.,Tsitsipas S.,7,16,7,16
Western & Southern Financial Group Masters,2022-08-19,Masters 1000,Hard,3rd Round,Sinner J.,Auger-Aliassime F.,Auger-Aliassime F.,12,9,9,12
Western & Southern Financial Group Masters,2022-08-19,Masters 1000,Hard,3rd Round,Alcaraz C.,Cilic M.,Alcaraz C.,4,17,4,17
Western & Southern Financial Group Masters,2022-08-19,Masters 1000,Hard,Quarterfinals,Medvedev D.,Fritz T.,Medvedev D.,1,13,1,13
Western & Southern Financial Group Masters,2022-08-19,Masters 1000,Hard,Quarterfinals,Isner J.,Tsitsipas S.,Tsitsipas S.,50,7,7,50
Western & Southern Financial Group Masters,2022-08-20,Masters 1000,Hard,Quarterfinals,Alcaraz C.,Norrie C.,Norrie C.,4,11,11,4
Western & Southern Financial Group Masters,2022-08-21,Masters 1000,Hard,Semifinals,Medvedev D.,Tsitsipas S.,Tsitsipas S.,1,7,7,1
Winston-Salem Open at Wake Forest University,2022-08-24,ATP250,Hard,2nd Round,Van De Zandschulp B.,Griekspoor T.,Van De Zandschulp B.,23,46,23,46
Winston-Salem Open at Wake Forest University,2022-08-25,ATP250,Hard,Quarterfinals,Van De Zandschulp B.,Bonzi B.,Van De Zandschulp B.,23,50,23,50
US Open,2022-08-29,Grand Slam,Hard,1st Round,Krajinovic F.,De Minaur A.,De Minaur A.,44,20,20,44
US Open,2022-08-30,Grand Slam,Hard,1st Round,Otte O.,Hurkacz H.,Hurkacz H.,41,10,10,41
US Open,2022-08-31,Grand Slam,Hard,2nd Round,Bublik A.,Carreno Busta P.,Carreno Busta P.,47,15,15,47
US Open,2022-08-31,Grand Slam,Hard,2nd Round,Kyrgios N.,Bonzi B.,Kyrgios N.,25,50,25,50
US Open,2022-09-01,Grand Slam,Hard,2nd Round,Ramos-Vinolas A.,Cilic M.,Cilic M.,42,17,17,42
US Open,2022-09-01,Grand Slam,Hard,2nd Round,Coric B.,Brooksby J.,Brooksby J.,29,43,43,29
US Open,2022-09-02,Grand Slam,Hard,3rd Round,Ruud C.,Paul T.,Ruud C.,7,34,7,34
US Open,2022-09-02,Grand Slam,Hard,3rd Round,Carreno Busta P.,De Minaur A.,Carreno Busta P.,15,20,15,20
US Open,2022-09-03,Grand Slam,Hard,3rd Round,Rune H.,Norrie C.,Norrie C.,33,9,9,33
US Open,2022-09-03,Grand Slam,Hard,3rd Round,Rublev A.,Shapovalov D.,Rublev A.,11,21,11,21
US Open,2022-09-03,Grand Slam,Hard,3rd Round,Brooksby J.,Alcaraz C.,Alcaraz C.,43,4,4,43
US Open,2022-09-03,Grand Slam,Hard,3rd Round,Tiafoe F.,Schwartzman D.,Tiafoe F.,26,16,26,16
US Open,2022-09-03,Grand Slam,Hard,3rd Round,Cilic M.,Evans D.,Cilic M.,17,23,17,23
US Open,2022-09-04,Grand Slam,Hard,4th Round,Davidovich Fokina A.,Berrettini M.,Berrettini M.,39,14,14,39
US Open,2022-09-04,Grand Slam,Hard,4th Round,Carreno Busta P.,Khachanov K.,Khachanov K.,15,31,31,15
US Open,2022-09-05,Grand Slam,Hard,4th Round,Kyrgios N.,Medvedev D.,Kyrgios N.,25,1,25,1
US Open,2022-09-05,Grand Slam,Hard,4th Round,Norrie C.,Rublev A.,Rublev A.,9,11,11,9
US Open,2022-09-05,Grand Slam,Hard,4th Round,Tiafoe F.,Nadal R.,Tiafoe F.,26,3,26,3
US Open,2022-09-06,Grand Slam,Hard,4th Round,Alcaraz C.,Cilic M.,Alcaraz C.,4,17,4,17
US Open,2022-09-06,Grand Slam,Hard,Quarterfinals,Berrettini M.,Ruud C.,Ruud C.,14,7,7,14
US Open,2022-09-07,Grand Slam,Hard,Quarterfinals,Khachanov K.,Kyrgios N.,Khachanov K.,31,25,31,25
US Open,2022-09-07,Grand Slam,Hard,Quarterfinals,Rublev A.,Tiafoe F.,Tiafoe F.,11,26,26,11
US Open,2022-09-08,Grand Slam,Hard,Quarterfinals,Alcaraz C.,Sinner J.,Alcaraz C.,4,13,4,13
US Open,2022-09-09,Grand Slam,Hard,Semifinals,Khachanov K.,Ruud C.,Ruud C.,31,7,7,31
US Open,2022-09-10,Grand Slam,Hard,Semifinals,Alcaraz C.,Tiafoe F.,Alcaraz C.,4,26,4,26
US Open,2022-09-11,Grand Slam,Hard,The Final,Ruud C.,Alcaraz C.,Alcaraz C.,7,4,4,7
Open de Moselle,2022-09-21,ATP250,Hard,2nd Round,Musetti L.,Korda S.,Korda S.,30,49,49,30
Open de Moselle,2022-09-23,ATP250,Hard,Quarterfinals,Rune H.,Bublik A.,Bublik A.,31,44,44,31
Korea Open,2022-10-01,ATP250,Hard,Semifinals,Brooksby J.,Shapovalov D.,Shapovalov D.,46,24,24,46
Sofia Open,2022-09-29,ATP250,Hard,2nd Round,Rune H.,Sonego L.,Rune H.,31,45,31,45
Tel Aviv Open,2022-09-28,ATP250,Hard,2nd Round,Korda S.,Cressy M.,Cressy M.,44,34,34,44
Tel Aviv Open,2022-10-02,ATP250,Hard,The Final,Cilic M.,Djokovic N.,Djokovic N.,16,7,7,16
Astana Open,2022-10-03,ATP500,Hard,1st Round,Cerundolo F.,Hurkacz H.,Hurkacz H.,29,10,10,29
Astana Open,2022-10-03,ATP500,Hard,1st Round,Bautista Agut R.,Auger-Aliassime F.,Bautista Agut R.,21,13,21,13
Astana Open,2022-10-04,ATP500,Hard,1st Round,Khachanov K.,Cressy M.,Khachanov K.,18,32,18,32
Astana Open,2022-10-04,ATP500,Hard,1st Round,Medvedev D.,Ramos-Vinolas A.,Medvedev D.,4,40,4,40
Astana Open,2022-10-06,ATP500,Hard,2nd Round,Khachanov K.,Cilic M.,Khachanov K.,18,14,18,14
Astana Open,2022-10-06,ATP500,Hard,2nd Round,Bublik A.,Hurkacz H.,Hurkacz H.,43,10,10,43
Astana Open,2022-10-06,ATP500,Hard,2nd Round,Djokovic N.,Van De Zandschulp B.,Djokovic N.,7,34,7,34
Astana Open,2022-10-07,ATP500,Hard,Quarterfinals,Hurkacz H.,Tsitsipas S.,Tsitsipas S.,10,6,6,10
Astana Open,2022-10-07,ATP500,Hard,Quarterfinals,Djokovic N.,Khachanov K.,Djokovic N.,7,18,7,18
Astana Open,2022-10-07,ATP500,Hard,Quarterfinals,Bautista Agut R.,Medvedev D.,Medvedev D.,21,4,4,21
Astana Open,2022-10-08,ATP500,Hard,Semifinals,Tsitsipas S.,Rublev A.,Tsitsipas S.,6,9,6,9
Astana Open,2022-10-09,ATP500,Hard,The Final,Tsitsipas S.,Djokovic N.,Djokovic N.,6,7,7,6
Rakuten Japan Open Tennis Championships,2022-10-05,ATP500,Hard,1st Round,Nishioka Y.,Kecmanovic M.,Kecmanovic M.,41,33,33,41
Rakuten Japan Open Tennis Championships,2022-10-06,ATP500,Hard,2nd Round,Evans D.,Kecmanovic M.,Kecmanovic M.,25,33,33,25
Rakuten Japan Open Tennis Championships,2022-10-06,ATP500,Hard,2nd Round,Nakashima B.,Coric B.,Coric B.,47,28,28,47
Rakuten Japan Open Tennis Championships,2022-10-07,ATP500,Hard,Quarterfinals,Tiafoe F.,Kecmanovic M.,Tiafoe F.,19,33,19,33
Rakuten Japan Open Tennis Championships,2022-10-07,ATP500,Hard,Quarterfinals,Shapovalov D.,Coric B.,Shapovalov D.,22,28,22,28
Rakuten Japan Open Tennis Championships,2022-10-08,ATP500,Hard,Semifinals,Fritz T.,Shapovalov D.,Fritz T.,11,22,11,22
Rakuten Japan Open Tennis Championships,2022-10-09,ATP500,Hard,The Final,Tiafoe F.,Fritz T.,Fritz T.,19,11,11,19
Firenze Open,2022-10-14,ATP250,Hard,Quarterfinals,Auger-Aliassime F.,Nakashima B.,Auger-Aliassime F.,13,46,13,46
Firenze Open,2022-10-15,ATP250,Hard,Semifinals,Auger-Aliassime F.,Musetti L.,Auger-Aliassime F.,13,28,13,28
Gijon Open,2022-10-11,ATP250,Hard,1st Round,Davidovich Fokina A.,Murray A.,Murray A.,31,48,48,31
Gijon Open,2022-10-13,ATP250,Hard,2nd Round,Korda S.,Bautista Agut R.,Korda S.,47,22,47,22
Gijon Open,2022-10-14,ATP250,Hard,Quarterfinals,Rublev A.,Paul T.,Rublev A.,9,30,9,30
Gijon Open,2022-10-14,ATP250,Hard,Quarterfinals,Korda S.,Murray A.,Korda S.,47,48,47,48
Gijon Open,2022-10-16,ATP250,Hard,The Final,Korda S.,Rublev A.,Rublev A.,47,9,9,47
European Open,2022-10-17,ATP250,Hard,1st Round,Draper J.,Brooksby J.,Draper J.,48,41,48,41
European Open,2022-10-19,ATP250,Hard,2nd Round,Draper J.,Hurkacz H.,Hurkacz H.,48,11,11,48
European Open,2022-10-20,ATP250,Hard,2nd Round,Korda S.,Khachanov K.,Korda S.,36,18,36,18
European Open,2022-10-21,ATP250,Hard,Quarterfinals,Korda S.,Nishioka Y.,Korda S.,36,39,36,39
European Open,2022-10-21,ATP250,Hard,Quarterfinals,Evans D.,Auger-Aliassime F.,Auger-Aliassime F.,26,10,10,26
European Open,2022-10-23,ATP250,Hard,The Final,Auger-Aliassime F.,Korda S.,Auger-Aliassime F.,10,36,10,36
Napoli Cup,2022-10-19,ATP250,Hard,1st Round,Sonego L.,Baez S.,Baez S.,50,37,37,50
Napoli Cup,2022-10-21,ATP250,Hard,Quarterfinals,Carreno Busta P.,Kecmanovic M.,Kecmanovic M.,15,30,30,15
Napoli Cup,2022-10-22,ATP250,Hard,Semifinals,Kecmanovic M.,Musetti L.,Musetti L.,30,24,24,30
Napoli Cup,2022-10-23,ATP250,Hard,The Final,Musetti L.,Berrettini M.,Musetti L.,24,16,24,16
Stockholm Open,2022-10-19,ATP250,Hard,2nd Round,Karatsev A.,Norrie C.,Norrie C.,45,14,14,45
Stockholm Open,2022-10-19,ATP250,Hard,2nd Round,Tsitsipas S.,Cressy M.,Tsitsipas S.,5,33,5,33
Stockholm Open,2022-10-21,ATP250,Hard,Quarterfinals,Shapovalov D.,De Minaur A.,De Minaur A.,20,23,23,20
Stockholm Open,2022-10-21,ATP250,Hard,Quarterfinals,Rune H.,Norrie C.,Rune H.,27,14,27,14
Stockholm Open,2022-10-22,ATP250,Hard,Semifinals,De Minaur A.,Rune H.,Rune H.,23,27,27,23
Stockholm Open,2022-10-23,ATP250,Hard,The Final,Tsitsipas S.,Rune H.,Rune H.,5,27,27,5
Swiss Indoors,2022-10-24,ATP500,Hard,1st Round,Alcaraz C.,Draper J.,Alcaraz C.,1,45,1,45
Swiss Indoors,2022-10-25,ATP500,Hard,1st Round,Carreno Busta P.,Baez S.,Carreno Busta P.,15,39,15,39
Swiss Indoors,2022-10-25,ATP500,Hard,1st Round,Mannarino A.,Van De Zandschulp B.,Van De Zandschulp B.,42,35,35,42
Swiss Indoors,2022-10-25,ATP500,Hard,1st Round,Davidovich Fokina A.,Kecmanovic M.,Kecmanovic M.,31,28,28,31
Swiss Indoors,2022-10-26,ATP500,Hard,1st Round,De Minaur A.,Rune H.,Rune H.,24,25,25,24
Swiss Indoors,2022-10-26,ATP500,Hard,1st Round,Ramos-Vinolas A.,Musetti L.,Ramos-Vinolas A.,40,23,40,23
Swiss Indoors,2022-10-26,ATP500,Hard,2nd Round,Van De Zandschulp B.,Alcaraz C.,Alcaraz C.,35,1,1,35
Swiss Indoors,2022-10-27,ATP500,Hard,2nd Round,Ramos-Vinolas A.,Bublik A.,Bublik A.,40,38,38,40
Swiss Indoors,2022-10-27,ATP500,Hard,2nd Round,Bautista Agut R.,Murray A.,Bautista Agut R.,22,49,22,49
Swiss Indoors,2022-10-27,ATP500,Hard,2nd Round,Kecmanovic M.,Auger-Aliassime F.,Auger-Aliassime F.,28,9,9,28
Swiss Indoors,2022-10-28,ATP500,Hard,Quarterfinals,Auger-Aliassime F.,Bublik A.,Auger-Aliassime F.,9,38,9,38
Swiss Indoors,2022-10-28,ATP500,Hard,Quarterfinals,Carreno Busta P.,Alcaraz C.,Alcaraz C.,15,1,1,15
Swiss Indoors,2022-10-29,ATP500,Hard,Semifinals,Auger-Aliassime F.,Alcaraz C.,Auger-Aliassime F.,9,1,9,1
Swiss Indoors,2022-10-29,ATP500,Hard,Semifinals,Bautista Agut R.,Rune H.,Rune H.,22,25,25,22
Swiss Indoors,2022-10-30,ATP500,Hard,The Final,Auger-Aliassime F.,Rune H.,Auger-Aliassime F.,9,25,9,25
Vienna Open,2022-10-24,ATP500,Hard,1st Round,Nishioka Y.,Fritz T.,Fritz T.,37,10,10,37
Vienna Open,2022-10-24,ATP500,Hard,1st Round,Schwartzman D.,Rublev A.,Rublev A.,21,8,8,21
Vienna Open,2022-10-25,ATP500,Hard,1st Round,Ruusuvuori E.,Sonego L.,Ruusuvuori E.,43,48,43,48
Vienna Open,2022-10-25,ATP500,Hard,1st Round,Hurkacz H.,Tiafoe F.,Hurkacz H.,11,17,11,17
Vienna Open,2022-10-26,ATP500,Hard,2nd Round,Khachanov K.,Evans D.,Evans D.,18,26,26,18
Vienna Open,2022-10-26,ATP500,Hard,2nd Round,Shapovalov D.,Fritz T.,Shapovalov D.,19,10,19,10
Vienna Open,2022-10-27,ATP500,Hard,2nd Round,Dimitrov G.,Rublev A.,Dimitrov G.,32,8,32,8
Vienna Open,2022-10-27,ATP500,Hard,2nd Round,Ruusuvuori E.,Hurkacz H.,Hurkacz H.,43,11,11,43
Vienna Open,2022-10-27,ATP500,Hard,2nd Round,Cerundolo F.,Sinner J.,Sinner J.,29,12,12,29
Vienna Open,2022-10-27,ATP500,Hard,2nd Round,Coric B.,Tsitsipas S.,Coric B.,27,5,27,5
Vienna Open,2022-10-28,ATP500,Hard,Quarterfinals,Medvedev D.,Sinner J.,Medvedev D.,4,12,4,12
Vienna Open,2022-10-28,ATP500,Hard,Quarterfinals,Hurkacz H.,Coric B.,Coric B.,11,27,27,11
Vienna Open,2022-10-28,ATP500,Hard,Quarterfinals,Shapovalov D.,Evans D.,Shapovalov D.,19,26,19,26
Vienna Open,2022-10-29,ATP500,Hard,Semifinals,Dimitrov G.,Medvedev D.,Medvedev D.,32,4,4,32
Vienna Open,2022-10-29,ATP500,Hard,Semifinals,Shapovalov D.,Coric B.,Shapovalov D.,19,27,19,27
Vienna Open,2022-10-30,ATP500,Hard,The Final,Shapovalov D.,Medvedev D.,Medvedev D.,19,4,4,19
BNP Paribas Masters,2022-10-31,Masters 1000,Hard,1st Round,Kecmanovic M.,Norrie C.,Norrie C.,29,13,13,29
BNP Paribas Masters,2022-10-31,Masters 1000,Hard,1st Round,Davidovich Fokina A.,Fritz T.,Fritz T.,32,11,11,32
BNP Paribas Masters,2022-10-31,Masters 1000,Hard,1st Round,Baez S.,Khachanov K.,Khachanov K.,40,19,19,40
BNP Paribas Masters,2022-10-31,Masters 1000,Hard,1st Round,Musetti L.,Cilic M.,Musetti L.,23,17,23,17
BNP Paribas Masters,2022-10-31,Masters 1000,Hard,1st Round,Cressy M.,Schwartzman D.,Cressy M.,34,24,34,24
BNP Paribas Masters,2022-10-31,Masters 1000,Hard,1st Round,Korda S.,De Minaur A.,De Minaur A.,33,25,25,33
BNP Paribas Masters,2022-11-01,Masters 1000,Hard,1st Round,Evans D.,Nakashima B.,Evans D.,27,50,27,50
BNP Paribas Masters,2022-11-01,Masters 1000,Hard,1st Round,Draper J.,Rinderknech A.,Draper J.,45,42,45,42
BNP Paribas Masters,2022-11-01,Masters 1000,Hard,1st Round,Ramos-Vinolas A.,Carreno Busta P.,Carreno Busta P.,39,14,14,39
BNP Paribas Masters,2022-11-01,Masters 1000,Hard,1st Round,Mannarino A.,Hurkacz H.,Hurkacz H.,43,10,10,43
BNP Paribas Masters,2022-11-01,Masters 1000,Hard,1st Round,Paul T.,Bautista Agut R.,Paul T.,31,20,31,20
BNP Paribas Masters,2022-11-01,Masters 1000,Hard,1st Round,Van De Zandschulp B.,Dimitrov G.,Dimitrov G.,35,28,28,35
BNP Paribas Masters,2022-11-01,Masters 1000,Hard,1st Round,Shapovalov D.,Cerundolo F.,Shapovalov D.,16,30,16,30
BNP Paribas Masters,2022-11-01,Masters 1000,Hard,2nd Round,Rublev A.,Isner J.,Rublev A.,9,47,9,47
BNP Paribas Masters,2022-11-01,Masters 1000,Hard,2nd Round,Cressy M.,Djokovic N.,Djokovic N.,34,7,7,34
BNP Paribas Masters,2022-11-02,Masters 1000,Hard,2nd Round,Evans D.,Tsitsipas S.,Tsitsipas S.,27,5,5,27
BNP Paribas Masters,2022-11-02,Masters 1000,Hard,2nd Round,Tiafoe F.,Draper J.,Tiafoe F.,21,45,21,45
BNP Paribas Masters,2022-11-02,Masters 1000,Hard,2nd Round,Medvedev D.,De Minaur A.,De Minaur A.,3,25,25,3
BNP Paribas Masters,2022-11-02,Masters 1000,Hard,2nd Round,Nishioka Y.,Alcaraz C.,Alcaraz C.,38,1,1,38
BNP Paribas Masters,2022-11-02,Masters 1000,Hard,2nd Round,Rune H.,Hurkacz H.,Rune H.,18,10,18,10
BNP Paribas Masters,2022-11-02,Masters 1000,Hard,2nd Round,Shapovalov D.,Carreno Busta P.,Carreno Busta P.,16,14,14,16
BNP Paribas Masters,2022-11-02,Masters 1000,Hard,2nd Round,Paul T.,Nadal R.,Paul T.,31,2,31,2
BNP Paribas Masters,2022-11-03,Masters 1000,Hard,3rd Round,Musetti L.,Ruud C.,Musetti L.,23,4,23,4
BNP Paribas Masters,2022-11-03,Masters 1000,Hard,3rd Round,De Minaur A.,Tiafoe F.,Tiafoe F.,25,21,21,25
BNP Paribas Masters,2022-11-03,Masters 1000,Hard,3rd Round,Alcaraz C.,Dimitrov G.,Alcaraz C.,1,28,1,28
BNP Paribas Masters,2022-11-03,Masters 1000,Hard,3rd Round,Rublev A.,Rune H.,Rune H.,9,18,18,9
BNP Paribas Masters,2022-11-03,Masters 1000,Hard,3rd Round,Khachanov K.,Djokovic N.,Djokovic N.,19,7,7,19
BNP Paribas Masters,2022-11-03,Masters 1000,Hard,3rd Round,Carreno Busta P.,Paul T.,Paul T.,14,31,31,14
BNP Paribas Masters,2022-11-04,Masters 1000,Hard,Quarterfinals,Auger-Aliassime F.,Tiafoe F.,Auger-Aliassime F.,8,21,8,21
BNP Paribas Masters,2022-11-04,Masters 1000,Hard,Quarterfinals,Musetti L.,Djokovic N.,Djokovic N.,23,7,7,23
BNP Paribas Masters,2022-11-04,Masters 1000,Hard,Quarterfinals,Tsitsipas S.,Paul T.,Tsitsipas S.,5,31,5,31
BNP Paribas Masters,2022-11-05,Masters 1000,Hard,Semifinals,Auger-Aliassime F.,Rune H.,Rune H.,8,18,18,8
BNP Paribas Masters,2022-11-05,Masters 1000,Hard,Semifinals,Djokovic N.,Tsitsipas S.,Djokovic N.,7,5,7,5
BNP Paribas Masters,2022-11-06,Masters 1000,Hard,The Final,Djokovic N.,Rune H.,Rune H.,7,18,18,7
Masters Cup,2022-11-13,Masters Cup,Hard,Round Robin,Ruud C.,Auger-Aliassime F.,Ruud C.,4,6,4,6
Masters Cup,2022-11-13,Masters Cup,Hard,Round Robin,Nadal R.,Fritz T.,Fritz T.,2,9,9,2
Masters Cup,2022-11-14,Masters Cup,Hard,Round Robin,Rublev A.,Medvedev D.,Rublev A.,7,5,7,5
Masters Cup,2022-11-14,Masters Cup,Hard,Round Robin,Tsitsipas S.,Djokovic N.,Djokovic N.,3,8,8,3
Masters Cup,2022-11-15,Masters Cup,Hard,Round Robin,Auger-Aliassime F.,Nadal R.,Auger-Aliassime F.,6,2,6,2
Masters Cup,2022-11-15,Masters Cup,Hard,Round Robin,Fritz T.,Ruud C.,Ruud C.,9,4,4,9
Masters Cup,2022-11-16,Masters Cup,Hard,Round Robin,Djokovic N.,Rublev A.,Djokovic N.,8,7,8,7
Masters Cup,2022-11-16,Masters Cup,Hard,Round Robin,Medvedev D.,Tsitsipas S.,Tsitsipas S.,5,3,3,5
Masters Cup,2022-11-17,Masters Cup,Hard,Round Robin,Nadal R.,Ruud C.,Nadal R.,2,4,2,4
Masters Cup,2022-11-17,Masters Cup,Hard,Round Robin,Auger-Aliassime F.,Fritz T.,Fritz T.,6,9,9,6
Masters Cup,2022-11-18,Masters Cup,Hard,Round Robin,Djokovic N.,Medvedev D.,Djokovic N.,8,5,8,5
Masters Cup,2022-11-18,Masters Cup,Hard,Round Robin,Tsitsipas S.,Rublev A.,Rublev A.,3,7,7,3
Masters Cup,2022-11-19,Masters Cup,Hard,Semifinals,Djokovic N.,Fritz T.,Djokovic N.,8,9,8,9
Masters Cup,2022-11-19,Masters Cup,Hard,Semifinals,Rublev A.,Ruud C.,Ruud C.,7,4,4,7
Masters Cup,2022-11-20,Masters Cup,Hard,The Final,Djokovic N.,Ruud C.,Djokovic N.,8,4,8,4
Adelaide International 1,2023-01-02,ATP250,Hard,1st Round,Rune H.,Nishioka Y.,Nishioka Y.,11,36,36,11
Adelaide International 1,2023-01-03,ATP250,Hard,1st Round,Rublev A.,Bautista Agut R.,Bautista Agut R.,8,21,21,8
Adelaide International 1,2023-01-03,ATP250,Hard,1st Round,Korda S.,Murray A.,Korda S.,33,49,33,49
Adelaide International 1,2023-01-04,ATP250,Hard,2nd Round,Draper J.,Khachanov K.,Khachanov K.,42,20,20,42
Adelaide International 1,2023-01-04,ATP250,Hard,2nd Round,Kecmanovic M.,Medvedev D.,Medvedev D.,29,7,7,29
Adelaide International 1,2023-01-05,ATP250,Hard,2nd Round,Bautista Agut R.,Korda S.,Korda S.,21,33,33,21
Adelaide International 1,2023-01-06,ATP250,Hard,Quarterfinals,Korda S.,Sinner J.,Korda S.,33,15,33,15
Adelaide International 1,2023-01-06,ATP250,Hard,Quarterfinals,Khachanov K.,Medvedev D.,Medvedev D.,20,7,7,20
Adelaide International 1,2023-01-06,ATP250,Hard,Quarterfinals,Djokovic N.,Shapovalov D.,Djokovic N.,5,18,5,18
Adelaide International 1,2023-01-07,ATP250,Hard,Semifinals,Medvedev D.,Djokovic N.,Djokovic N.,7,5,5,7
Adelaide International 1,2023-01-08,ATP250,Hard,The Final,Djokovic N.,Korda S.,Djokovic N.,5,33,5,33
Adelaide International 2,2023-01-09,ATP250,Hard,1st Round,Sonego L.,Draper J.,Draper J.,44,40,40,44
Adelaide International 2,2023-01-09,ATP250,Hard,1st Round,Nakashima B.,Davidovich Fokina A.,Davidovich Fokina A.,47,32,32,47
Adelaide International 2,2023-01-11,ATP250,Hard,2nd Round,Paul T.,Draper J.,Draper J.,35,40,40,35
Adelaide International 2,2023-01-12,ATP250,Hard,Quarterfinals,Draper J.,Khachanov K.,Draper J.,40,20,40,20
Adelaide International 2,2023-01-12,ATP250,Hard,Quarterfinals,Bautista Agut R.,Davidovich Fokina A.,Bautista Agut R.,26,32,26,32
ASB Classic,2023-01-13,ATP250,Hard,Semifinals,Norrie C.,Brooksby J.,Norrie C.,12,48,12,48
Australian Open,2023-01-16,Grand Slam,Hard,1st Round,Draper J.,Nadal R.,Nadal R.,38,2,2,38
Australian Open,2023-01-17,Grand Slam,Hard,1st Round,Bublik A.,Davidovich Fokina A.,Davidovich Fokina A.,36,32,32,36
Australian Open,2023-01-18,Grand Slam,Hard,1st Round,Isner J.,Mannarino A.,Mannarino A.,43,45,45,43
Australian Open,2023-01-18,Grand Slam,Hard,1st Round,Ramos-Vinolas A.,Cressy M.,Cressy M.,37,41,41,37
Australian Open,2023-01-18,Grand Slam,Hard,2nd Round,Sonego L.,Hurkacz H.,Hurkacz H.,47,11,11,47
Australian Open,2023-01-19,Grand Slam,Hard,2nd Round,Davidovich Fokina A.,Paul T.,Paul T.,32,35,35,32
Australian Open,2023-01-19,Grand Slam,Hard,2nd Round,Brooksby J.,Ruud C.,Brooksby J.,39,3,39,3
Australian Open,2023-01-19,Grand Slam,Hard,2nd Round,Ruusuvuori E.,Rublev A.,Rublev A.,46,6,6,46
Australian Open,2023-01-19,Grand Slam,Hard,2nd Round,Rune H.,Cressy M.,Rune H.,10,41,10,41
Australian Open,2023-01-19,Grand Slam,Hard,2nd Round,Bonzi B.,Carreno Busta P.,Bonzi B.,48,15,48,15
Australian Open,2023-01-19,Grand Slam,Hard,2nd Round,Mannarino A.,De Minaur A.,De Minaur A.,45,24,24,45
Australian Open,2023-01-20,Grand Slam,Hard,3rd Round,Cerundolo F.,Auger-Aliassime F.,Auger-Aliassime F.,29,7,7,29
Australian Open,2023-01-20,Grand Slam,Hard,3rd Round,Shapovalov D.,Hurkacz H.,Hurkacz H.,22,11,11,22
Australian Open,2023-01-20,Grand Slam,Hard,3rd Round,Khachanov K.,Tiafoe F.,Khachanov K.,20,17,20,17
Australian Open,2023-01-20,Grand Slam,Hard,3rd Round,Medvedev D.,Korda S.,Korda S.,8,31,31,8
Australian Open,2023-01-21,Grand Slam,Hard,3rd Round,Rublev A.,Evans D.,Rublev A.,6,30,6,30
Australian Open,2023-01-21,Grand Slam,Hard,3rd Round,De Minaur A.,Bonzi B.,De Minaur A.,24,48,24,48
Australian Open,2023-01-21,Grand Slam,Hard,3rd Round,Brooksby J.,Paul T.,Paul T.,39,35,35,39
Australian Open,2023-01-21,Grand Slam,Hard,3rd Round,Dimitrov G.,Djokovic N.,Djokovic N.,28,5,5,28
Australian Open,2023-01-22,Grand Slam,Hard,4th Round,Korda S.,Hurkacz H.,Korda S.,31,11,31,11
Australian Open,2023-01-22,Grand Slam,Hard,4th Round,Nishioka Y.,Khachanov K.,Khachanov K.,33,20,20,33
Australian Open,2023-01-22,Grand Slam,Hard,4th Round,Sinner J.,Tsitsipas S.,Tsitsipas S.,16,4,4,16
Australian Open,2023-01-23,Grand Slam,Hard,4th Round,Rune H.,Rublev A.,Rublev A.,10,6,6,10
Australian Open,2023-01-23,Grand Slam,Hard,4th Round,Paul T.,Bautista Agut R.,Paul T.,35,25,35,25
Australian Open,2023-01-23,Grand Slam,Hard,4th Round,De Minaur A.,Djokovic N.,Djokovic N.,24,5,5,24
Australian Open,2023-01-25,Grand Slam,Hard,Quarterfinals,Djokovic N.,Rublev A.,Djokovic N.,5,6,5,6
Australian Open,2023-01-27,Grand Slam,Hard,Semifinals,Khachanov K.,Tsitsipas S.,Tsitsipas S.,20,4,4,20
Australian Open,2023-01-27,Grand Slam,Hard,Semifinals,Djokovic N.,Paul T.,Djokovic N.,5,35,5,35
Australian Open,2023-01-29,Grand Slam,Hard,The Final,Tsitsipas S.,Djokovic N.,Djokovic N.,4,5,5,4
Dallas Open,2023-02-10,ATP250,Hard,Quarterfinals,Tiafoe F.,Wolf J.J.,Wolf J.J.,14,43,43,14
Dallas Open,2023-02-11,ATP250,Hard,Semifinals,Wolf J.J.,Isner J.,Isner J.,43,39,39,43
Open Sud de France,2023-02-09,ATP250,Hard,2nd Round,Rune H.,Huesler M.A.,Rune H.,9,49,9,49
Argentina Open,2023-02-19,ATP250,Clay,The Final,Norrie C.,Alcaraz C.,Alcaraz C.,12,2,2,12
Delray Beach Open,2023-02-19,ATP250,Hard,The Final,Fritz T.,Kecmanovic M.,Fritz T.,7,33,7,33
ABN AMRO World Tennis Tournament,2023-02-13,ATP500,Hard,1st Round,Carreno Busta P.,Gasquet R.,Gasquet R.,16,45,45,16
ABN AMRO World Tennis Tournament,2023-02-14,ATP500,Hard,1st Round,Hurkacz H.,Bautista Agut R.,Hurkacz H.,10,24,10,24
ABN AMRO World Tennis Tournament,2023-02-14,ATP500,Hard,1st Round,Davidovich Fokina A.,Medvedev D.,Medvedev D.,31,11,11,31
ABN AMRO World Tennis Tournament,2023-02-15,ATP500,Hard,1st Round,Bonzi B.,Sinner J.,Sinner J.,48,14,14,48
ABN AMRO World Tennis Tournament,2023-02-15,ATP500,Hard,1st Round,De Minaur A.,Rublev A.,De Minaur A.,25,5,25,5
ABN AMRO World Tennis Tournament,2023-02-15,ATP500,Hard,2nd Round,Dimitrov G.,Hurkacz H.,Dimitrov G.,28,10,28,10
ABN AMRO World Tennis Tournament,2023-02-16,ATP500,Hard,2nd Round,Van De Zandschulp B.,Medvedev D.,Medvedev D.,35,11,11,35
ABN AMRO World Tennis Tournament,2023-02-16,ATP500,Hard,2nd Round,De Minaur A.,Cressy M.,De Minaur A.,25,40,25,40
ABN AMRO World Tennis Tournament,2023-02-16,ATP500,Hard,2nd Round,Tsitsipas S.,Sinner J.,Sinner J.,3,14,14,3
ABN AMRO World Tennis Tournament,2023-02-17,ATP500,Hard,Quarterfinals,Dimitrov G.,De Minaur A.,Dimitrov G.,28,25,28,25
ABN AMRO World Tennis Tournament,2023-02-17,ATP500,Hard,Quarterfinals,Auger-Aliassime F.,Medvedev D.,Medvedev D.,8,11,11,8
ABN AMRO World Tennis Tournament,2023-02-18,ATP500,Hard,Semifinals,Medvedev D.,Dimitrov G.,Medvedev D.,11,28,11,28
ABN AMRO World Tennis Tournament,2023-02-19,ATP500,Hard,The Final,Medvedev D.,Sinner J.,Medvedev D.,11,14,11,14
Qatar Exxon Mobil Open,2023-02-22,ATP250,Hard,2nd Round,Griekspoor T.,Rublev A.,Rublev A.,40,5,5,40
Qatar Exxon Mobil Open,2023-02-23,ATP250,Hard,Quarterfinals,Davidovich Fokina A.,Auger-Aliassime F.,Auger-Aliassime F.,31,9,9,31
Qatar Exxon Mobil Open,2023-02-24,ATP250,Hard,Semifinals,Auger-Aliassime F.,Medvedev D.,Medvedev D.,9,8,8,9
Open 13,2023-02-24,ATP250,Hard,Quarterfinals,Bublik A.,Dimitrov G.,Bublik A.,50,25,50,25
Open 13,2023-02-25,ATP250,Hard,Semifinals,Bublik A.,Hurkacz H.,Hurkacz H.,50,11,11,50
Rio Open,2023-02-26,ATP500,Clay,The Final,Alcaraz C.,Norrie C.,Norrie C.,2,13,13,2
Abierto Mexicano,2023-02-28,ATP500,Hard,1st Round,Isner J.,Fritz T.,Fritz T.,38,5,5,38
Abierto Mexicano,2023-02-28,ATP500,Hard,1st Round,Shapovalov D.,Kecmanovic M.,Shapovalov D.,30,31,30,31
Abierto Mexicano,2023-02-28,ATP500,Hard,1st Round,Shelton B.,Rune H.,Rune H.,41,10,10,41
Abierto Mexicano,2023-02-28,ATP500,Hard,1st Round,Nishioka Y.,Tiafoe F.,Tiafoe F.,34,15,15,34
Abierto Mexicano,2023-03-02,ATP500,Hard,2nd Round,Shapovalov D.,Fritz T.,Fritz T.,30,5,5,30
Abierto Mexicano,2023-03-03,ATP500,Hard,Quarterfinals,Tiafoe F.,Fritz T.,Fritz T.,15,5,5,15
Abierto Mexicano,2023-03-04,ATP500,Hard,Semifinals,Paul T.,Fritz T.,Paul T.,23,5,23,5
Abierto Mexicano,2023-03-04,ATP500,Hard,Semifinals,Rune H.,De Minaur A.,De Minaur A.,10,22,22,10
Abierto Mexicano,2023-03-05,ATP500,Hard,The Final,De Minaur A.,Paul T.,De Minaur A.,22,23,22,23
Dubai Tennis Championships,2023-02-27,ATP500,Hard,1st Round,Lehecka J.,Zverev A.,Zverev A.,47,16,16,47
Dubai Tennis Championships,2023-02-28,ATP500,Hard,1st Round,Cressy M.,Auger-Aliassime F.,Auger-Aliassime F.,36,9,9,36
Dubai Tennis Championships,2023-02-28,ATP500,Hard,1st Round,Van De Zandschulp B.,Khachanov K.,Van De Zandschulp B.,33,14,33,14
Dubai Tennis Championships,2023-03-01,ATP500,Hard,2nd Round,Davidovich Fokina A.,Rublev A.,Rublev A.,29,6,6,29
Dubai Tennis Championships,2023-03-01,ATP500,Hard,2nd Round,Djokovic N.,Griekspoor T.,Djokovic N.,1,39,1,39
Dubai Tennis Championships,2023-03-01,ATP500,Hard,2nd Round,Bublik A.,Medvedev D.,Medvedev D.,46,7,7,46
Dubai Tennis Championships,2023-03-02,ATP500,Hard,Quarterfinals,Rublev A.,Van De Zandschulp B.,Rublev A.,6,33,6,33
Dubai Tennis Championships,2023-03-02,ATP500,Hard,Quarterfinals,Hurkacz H.,Djokovic N.,Djokovic N.,11,1,1,11
Dubai Tennis Championships,2023-03-02,ATP500,Hard,Quarterfinals,Medvedev D.,Coric B.,Medvedev D.,7,20,7,20
Dubai Tennis Championships,2023-03-03,ATP500,Hard,Semifinals,Zverev A.,Rublev A.,Rublev A.,16,6,6,16
Dubai Tennis Championships,2023-03-03,ATP500,Hard,Semifinals,Medvedev D.,Djokovic N.,Medvedev D.,7,1,7,1
Dubai Tennis Championships,2023-03-04,ATP500,Hard,The Final,Rublev A.,Medvedev D.,Medvedev D.,6,7,7,6
BNP Paribas Open,2023-03-08,Masters 1000,Hard,1st Round,Isner J.,Nakashima B.,Nakashima B.,39,48,48,39
BNP Paribas Open,2023-03-10,Masters 1000,Hard,2nd Round,Schwartzman D.,Ruud C.,Ruud C.,38,4,4,38
BNP Paribas Open,2023-03-11,Masters 1000,Hard,2nd Round,Medvedev D.,Nakashima B.,Medvedev D.,6,48,6,48
BNP Paribas Open,2023-03-11,Masters 1000,Hard,2nd Round,Rublev A.,Lehecka J.,Rublev A.,7,47,7,47
BNP Paribas Open,2023-03-11,Masters 1000,Hard,2nd Round,Sinner J.,Gasquet R.,Sinner J.,13,43,13,43
BNP Paribas Open,2023-03-11,Masters 1000,Hard,2nd Round,Shelton B.,Fritz T.,Fritz T.,41,5,5,41
BNP Paribas Open,2023-03-12,Masters 1000,Hard,3rd Round,Davidovich Fokina A.,Khachanov K.,Davidovich Fokina A.,28,15,28,15
BNP Paribas Open,2023-03-13,Masters 1000,Hard,3rd Round,Hurkacz H.,Paul T.,Paul T.,11,19,19,11
BNP Paribas Open,2023-03-13,Masters 1000,Hard,3rd Round,Auger-Aliassime F.,Cerundolo F.,Auger-Aliassime F.,10,32,10,32
BNP Paribas Open,2023-03-13,Masters 1000,Hard,3rd Round,Baez S.,Fritz T.,Fritz T.,35,5,5,35
BNP Paribas Open,2023-03-14,Masters 1000,Hard,3rd Round,Alcaraz C.,Griekspoor T.,Alcaraz C.,2,36,2,36
BNP Paribas Open,2023-03-14,Masters 1000,Hard,4th Round,Medvedev D.,Zverev A.,Medvedev D.,6,14,6,14
BNP Paribas Open,2023-03-14,Masters 1000,Hard,4th Round,Rublev A.,Norrie C.,Norrie C.,7,12,12,7
BNP Paribas Open,2023-03-15,Masters 1000,Hard,4th Round,Paul T.,Auger-Aliassime F.,Auger-Aliassime F.,19,10,10,19
BNP Paribas Open,2023-03-15,Masters 1000,Hard,Quarterfinals,Tiafoe F.,Norrie C.,Tiafoe F.,16,12,16,12
BNP Paribas Open,2023-03-15,Masters 1000,Hard,Quarterfinals,Davidovich Fokina A.,Medvedev D.,Medvedev D.,28,6,6,28
BNP Paribas Open,2023-03-16,Masters 1000,Hard,Quarterfinals,Sinner J.,Fritz T.,Sinner J.,13,5,13,5
BNP Paribas Open,2023-03-17,Masters 1000,Hard,Quarterfinals,Auger-Aliassime F.,Alcaraz C.,Alcaraz C.,10,2,2,10
BNP Paribas Open,2023-03-18,Masters 1000,Hard,Semifinals,Medvedev D.,Tiafoe F.,Medvedev D.,6,16,6,16
BNP Paribas Open,2023-03-18,Masters 1000,Hard,Semifinals,Sinner J.,Alcaraz C.,Alcaraz C.,13,2,2,13
BNP Paribas Open,2023-03-19,Masters 1000,Hard,The Final,Alcaraz C.,Medvedev D.,Alcaraz C.,2,6,2,6
Miami Open,2023-03-22,Masters 1000,Hard,1st Round,Bublik A.,Wolf J.J.,Wolf J.J.,48,50,50,48
Miami Open,2023-03-24,Masters 1000,Hard,2nd Round,Wolf J.J.,Rublev A.,Rublev A.,50,7,7,50
Miami Open,2023-03-24,Masters 1000,Hard,2nd Round,Huesler M.A.,Paul T.,Paul T.,47,19,19,47
Miami Open,2023-03-24,Masters 1000,Hard,2nd Round,Davidovich Fokina A.,Nakashima B.,Davidovich Fokina A.,25,45,25,45
Miami Open,2023-03-25,Masters 1000,Hard,2nd Round,Musetti L.,Lehecka J.,Lehecka J.,21,44,44,21
Miami Open,2023-03-26,Masters 1000,Hard,3rd Round,Paul T.,Davidovich Fokina A.,Paul T.,19,25,19,25
Miami Open,2023-03-26,Masters 1000,Hard,3rd Round,Schwartzman D.,Rune H.,Rune H.,38,8,8,38
Miami Open,2023-03-26,Masters 1000,Hard,3rd Round,Fritz T.,Shapovalov D.,Fritz T.,10,30,10,30
Miami Open,2023-03-26,Masters 1000,Hard,3rd Round,Kecmanovic M.,Rublev A.,Rublev A.,35,7,7,35
Miami Open,2023-03-27,Masters 1000,Hard,3rd Round,Sinner J.,Dimitrov G.,Sinner J.,11,27,11,27
Miami Open,2023-03-27,Masters 1000,Hard,3rd Round,Ruud C.,Van De Zandschulp B.,Van De Zandschulp B.,4,32,32,4
Miami Open,2023-03-27,Masters 1000,Hard,3rd Round,Khachanov K.,Lehecka J.,Khachanov K.,16,44,16,44
Miami Open,2023-03-27,Masters 1000,Hard,3rd Round,Auger-Aliassime F.,Cerundolo F.,Cerundolo F.,6,31,31,6
Miami Open,2023-03-28,Masters 1000,Hard,4th Round,Rublev A.,Sinner J.,Sinner J.,7,11,11,7
Miami Open,2023-03-28,Masters 1000,Hard,4th Round,Fritz T.,Rune H.,Fritz T.,10,8,10,8
Miami Open,2023-03-28,Masters 1000,Hard,4th Round,Alcaraz C.,Paul T.,Alcaraz C.,1,19,1,19
Miami Open,2023-03-28,Masters 1000,Hard,4th Round,Tsitsipas S.,Khachanov K.,Khachanov K.,3,16,16,3
Miami Open,2023-03-30,Masters 1000,Hard,Quarterfinals,Cerundolo F.,Khachanov K.,Khachanov K.,31,16,16,31
Miami Open,2023-03-31,Masters 1000,Hard,Quarterfinals,Alcaraz C.,Fritz T.,Alcaraz C.,1,10,1,10
Miami Open,2023-03-31,Masters 1000,Hard,Semifinals,Khachanov K.,Medvedev D.,Medvedev D.,16,5,5,16
Miami Open,2023-04-01,Masters 1000,Hard,Semifinals,Sinner J.,Alcaraz C.,Sinner J.,11,1,11,1
Miami Open,2023-04-02,Masters 1000,Hard,The Final,Sinner J.,Medvedev D.,Medvedev D.,11,5,5,11
Estoril Open,2023-04-06,ATP250,Clay,2nd Round,Zapata Miralles B.,Hurkacz H.,Zapata Miralles B.,43,12,43,12
Estoril Open,2023-04-07,ATP250,Clay,Quarterfinals,Zapata Miralles B.,Kecmanovic M.,Kecmanovic M.,43,40,40,43
Estoril Open,2023-04-07,ATP250,Clay,Quarterfinals,Baez S.,Ruud C.,Ruud C.,32,5,5,32
Estoril Open,2023-04-09,ATP250,Clay,The Final,Ruud C.,Kecmanovic M.,Ruud C.,5,40,5,40
Monte Carlo Masters,2023-04-10,Masters 1000,Clay,1st Round,Zapata Miralles B.,Bonzi B.,Bonzi B.,41,48,48,41
Monte Carlo Masters,2023-04-10,Masters 1000,Clay,1st Round,Cerundolo F.,Norrie C.,Cerundolo F.,33,14,33,14
Monte Carlo Masters,2023-04-10,Masters 1000,Clay,1st Round,Berrettini M.,Cressy M.,Berrettini M.,22,40,22,40
Monte Carlo Masters,2023-04-11,Masters 1000,Clay,1st Round,Lehecka J.,Ruusuvuori E.,Lehecka J.,42,38,42,38
Monte Carlo Masters,2023-04-11,Masters 1000,Clay,1st Round,Shelton B.,Dimitrov G.,Dimitrov G.,39,25,25,39
Monte Carlo Masters,2023-04-11,Masters 1000,Clay,1st Round,Khachanov K.,Davidovich Fokina A.,Khachanov K.,12,24,12,24
Monte Carlo Masters,2023-04-11,Masters 1000,Clay,1st Round,Musetti L.,Kecmanovic M.,Musetti L.,21,34,21,34
Monte Carlo Masters,2023-04-12,Masters 1000,Clay,2nd Round,Bautista Agut R.,Zverev A.,Zverev A.,29,16,16,29
Monte Carlo Masters,2023-04-12,Masters 1000,Clay,2nd Round,Van De Zandschulp B.,Ruud C.,Ruud C.,31,4,4,31
Monte Carlo Masters,2023-04-12,Masters 1000,Clay,2nd Round,Lehecka J.,Dimitrov G.,Lehecka J.,42,25,42,25
Monte Carlo Masters,2023-04-12,Masters 1000,Clay,2nd Round,Medvedev D.,Sonego L.,Medvedev D.,5,45,5,45
Monte Carlo Masters,2023-04-12,Masters 1000,Clay,2nd Round,Cerundolo F.,Berrettini M.,Berrettini M.,33,22,22,33
Monte Carlo Masters,2023-04-13,Masters 1000,Clay,3rd Round,Sinner J.,Hurkacz H.,Sinner J.,8,13,8,13
Monte Carlo Masters,2023-04-13,Masters 1000,Clay,3rd Round,Rublev A.,Khachanov K.,Rublev A.,6,12,6,12
Monte Carlo Masters,2023-04-13,Masters 1000,Clay,3rd Round,Fritz T.,Lehecka J.,Fritz T.,10,42,10,42
Monte Carlo Masters,2023-04-13,Masters 1000,Clay,3rd Round,Djokovic N.,Musetti L.,Musetti L.,1,21,21,1
Monte Carlo Masters,2023-04-13,Masters 1000,Clay,3rd Round,Medvedev D.,Zverev A.,Medvedev D.,5,16,5,16
Monte Carlo Masters,2023-04-14,Masters 1000,Clay,Quarterfinals,Fritz T.,Tsitsipas S.,Fritz T.,10,3,10,3
Monte Carlo Masters,2023-04-14,Masters 1000,Clay,Quarterfinals,Medvedev D.,Rune H.,Rune H.,5,9,9,5
Monte Carlo Masters,2023-04-14,Masters 1000,Clay,Quarterfinals,Sinner J.,Musetti L.,Sinner J.,8,21,8,21
Monte Carlo Masters,2023-04-15,Masters 1000,Clay,Semifinals,Fritz T.,Rublev A.,Rublev A.,10,6,6,10
Monte Carlo Masters,2023-04-15,Masters 1000,Clay,Semifinals,Rune H.,Sinner J.,Rune H.,9,8,9,8
Monte Carlo Masters,2023-04-16,Masters 1000,Clay,The Final,Rune H.,Rublev A.,Rublev A.,9,6,6,9
Barcelona Open,2023-04-18,ATP500,Clay,2nd Round,Ruud C.,Shelton B.,Ruud C.,3,37,3,37
Barcelona Open,2023-04-18,ATP500,Clay,2nd Round,Ruusuvuori E.,Tiafoe F.,Ruusuvuori E.,40,12,40,12
Barcelona Open,2023-04-18,ATP500,Clay,2nd Round,Bautista Agut R.,Zapata Miralles B.,Bautista Agut R.,25,41,25,41
Barcelona Open,2023-04-19,ATP500,Clay,2nd Round,Schwartzman D.,Sinner J.,Sinner J.,48,8,8,48
Barcelona Open,2023-04-20,ATP500,Clay,3rd Round,Sinner J.,Nishioka Y.,Sinner J.,8,35,8,35
Barcelona Open,2023-04-20,ATP500,Clay,3rd Round,Ruusuvuori E.,Davidovich Fokina A.,Davidovich Fokina A.,40,38,38,40
Barcelona Open,2023-04-20,ATP500,Clay,3rd Round,Tsitsipas S.,Shapovalov D.,Tsitsipas S.,5,28,5,28
Barcelona Open,2023-04-20,ATP500,Clay,3rd Round,Norrie C.,Musetti L.,Musetti L.,13,20,20,13
Barcelona Open,2023-04-20,ATP500,Clay,3rd Round,Alcaraz C.,Bautista Agut R.,Alcaraz C.,2,25,2,25
Barcelona Open,2023-04-20,ATP500,Clay,3rd Round,Khachanov K.,Evans D.,Evans D.,11,26,26,11
Barcelona Open,2023-04-20,ATP500,Clay,3rd Round,Cerundolo F.,Ruud C.,Cerundolo F.,32,3,32,3
Barcelona Open,2023-04-21,ATP500,Clay,Quarterfinals,De Minaur A.,Tsitsipas S.,Tsitsipas S.,19,5,5,19
Barcelona Open,2023-04-21,ATP500,Clay,Quarterfinals,Alcaraz C.,Davidovich Fokina A.,Alcaraz C.,2,38,2,38
Barcelona Open,2023-04-21,ATP500,Clay,Quarterfinals,Cerundolo F.,Evans D.,Evans D.,32,26,26,32
Barcelona Open,2023-04-22,ATP500,Clay,Semifinals,Tsitsipas S.,Musetti L.,Tsitsipas S.,5,20,5,20
Barcelona Open,2023-04-22,ATP500,Clay,Semifinals,Evans D.,Alcaraz C.,Alcaraz C.,26,2,2,26
Barcelona Open,2023-04-23,ATP500,Clay,The Final,Alcaraz C.,Tsitsipas S.,Alcaraz C.,2,5,2,5
Srpska Open,2023-04-21,ATP250,Clay,Quarterfinals,Lehecka J.,Kecmanovic M.,Kecmanovic M.,36,33,33,36
BMW Open,2023-04-22,ATP250,Clay,Semifinals,Fritz T.,Van De Zandschulp B.,Van De Zandschulp B.,10,29,29,10
BMW Open,2023-04-23,ATP250,Clay,The Final,Rune H.,Van De Zandschulp B.,Rune H.,7,29,7,29
Mutua Madrid Open,2023-04-28,Masters 1000,Clay,2nd Round,Alcaraz C.,Ruusuvuori E.,Alcaraz C.,2,41,2,41
Mutua Madrid Open,2023-04-28,Masters 1000,Clay,2nd Round,Hurkacz H.,Gasquet R.,Hurkacz H.,15,43,15,43
Mutua Madrid Open,2023-04-29,Masters 1000,Clay,2nd Round,Auger-Aliassime F.,Lajovic D.,Lajovic D.,9,40,40,9
Mutua Madrid Open,2023-04-29,Masters 1000,Clay,2nd Round,Zapata Miralles B.,Evans D.,Zapata Miralles B.,42,24,42,24
Mutua Madrid Open,2023-04-30,Masters 1000,Clay,3rd Round,Khachanov K.,Bautista Agut R.,Khachanov K.,12,25,12,25
Mutua Madrid Open,2023-04-30,Masters 1000,Clay,3rd Round,Rublev A.,Nishioka Y.,Rublev A.,6,34,6,34
Mutua Madrid Open,2023-04-30,Masters 1000,Clay,3rd Round,Coric B.,Hurkacz H.,Coric B.,20,15,20,15
Mutua Madrid Open,2023-04-30,Masters 1000,Clay,3rd Round,Dimitrov G.,Alcaraz C.,Alcaraz C.,32,2,2,32
Mutua Madrid Open,2023-04-30,Masters 1000,Clay,3rd Round,Rune H.,Davidovich Fokina A.,Davidovich Fokina A.,7,35,35,7
Mutua Madrid Open,2023-05-01,Masters 1000,Clay,3rd Round,Tsitsipas S.,Baez S.,Tsitsipas S.,5,31,5,31
Mutua Madrid Open,2023-05-02,Masters 1000,Clay,4th Round,Rublev A.,Khachanov K.,Khachanov K.,6,12,12,6
Mutua Madrid Open,2023-05-02,Masters 1000,Clay,4th Round,Davidovich Fokina A.,Coric B.,Coric B.,35,20,20,35
Mutua Madrid Open,2023-05-02,Masters 1000,Clay,4th Round,Alcaraz C.,Zverev A.,Alcaraz C.,2,16,2,16
Mutua Madrid Open,2023-05-02,Masters 1000,Clay,4th Round,Zapata Miralles B.,Tsitsipas S.,Tsitsipas S.,42,5,5,42
Mutua Madrid Open,2023-05-03,Masters 1000,Clay,Quarterfinals,Alcaraz C.,Khachanov K.,Alcaraz C.,2,12,2,12
Mutua Madrid Open,2023-05-05,Masters 1000,Clay,Semifinals,Alcaraz C.,Coric B.,Alcaraz C.,2,20,2,20
Internazionali BNL d'Italia,2023-05-11,Masters 1000,Clay,1st Round,Ruusuvuori E.,Humbert U.,Ruusuvuori E.,43,50,43,50
Internazionali BNL d'Italia,2023-05-12,Masters 1000,Clay,2nd Round,Shelton B.,Bublik A.,Bublik A.,35,49,49,35
Internazionali BNL d'Italia,2023-05-13,Masters 1000,Clay,2nd Round,Nishioka Y.,Sonego L.,Sonego L.,32,48,48,32
Internazionali BNL d'Italia,2023-05-14,Masters 1000,Clay,2nd Round,Medvedev D.,Ruusuvuori E.,Medvedev D.,3,43,3,43
Internazionali BNL d'Italia,2023-05-14,Masters 1000,Clay,3rd Round,Djokovic N.,Dimitrov G.,Djokovic N.,1,33,1,33
Internazionali BNL d'Italia,2023-05-14,Masters 1000,Clay,3rd Round,Bublik A.,Ruud C.,Ruud C.,49,4,4,49
Internazionali BNL d'Italia,2023-05-15,Masters 1000,Clay,3rd Round,Davidovich Fokina A.,Rublev A.,Rublev A.,34,6,6,34
Internazionali BNL d'Italia,2023-05-15,Masters 1000,Clay,3rd Round,Medvedev D.,Zapata Miralles B.,Medvedev D.,3,38,3,38
Internazionali BNL d'Italia,2023-05-16,Masters 1000,Clay,3rd Round,Tsitsipas S.,Sonego L.,Tsitsipas S.,5,48,5,48
Internazionali BNL d'Italia,2023-05-16,Masters 1000,Clay,3rd Round,Tiafoe F.,Musetti L.,Musetti L.,12,19,19,12
Internazionali BNL d'Italia,2023-05-16,Masters 1000,Clay,4th Round,Norrie C.,Djokovic N.,Djokovic N.,13,1,1,13
Internazionali BNL d'Italia,2023-05-16,Masters 1000,Clay,4th Round,Sinner J.,Cerundolo F.,Cerundolo F.,8,31,31,8
Internazionali BNL d'Italia,2023-05-16,Masters 1000,Clay,4th Round,Zverev A.,Medvedev D.,Medvedev D.,22,3,3,22
Internazionali BNL d'Italia,2023-05-16,Masters 1000,Clay,4th Round,Musetti L.,Tsitsipas S.,Tsitsipas S.,19,5,5,19
Internazionali BNL d'Italia,2023-05-17,Masters 1000,Clay,Quarterfinals,Rune H.,Djokovic N.,Rune H.,7,1,7,1
Internazionali BNL d'Italia,2023-05-17,Masters 1000,Clay,Quarterfinals,Cerundolo F.,Ruud C.,Ruud C.,31,4,4,31
Internazionali BNL d'Italia,2023-05-18,Masters 1000,Clay,Quarterfinals,Coric B.,Tsitsipas S.,Tsitsipas S.,16,5,5,16
Internazionali BNL d'Italia,2023-05-20,Masters 1000,Clay,Semifinals,Rune H.,Ruud C.,Rune H.,7,4,7,4
Internazionali BNL d'Italia,2023-05-20,Masters 1000,Clay,Semifinals,Tsitsipas S.,Medvedev D.,Medvedev D.,5,3,3,5
Internazionali BNL d'Italia,2023-05-21,Masters 1000,Clay,The Final,Medvedev D.,Rune H.,Medvedev D.,3,7,3,7
French Open,2023-05-28,Grand Slam,Clay,1st Round,Shelton B.,Sonego L.,Sonego L.,36,48,48,36
French Open,2023-05-28,Grand Slam,Clay,1st Round,Mannarino A.,Humbert U.,Humbert U.,47,40,40,47
French Open,2023-05-29,Grand Slam,Clay,1st Round,Nakashima B.,Shapovalov D.,Shapovalov D.,45,32,32,45
French Open,2023-05-29,Grand Slam,Clay,1st Round,Lehecka J.,Struff J.L.,Lehecka J.,41,28,41,28
French Open,2023-05-30,Grand Slam,Clay,1st Round,Nishioka Y.,Wolf J.J.,Nishioka Y.,33,50,33,50
French Open,2023-05-31,Grand Slam,Clay,2nd Round,Sonego L.,Humbert U.,Sonego L.,48,40,48,40
French Open,2023-05-31,Grand Slam,Clay,2nd Round,Griekspoor T.,Hurkacz H.,Hurkacz H.,39,14,14,39
French Open,2023-06-01,Grand Slam,Clay,2nd Round,Etcheverry T.,De Minaur A.,Etcheverry T.,49,19,49,19
French Open,2023-06-01,Grand Slam,Clay,2nd Round,Dimitrov G.,Ruusuvuori E.,Dimitrov G.,29,46,29,46
French Open,2023-06-01,Grand Slam,Clay,2nd Round,Paul T.,Jarry N.,Jarry N.,17,35,35,17
French Open,2023-06-02,Grand Slam,Clay,3rd Round,Rublev A.,Sonego L.,Sonego L.,7,48,48,7
French Open,2023-06-02,Grand Slam,Clay,3rd Round,Davidovich Fokina A.,Djokovic N.,Djokovic N.,34,3,3,34
French Open,2023-06-02,Grand Slam,Clay,3rd Round,Musetti L.,Norrie C.,Musetti L.,18,13,18,13
French Open,2023-06-02,Grand Slam,Clay,3rd Round,Shapovalov D.,Alcaraz C.,Alcaraz C.,32,1,1,32
French Open,2023-06-03,Grand Slam,Clay,3rd Round,Etcheverry T.,Coric B.,Etcheverry T.,49,16,49,16
French Open,2023-06-03,Grand Slam,Clay,3rd Round,Fritz T.,Cerundolo F.,Cerundolo F.,8,23,23,8
French Open,2023-06-03,Grand Slam,Clay,3rd Round,Tiafoe F.,Zverev A.,Zverev A.,12,27,27,12
French Open,2023-06-04,Grand Slam,Clay,4th Round,Khachanov K.,Sonego L.,Khachanov K.,11,48,11,48
French Open,2023-06-04,Grand Slam,Clay,4th Round,Alcaraz C.,Musetti L.,Alcaraz C.,1,18,1,18
French Open,2023-06-05,Grand Slam,Clay,4th Round,Ruud C.,Jarry N.,Ruud C.,4,35,4,35
French Open,2023-06-05,Grand Slam,Clay,4th Round,Cerundolo F.,Rune H.,Rune H.,23,6,6,23
French Open,2023-06-05,Grand Slam,Clay,4th Round,Zverev A.,Dimitrov G.,Zverev A.,27,29,27,29
French Open,2023-06-05,Grand Slam,Clay,4th Round,Nishioka Y.,Etcheverry T.,Etcheverry T.,33,49,49,33
French Open,2023-06-06,Grand Slam,Clay,Quarterfinals,Djokovic N.,Khachanov K.,Djokovic N.,3,11,3,11
French Open,2023-06-06,Grand Slam,Clay,Quarterfinals,Tsitsipas S.,Alcaraz C.,Alcaraz C.,5,1,1,5
French Open,2023-06-07,Grand Slam,Clay,Quarterfinals,Zverev A.,Etcheverry T.,Zverev A.,27,49,27,49
French Open,2023-06-07,Grand Slam,Clay,Quarterfinals,Rune H.,Ruud C.,Ruud C.,6,4,4,6
French Open,2023-06-09,Grand Slam,Clay,Semifinals,Djokovic N.,Alcaraz C.,Djokovic N.,3,1,3,1
French Open,2023-06-09,Grand Slam,Clay,Semifinals,Zverev A.,Ruud C.,Ruud C.,27,4,4,27
French Open,2023-06-11,Grand Slam,Clay,The Final,Djokovic N.,Ruud C.,Djokovic N.,3,4,3,4
Rosmalen Grass Court Championships,2023-06-14,ATP250,Grass,2nd Round,Ruusuvuori E.,Humbert U.,Ruusuvuori E.,42,36,42,36
Rosmalen Grass Court Championships,2023-06-14,ATP250,Grass,2nd Round,Sinner J.,Bublik A.,Sinner J.,9,47,9,47
Rosmalen Grass Court Championships,2023-06-16,ATP250,Grass,Quarterfinals,De Minaur A.,Griekspoor T.,Griekspoor T.,18,38,38,18
Rosmalen Grass Court Championships,2023-06-16,ATP250,Grass,Quarterfinals,Ruusuvuori E.,Sinner J.,Ruusuvuori E.,42,9,42,9
Rosmalen Grass Court Championships,2023-06-17,ATP250,Grass,Semifinals,Griekspoor T.,Ruusuvuori E.,Griekspoor T.,38,42,38,42
Stuttgart Open,2023-06-12,ATP250,Grass,1st Round,Sonego L.,Berrettini M.,Sonego L.,41,21,41,21
Stuttgart Open,2023-06-14,ATP250,Grass,2nd Round,Lehecka J.,Tiafoe F.,Tiafoe F.,37,12,12,37
Stuttgart Open,2023-06-15,ATP250,Grass,2nd Round,Karatsev A.,Fritz T.,Fritz T.,48,8,8,48
Stuttgart Open,2023-06-15,ATP250,Grass,2nd Round,Struff J.L.,Paul T.,Struff J.L.,24,16,24,16
Stuttgart Open,2023-06-16,ATP250,Grass,Quarterfinals,Tiafoe F.,Musetti L.,Tiafoe F.,12,17,12,17
Stuttgart Open,2023-06-17,ATP250,Grass,Semifinals,Hurkacz H.,Struff J.L.,Struff J.L.,14,24,24,14
Stuttgart Open,2023-06-18,ATP250,Grass,The Final,Tiafoe F.,Struff J.L.,Tiafoe F.,12,24,12,24
Halle Open,2023-06-20,ATP500,Grass,1st Round,Sonego L.,Karatsev A.,Sonego L.,39,45,39,45
Halle Open,2023-06-20,ATP500,Grass,1st Round,Gasquet R.,Sinner J.,Sinner J.,49,9,9,49
Halle Open,2023-06-20,ATP500,Grass,1st Round,Bublik A.,Coric B.,Bublik A.,48,14,48,14
Halle Open,2023-06-21,ATP500,Grass,2nd Round,Tsitsipas S.,Jarry N.,Jarry N.,5,28,28,5
Halle Open,2023-06-21,ATP500,Grass,2nd Round,Zverev A.,Shapovalov D.,Zverev A.,22,27,22,27
Halle Open,2023-06-22,ATP500,Grass,2nd Round,Sonego L.,Sinner J.,Sinner J.,39,9,9,39
Halle Open,2023-06-22,ATP500,Grass,2nd Round,Bublik A.,Struff J.L.,Bublik A.,48,21,48,21
Halle Open,2023-06-22,ATP500,Grass,2nd Round,Griekspoor T.,Hurkacz H.,Griekspoor T.,29,17,29,17
Halle Open,2023-06-23,ATP500,Grass,Quarterfinals,Jarry N.,Zverev A.,Zverev A.,28,22,22,28
Halle Open,2023-06-23,ATP500,Grass,Quarterfinals,Bautista Agut R.,Medvedev D.,Bautista Agut R.,23,3,23,3
Halle Open,2023-06-23,ATP500,Grass,Quarterfinals,Griekspoor T.,Rublev A.,Rublev A.,29,7,7,29
Halle Open,2023-06-24,ATP500,Grass,Semifinals,Bublik A.,Zverev A.,Bublik A.,48,22,48,22
Halle Open,2023-06-24,ATP500,Grass,Semifinals,Bautista Agut R.,Rublev A.,Rublev A.,23,7,7,23
Halle Open,2023-06-25,ATP500,Grass,The Final,Bublik A.,Rublev A.,Bublik A.,48,7,48,7
Queen's Club Championships,2023-06-19,ATP500,Grass,1st Round,Norrie C.,Kecmanovic M.,Norrie C.,13,40,13,40
Queen's Club Championships,2023-06-19,ATP500,Grass,1st Round,Wolf J.J.,Shelton B.,Shelton B.,47,35,35,47
Queen's Club Championships,2023-06-19,ATP500,Grass,1st Round,Korda S.,Evans D.,Korda S.,32,25,32,25
Queen's Club Championships,2023-06-19,ATP500,Grass,1st Round,Paul T.,Cerundolo F.,Cerundolo F.,15,19,19,15
Queen's Club Championships,2023-06-20,ATP500,Grass,1st Round,Rune H.,Cressy M.,Rune H.,6,42,6,42
Queen's Club Championships,2023-06-20,ATP500,Grass,1st Round,Lehecka J.,Davidovich Fokina A.,Lehecka J.,36,33,36,33
Queen's Club Championships,2023-06-20,ATP500,Grass,1st Round,Van De Zandschulp B.,Tiafoe F.,Tiafoe F.,41,10,10,41
Queen's Club Championships,2023-06-20,ATP500,Grass,1st Round,Dimitrov G.,Ruusuvuori E.,Dimitrov G.,26,44,26,44
Queen's Club Championships,2023-06-20,ATP500,Grass,1st Round,Murray A.,De Minaur A.,De Minaur A.,38,18,18,38
Queen's Club Championships,2023-06-20,ATP500,Grass,1st Round,Fritz T.,Zapata Miralles B.,Fritz T.,8,50,8,50
Queen's Club Championships,2023-06-21,ATP500,Grass,2nd Round,Shelton B.,Musetti L.,Musetti L.,35,16,16,35
Queen's Club Championships,2023-06-21,ATP500,Grass,2nd Round,Korda S.,Tiafoe F.,Korda S.,32,10,32,10
Queen's Club Championships,2023-06-22,ATP500,Grass,2nd Round,Mannarino A.,Fritz T.,Mannarino A.,46,8,46,8
Queen's Club Championships,2023-06-22,ATP500,Grass,2nd Round,Lehecka J.,Alcaraz C.,Alcaraz C.,36,2,2,36
Queen's Club Championships,2023-06-22,ATP500,Grass,2nd Round,Dimitrov G.,Cerundolo F.,Dimitrov G.,26,19,26,19
Queen's Club Championships,2023-06-23,ATP500,Grass,Quarterfinals,Mannarino A.,De Minaur A.,De Minaur A.,46,18,18,46
Queen's Club Championships,2023-06-23,ATP500,Grass,Quarterfinals,Rune H.,Musetti L.,Rune H.,6,16,6,16
Queen's Club Championships,2023-06-23,ATP500,Grass,Quarterfinals,Norrie C.,Korda S.,Korda S.,13,32,32,13
Queen's Club Championships,2023-06-23,ATP500,Grass,Quarterfinals,Alcaraz C.,Dimitrov G.,Alcaraz C.,2,26,2,26
Queen's Club Championships,2023-06-24,ATP500,Grass,Semifinals,Rune H.,De Minaur A.,De Minaur A.,6,18,18,6
Queen's Club Championships,2023-06-24,ATP500,Grass,Semifinals,Alcaraz C.,Korda S.,Alcaraz C.,2,32,2,32
Queen's Club Championships,2023-06-25,ATP500,Grass,The Final,De Minaur A.,Alcaraz C.,Alcaraz C.,18,2,2,18
Eastbourne International,2023-06-26,ATP250,Grass,1st Round,Wolf J.J.,Etcheverry T.,Wolf J.J.,46,32,46,32
Eastbourne International,2023-06-28,ATP250,Grass,2nd Round,Baez S.,Paul T.,Paul T.,44,17,17,44
Eastbourne International,2023-06-29,ATP250,Grass,Quarterfinals,Paul T.,Wolf J.J.,Paul T.,17,46,17,46
Eastbourne International,2023-07-01,ATP250,Grass,The Final,Cerundolo F.,Paul T.,Cerundolo F.,19,17,19,17
Mallorca Championships,2023-06-28,ATP250,Grass,2nd Round,Tsitsipas S.,Hanfmann Y.,Hanfmann Y.,5,48,48,5
Mallorca Championships,2023-06-30,ATP250,Grass,Semifinals,Mannarino A.,Hanfmann Y.,Mannarino A.,43,48,43,48
Wimbledon,2023-07-05,Grand Slam,Grass,1st Round,Fritz T.,Hanfmann Y.,Fritz T.,9,45,9,45
Wimbledon,2023-07-06,Grand Slam,Grass,1st Round,Sonego L.,Berrettini M.,Berrettini M.,42,38,38,42
Wimbledon,2023-07-06,Grand Slam,Grass,2nd Round,Wolf J.J.,Bublik A.,Bublik A.,48,26,26,48
Wimbledon,2023-07-06,Grand Slam,Grass,2nd Round,Shapovalov D.,Barrere G.,Shapovalov D.,29,49,29,49
Wimbledon,2023-07-06,Grand Slam,Grass,2nd Round,Karatsev A.,Rublev A.,Rublev A.,50,7,7,50
Wimbledon,2023-07-06,Grand Slam,Grass,2nd Round,Cerundolo F.,Lehecka J.,Lehecka J.,19,37,37,19
Wimbledon,2023-07-07,Grand Slam,Grass,2nd Round,De Minaur A.,Berrettini M.,Berrettini M.,17,38,38,17
Wimbledon,2023-07-07,Grand Slam,Grass,2nd Round,Mannarino A.,Medvedev D.,Medvedev D.,35,3,3,35
Wimbledon,2023-07-07,Grand Slam,Grass,2nd Round,Davidovich Fokina A.,Van De Zandschulp B.,Davidovich Fokina A.,34,44,34,44
Wimbledon,2023-07-07,Grand Slam,Grass,2nd Round,Eubanks C.,Norrie C.,Eubanks C.,43,13,43,13
Wimbledon,2023-07-07,Grand Slam,Grass,2nd Round,Murray A.,Tsitsipas S.,Tsitsipas S.,40,5,5,40
Wimbledon,2023-07-07,Grand Slam,Grass,3rd Round,Hurkacz H.,Musetti L.,Hurkacz H.,18,16,18,16
Wimbledon,2023-07-08,Grand Slam,Grass,3rd Round,Lehecka J.,Paul T.,Lehecka J.,37,15,37,15
Wimbledon,2023-07-08,Grand Slam,Grass,3rd Round,Jarry N.,Alcaraz C.,Alcaraz C.,28,1,1,28
Wimbledon,2023-07-08,Grand Slam,Grass,3rd Round,Rune H.,Davidovich Fokina A.,Rune H.,6,34,6,34
Wimbledon,2023-07-08,Grand Slam,Grass,3rd Round,Berrettini M.,Zverev A.,Berrettini M.,38,21,38,21
Wimbledon,2023-07-09,Grand Slam,Grass,3rd Round,Tiafoe F.,Dimitrov G.,Dimitrov G.,10,24,24,10
Wimbledon,2023-07-09,Grand Slam,Grass,4th Round,Rublev A.,Bublik A.,Rublev A.,7,26,7,26
Wimbledon,2023-07-10,Grand Slam,Grass,4th Round,Tsitsipas S.,Eubanks C.,Eubanks C.,5,43,43,5
Wimbledon,2023-07-10,Grand Slam,Grass,4th Round,Djokovic N.,Hurkacz H.,Djokovic N.,2,18,2,18
Wimbledon,2023-07-10,Grand Slam,Grass,4th Round,Dimitrov G.,Rune H.,Rune H.,24,6,6,24
Wimbledon,2023-07-10,Grand Slam,Grass,4th Round,Alcaraz C.,Berrettini M.,Alcaraz C.,1,38,1,38
Wimbledon,2023-07-11,Grand Slam,Grass,Quarterfinals,Djokovic N.,Rublev A.,Djokovic N.,2,7,2,7
Wimbledon,2023-07-12,Grand Slam,Grass,Quarterfinals,Eubanks C.,Medvedev D.,Medvedev D.,43,3,3,43
Wimbledon,2023-07-12,Grand Slam,Grass,Quarterfinals,Alcaraz C.,Rune H.,Alcaraz C.,1,6,1,6
Wimbledon,2023-07-14,Grand Slam,Grass,Semifinals,Sinner J.,Djokovic N.,Djokovic N.,8,2,2,8
Wimbledon,2023-07-14,Grand Slam,Grass,Semifinals,Alcaraz C.,Medvedev D.,Alcaraz C.,1,3,1,3
Wimbledon,2023-07-16,Grand Slam,Grass,The Final,Djokovic N.,Alcaraz C.,Alcaraz C.,2,1,1,2
Nordea Open,2023-07-21,ATP250,Clay,Quarterfinals,Rublev A.,Zverev A.,Rublev A.,7,19,7,19
Nordea Open,2023-07-22,ATP250,Clay,Semifinals,Ruud C.,Musetti L.,Ruud C.,4,16,4,16
Nordea Open,2023-07-22,ATP250,Clay,Semifinals,Cerundolo F.,Rublev A.,Rublev A.,20,7,7,20
Nordea Open,2023-07-23,ATP250,Clay,The Final,Rublev A.,Ruud C.,Rublev A.,7,4,7,4
Hall of Fame Championships,2023-07-22,ATP250,Grass,Semifinals,Mannarino A.,Humbert U.,Mannarino A.,38,40,38,40
Atlanta Open,2023-07-29,ATP250,Hard,Quarterfinals,Humbert U.,De Minaur A.,Humbert U.,38,17,38,17
Atlanta Open,2023-07-29,ATP250,Hard,Semifinals,Wolf J.J.,Fritz T.,Fritz T.,46,9,9,46
European Open,2023-07-25,ATP250,Clay,1st Round,Davidovich Fokina A.,Cachin P.,Davidovich Fokina A.,39,49,39,49
Los Cabos Open,2023-08-04,ATP250,Hard,Quarterfinals,Paul T.,De Minaur A.,De Minaur A.,14,19,19,14
Los Cabos Open,2023-08-04,ATP250,Hard,Quarterfinals,Tsitsipas S.,Jarry N.,Tsitsipas S.,5,28,5,28
Los Cabos Open,2023-08-05,ATP250,Hard,Semifinals,Coric B.,Tsitsipas S.,Tsitsipas S.,15,5,5,15
Los Cabos Open,2023-08-06,ATP250,Hard,The Final,Tsitsipas S.,De Minaur A.,Tsitsipas S.,5,19,5,19
Citi Open,2023-08-04,ATP500,Hard,3rd Round,Murray A.,Fritz T.,Fritz T.,44,9,9,44
Citi Open,2023-08-04,ATP500,Hard,Quarterfinals,Griekspoor T.,Wolf J.J.,Griekspoor T.,37,45,37,45
Citi Open,2023-08-05,ATP500,Hard,Quarterfinals,Evans D.,Tiafoe F.,Evans D.,30,10,30,10
Citi Open,2023-08-06,ATP500,Hard,Semifinals,Fritz T.,Griekspoor T.,Griekspoor T.,9,37,37,9
Citi Open,2023-08-06,ATP500,Hard,Semifinals,Evans D.,Dimitrov G.,Evans D.,30,20,30,20
Citi Open,2023-08-06,ATP500,Hard,The Final,Griekspoor T.,Evans D.,Evans D.,37,30,30,37
Canadian Open,2023-08-07,Masters 1000,Hard,1st Round,Nishioka Y.,Musetti L.,Musetti L.,45,19,19,45
Canadian Open,2023-08-07,Masters 1000,Hard,1st Round,Wolf J.J.,Davidovich Fokina A.,Davidovich Fokina A.,43,37,37,43
Canadian Open,2023-08-07,Masters 1000,Hard,1st Round,Bublik A.,Hurkacz H.,Hurkacz H.,28,17,17,28
Canadian Open,2023-08-08,Masters 1000,Hard,1st Round,Korda S.,Etcheverry T.,Korda S.,32,31,32,31
Canadian Open,2023-08-08,Masters 1000,Hard,1st Round,Sonego L.,Murray A.,Murray A.,39,40,40,39
Canadian Open,2023-08-08,Masters 1000,Hard,1st Round,Humbert U.,Jarry N.,Humbert U.,34,27,34,27
Canadian Open,2023-08-08,Masters 1000,Hard,1st Round,Zverev A.,Griekspoor T.,Zverev A.,16,26,16,26
Canadian Open,2023-08-08,Masters 1000,Hard,1st Round,De Minaur A.,Norrie C.,De Minaur A.,18,13,18,13
Canadian Open,2023-08-09,Masters 1000,Hard,2nd Round,Ruud C.,Lehecka J.,Ruud C.,5,36,5,36
Canadian Open,2023-08-09,Masters 1000,Hard,2nd Round,Fritz T.,Humbert U.,Fritz T.,9,34,9,34
Canadian Open,2023-08-09,Masters 1000,Hard,2nd Round,Hurkacz H.,Kecmanovic M.,Hurkacz H.,17,44,17,44
Canadian Open,2023-08-09,Masters 1000,Hard,2nd Round,Zverev A.,Davidovich Fokina A.,Davidovich Fokina A.,16,37,37,16
Canadian Open,2023-08-09,Masters 1000,Hard,2nd Round,Berrettini M.,Sinner J.,Sinner J.,38,8,8,38
Canadian Open,2023-08-10,Masters 1000,Hard,2nd Round,Alcaraz C.,Shelton B.,Alcaraz C.,1,41,1,41
Canadian Open,2023-08-10,Masters 1000,Hard,2nd Round,Cerundolo F.,Paul T.,Paul T.,22,14,14,22
Canadian Open,2023-08-10,Masters 1000,Hard,3rd Round,Davidovich Fokina A.,Ruud C.,Davidovich Fokina A.,37,5,37,5
Canadian Open,2023-08-10,Masters 1000,Hard,3rd Round,Medvedev D.,Musetti L.,Medvedev D.,3,19,3,19
Canadian Open,2023-08-10,Masters 1000,Hard,3rd Round,Fritz T.,De Minaur A.,De Minaur A.,9,18,18,9
Canadian Open,2023-08-11,Masters 1000,Hard,3rd Round,Hurkacz H.,Alcaraz C.,Alcaraz C.,17,1,1,17
Canadian Open,2023-08-11,Masters 1000,Hard,Quarterfinals,De Minaur A.,Medvedev D.,De Minaur A.,18,3,18,3
Canadian Open,2023-08-12,Masters 1000,Hard,Quarterfinals,Alcaraz C.,Paul T.,Paul T.,1,14,14,1
Canadian Open,2023-08-12,Masters 1000,Hard,Semifinals,Davidovich Fokina A.,De Minaur A.,De Minaur A.,37,18,18,37
Canadian Open,2023-08-13,Masters 1000,Hard,Semifinals,Sinner J.,Paul T.,Sinner J.,8,14,8,14
Canadian Open,2023-08-13,Masters 1000,Hard,The Final,De Minaur A.,Sinner J.,Sinner J.,18,8,8,18
Western & Southern Financial Group Masters,2023-08-13,Masters 1000,Hard,1st Round,Shelton B.,Eubanks C.,Shelton B.,40,29,40,29
Western & Southern Financial Group Masters,2023-08-14,Masters 1000,Hard,1st Round,Griekspoor T.,Tiafoe F.,Tiafoe F.,25,10,10,25
Western & Southern Financial Group Masters,2023-08-14,Masters 1000,Hard,1st Round,Auger-Aliassime F.,Berrettini M.,Auger-Aliassime F.,14,38,14,38
Western & Southern Financial Group Masters,2023-08-15,Masters 1000,Hard,1st Round,Fils A.,Humbert U.,Humbert U.,46,33,33,46
Western & Southern Financial Group Masters,2023-08-15,Masters 1000,Hard,1st Round,Paul T.,Kecmanovic M.,Paul T.,13,41,13,41
Western & Southern Financial Group Masters,2023-08-15,Masters 1000,Hard,1st Round,Lehecka J.,Fritz T.,Fritz T.,35,9,9,35
Western & Southern Financial Group Masters,2023-08-15,Masters 1000,Hard,1st Round,Korda S.,Coric B.,Coric B.,30,16,16,30
Western & Southern Financial Group Masters,2023-08-15,Masters 1000,Hard,1st Round,Dimitrov G.,Zverev A.,Zverev A.,19,17,17,19
Western & Southern Financial Group Masters,2023-08-15,Masters 1000,Hard,1st Round,Davidovich Fokina A.,Etcheverry T.,Davidovich Fokina A.,23,31,23,31
Western & Southern Financial Group Masters,2023-08-15,Masters 1000,Hard,1st Round,Evans D.,Musetti L.,Musetti L.,28,18,18,28
Western & Southern Financial Group Masters,2023-08-16,Masters 1000,Hard,1st Round,De Minaur A.,Wolf J.J.,De Minaur A.,12,44,12,44
Western & Southern Financial Group Masters,2023-08-16,Masters 1000,Hard,1st Round,Hanfmann Y.,Mcdonald M.,Mcdonald M.,50,43,43,50
Western & Southern Financial Group Masters,2023-08-16,Masters 1000,Hard,2nd Round,Auger-Aliassime F.,Mannarino A.,Mannarino A.,14,32,32,14
Western & Southern Financial Group Masters,2023-08-16,Masters 1000,Hard,2nd Round,Humbert U.,Paul T.,Paul T.,33,13,13,33
Western & Southern Financial Group Masters,2023-08-16,Masters 1000,Hard,2nd Round,Zverev A.,Nishioka Y.,Zverev A.,17,45,17,45
Western & Southern Financial Group Masters,2023-08-16,Masters 1000,Hard,2nd Round,Musetti L.,Medvedev D.,Medvedev D.,18,3,3,18
Western & Southern Financial Group Masters,2023-08-16,Masters 1000,Hard,2nd Round,Sonego L.,Fritz T.,Fritz T.,39,9,9,39
Western & Southern Financial Group Masters,2023-08-16,Masters 1000,Hard,2nd Round,Coric B.,Hurkacz H.,Hurkacz H.,16,20,20,16
Western & Southern Financial Group Masters,2023-08-16,Masters 1000,Hard,2nd Round,Tsitsipas S.,Shelton B.,Tsitsipas S.,4,40,4,40
Western & Southern Financial Group Masters,2023-08-17,Masters 1000,Hard,3rd Round,Zverev A.,Medvedev D.,Zverev A.,17,3,17,3
Western & Southern Financial Group Masters,2023-08-17,Masters 1000,Hard,3rd Round,Tsitsipas S.,Hurkacz H.,Hurkacz H.,4,20,20,4
Western & Southern Financial Group Masters,2023-08-17,Masters 1000,Hard,3rd Round,Alcaraz C.,Paul T.,Alcaraz C.,1,13,1,13
Western & Southern Financial Group Masters,2023-08-19,Masters 1000,Hard,Quarterfinals,Mannarino A.,Zverev A.,Zverev A.,32,17,17,32
Western & Southern Financial Group Masters,2023-08-19,Masters 1000,Hard,Quarterfinals,Djokovic N.,Fritz T.,Djokovic N.,2,9,2,9
Western & Southern Financial Group Masters,2023-08-19,Masters 1000,Hard,Semifinals,Hurkacz H.,Alcaraz C.,Alcaraz C.,20,1,1,20
Western & Southern Financial Group Masters,2023-08-20,Masters 1000,Hard,Semifinals,Djokovic N.,Zverev A.,Djokovic N.,2,17,2,17
Western & Southern Financial Group Masters,2023-08-20,Masters 1000,Hard,The Final,Alcaraz C.,Djokovic N.,Djokovic N.,1,2,2,1
Winston-Salem Open at Wake Forest University,2023-08-23,ATP250,Hard,3rd Round,Purcell M.,Griekspoor T.,Purcell M.,47,25,47,25
Winston-Salem Open at Wake Forest University,2023-08-24,ATP250,Hard,Quarterfinals,Lehecka J.,Purcell M.,Lehecka J.,35,47,35,47
Winston-Salem Open at Wake Forest University,2023-08-25,ATP250,Hard,Quarterfinals,Baez S.,Djere L.,Baez S.,42,34,42,34
Winston-Salem Open at Wake Forest University,2023-08-25,ATP250,Hard,Semifinals,Coric B.,Baez S.,Baez S.,29,42,42,29
Winston-Salem Open at Wake Forest University,2023-08-26,ATP250,Hard,The Final,Baez S.,Lehecka J.,Baez S.,42,35,42,35
US Open,2023-08-28,Grand Slam,Hard,1st Round,Auger-Aliassime F.,Mcdonald M.,Mcdonald M.,15,40,40,15
US Open,2023-08-29,Grand Slam,Hard,1st Round,Humbert U.,Berrettini M.,Berrettini M.,33,36,36,33
US Open,2023-08-29,Grand Slam,Hard,1st Round,Fils A.,Griekspoor T.,Fils A.,48,24,48,24
US Open,2023-08-29,Grand Slam,Hard,1st Round,Vukic A.,Zverev A.,Zverev A.,50,12,12,50
US Open,2023-08-29,Grand Slam,Hard,1st Round,Coric B.,Baez S.,Baez S.,23,32,32,23
US Open,2023-08-29,Grand Slam,Hard,1st Round,Nishioka Y.,Wawrinka S.,Wawrinka S.,44,49,49,44
US Open,2023-08-31,Grand Slam,Hard,2nd Round,Sinner J.,Sonego L.,Sinner J.,6,39,6,39
US Open,2023-08-31,Grand Slam,Hard,2nd Round,Dimitrov G.,Murray A.,Dimitrov G.,19,37,19,37
US Open,2023-08-31,Grand Slam,Hard,2nd Round,Etcheverry T.,Wawrinka S.,Wawrinka S.,34,49,49,34
US Open,2023-09-01,Grand Slam,Hard,3rd Round,Paul T.,Davidovich Fokina A.,Paul T.,14,21,14,21
US Open,2023-09-01,Grand Slam,Hard,3rd Round,Tiafoe F.,Mannarino A.,Tiafoe F.,10,35,10,35
US Open,2023-09-02,Grand Slam,Hard,3rd Round,Djere L.,Djokovic N.,Djokovic N.,38,2,2,38
US Open,2023-09-02,Grand Slam,Hard,3rd Round,Evans D.,Alcaraz C.,Alcaraz C.,28,1,1,28
US Open,2023-09-02,Grand Slam,Hard,3rd Round,Sinner J.,Wawrinka S.,Sinner J.,6,49,6,49
US Open,2023-09-02,Grand Slam,Hard,3rd Round,Jarry N.,De Minaur A.,De Minaur A.,25,13,13,25
US Open,2023-09-03,Grand Slam,Hard,3rd Round,Zverev A.,Dimitrov G.,Zverev A.,12,19,12,19
US Open,2023-09-03,Grand Slam,Hard,3rd Round,Baez S.,Medvedev D.,Medvedev D.,32,3,3,32
US Open,2023-09-03,Grand Slam,Hard,4th Round,Shelton B.,Paul T.,Shelton B.,47,14,47,14
US Open,2023-09-04,Grand Slam,Hard,4th Round,Medvedev D.,De Minaur A.,Medvedev D.,3,13,3,13
US Open,2023-09-05,Grand Slam,Hard,4th Round,Sinner J.,Zverev A.,Zverev A.,6,12,12,6
US Open,2023-09-05,Grand Slam,Hard,Quarterfinals,Djokovic N.,Fritz T.,Djokovic N.,2,9,2,9
US Open,2023-09-06,Grand Slam,Hard,Quarterfinals,Tiafoe F.,Shelton B.,Shelton B.,10,47,47,10
US Open,2023-09-06,Grand Slam,Hard,Quarterfinals,Medvedev D.,Rublev A.,Medvedev D.,3,8,3,8
US Open,2023-09-07,Grand Slam,Hard,Quarterfinals,Zverev A.,Alcaraz C.,Alcaraz C.,12,1,1,12
US Open,2023-09-08,Grand Slam,Hard,Semifinals,Djokovic N.,Shelton B.,Djokovic N.,2,47,2,47
US Open,2023-09-09,Grand Slam,Hard,Semifinals,Alcaraz C.,Medvedev D.,Medvedev D.,1,3,3,1
US Open,2023-09-10,Grand Slam,Hard,The Final,Djokovic N.,Medvedev D.,Djokovic N.,2,3,2,3
Chengdu Open,2023-09-24,ATP250,Hard,Quarterfinals,Zverev A.,Kecmanovic M.,Zverev A.,10,47,10,47
Chengdu Open,2023-09-25,ATP250,Hard,Semifinals,Dimitrov G.,Zverev A.,Zverev A.,20,10,10,20
Zhuhai Championships,2023-09-24,ATP250,Hard,Quarterfinals,Khachanov K.,Mcdonald M.,Khachanov K.,15,39,15,39
Zhuhai Championships,2023-09-24,ATP250,Hard,Quarterfinals,Etcheverry T.,Korda S.,Korda S.,35,33,33,35
Zhuhai Championships,2023-09-24,ATP250,Hard,Quarterfinals,Struff J.L.,Nishioka Y.,Nishioka Y.,23,46,46,23
Zhuhai Championships,2023-09-25,ATP250,Hard,Semifinals,Khachanov K.,Korda S.,Khachanov K.,15,33,15,33
Zhuhai Championships,2023-09-26,ATP250,Hard,The Final,Khachanov K.,Nishioka Y.,Khachanov K.,15,46,15,46
China Open,2023-09-28,ATP500,Hard,1st Round,Murray A.,De Minaur A.,De Minaur A.,40,12,12,40
China Open,2023-09-29,ATP500,Hard,1st Round,Dimitrov G.,Mcdonald M.,Dimitrov G.,19,39,19,39
China Open,2023-09-29,ATP500,Hard,1st Round,Evans D.,Sinner J.,Sinner J.,33,7,7,33
China Open,2023-09-29,ATP500,Hard,1st Round,Medvedev D.,Paul T.,Medvedev D.,3,13,3,13
China Open,2023-09-29,ATP500,Hard,1st Round,Auger-Aliassime F.,Rune H.,Rune H.,15,4,4,15
China Open,2023-09-29,ATP500,Hard,1st Round,Rublev A.,Norrie C.,Rublev A.,6,16,6,16
China Open,2023-09-29,ATP500,Hard,1st Round,Tsitsipas S.,Jarry N.,Jarry N.,5,23,23,5
China Open,2023-09-29,ATP500,Hard,1st Round,Khachanov K.,Musetti L.,Musetti L.,14,18,18,14
China Open,2023-09-29,ATP500,Hard,1st Round,Ruud C.,Struff J.L.,Ruud C.,9,22,9,22
China Open,2023-09-30,ATP500,Hard,2nd Round,Arnaldi M.,Jarry N.,Jarry N.,48,23,23,48
China Open,2023-09-30,ATP500,Hard,2nd Round,Medvedev D.,De Minaur A.,Medvedev D.,3,12,3,12
China Open,2023-09-30,ATP500,Hard,2nd Round,Rublev A.,Humbert U.,Humbert U.,6,36,36,6
China Open,2023-09-30,ATP500,Hard,2nd Round,Zverev A.,Davidovich Fokina A.,Zverev A.,10,25,10,25
China Open,2023-10-01,ATP500,Hard,2nd Round,Etcheverry T.,Ruud C.,Ruud C.,31,9,9,31
China Open,2023-10-01,ATP500,Hard,2nd Round,Alcaraz C.,Musetti L.,Alcaraz C.,2,18,2,18
China Open,2023-10-01,ATP500,Hard,2nd Round,Nishioka Y.,Sinner J.,Sinner J.,38,7,7,38
China Open,2023-10-01,ATP500,Hard,2nd Round,Dimitrov G.,Rune H.,Dimitrov G.,19,4,19,4
China Open,2023-10-02,ATP500,Hard,Quarterfinals,Humbert U.,Medvedev D.,Medvedev D.,36,3,3,36
China Open,2023-10-02,ATP500,Hard,Quarterfinals,Zverev A.,Jarry N.,Zverev A.,10,23,10,23
China Open,2023-10-02,ATP500,Hard,Quarterfinals,Ruud C.,Alcaraz C.,Alcaraz C.,9,2,2,9
China Open,2023-10-02,ATP500,Hard,Quarterfinals,Sinner J.,Dimitrov G.,Sinner J.,7,19,7,19
China Open,2023-10-03,ATP500,Hard,Semifinals,Zverev A.,Medvedev D.,Medvedev D.,10,3,3,10
China Open,2023-10-03,ATP500,Hard,Semifinals,Sinner J.,Alcaraz C.,Sinner J.,7,2,7,2
China Open,2023-10-04,ATP500,Hard,The Final,Medvedev D.,Sinner J.,Sinner J.,3,7,7,3
Astana Open,2023-09-29,ATP250,Hard,1st Round,Popyrin A.,Korda S.,Korda S.,45,28,28,45
Astana Open,2023-10-01,ATP250,Hard,Quarterfinals,Korda S.,Griekspoor T.,Korda S.,28,24,28,24
Astana Open,2023-10-03,ATP250,Hard,The Final,Korda S.,Mannarino A.,Mannarino A.,28,34,34,28
Shanghai Masters,2023-10-04,Masters 1000,Hard,1st Round,Altmaier D.,Nishioka Y.,Nishioka Y.,47,48,48,47
Shanghai Masters,2023-10-04,Masters 1000,Hard,1st Round,Safiullin R.,Murray A.,Safiullin R.,50,39,50,39
Shanghai Masters,2023-10-05,Masters 1000,Hard,1st Round,Arnaldi M.,Popyrin A.,Arnaldi M.,42,43,42,43
Shanghai Masters,2023-10-06,Masters 1000,Hard,2nd Round,Ruud C.,Nishioka Y.,Ruud C.,9,48,9,48
Shanghai Masters,2023-10-06,Masters 1000,Hard,2nd Round,Cerundolo F.,Mcdonald M.,Cerundolo F.,21,38,21,38
Shanghai Masters,2023-10-06,Masters 1000,Hard,2nd Round,Zverev A.,Safiullin R.,Safiullin R.,10,50,50,10
Shanghai Masters,2023-10-07,Masters 1000,Hard,2nd Round,Ofner S.,Paul T.,Paul T.,49,12,12,49
Shanghai Masters,2023-10-07,Masters 1000,Hard,2nd Round,Arnaldi M.,Struff J.L.,Arnaldi M.,42,27,42,27
Shanghai Masters,2023-10-08,Masters 1000,Hard,2nd Round,Davidovich Fokina A.,Fils A.,Fils A.,25,44,44,25
Shanghai Masters,2023-10-08,Masters 1000,Hard,3rd Round,Eubanks C.,Ruud C.,Ruud C.,32,9,9,32
Shanghai Masters,2023-10-08,Masters 1000,Hard,3rd Round,Korda S.,Medvedev D.,Korda S.,26,3,26,3
Shanghai Masters,2023-10-08,Masters 1000,Hard,3rd Round,Shelton B.,Safiullin R.,Shelton B.,20,50,20,50
Shanghai Masters,2023-10-08,Masters 1000,Hard,3rd Round,Baez S.,Sinner J.,Sinner J.,29,4,4,29
Shanghai Masters,2023-10-09,Masters 1000,Hard,3rd Round,Khachanov K.,Dimitrov G.,Dimitrov G.,14,19,19,14
Shanghai Masters,2023-10-09,Masters 1000,Hard,3rd Round,Paul T.,Fils A.,Paul T.,12,44,12,44
Shanghai Masters,2023-10-09,Masters 1000,Hard,3rd Round,Rublev A.,Mannarino A.,Rublev A.,7,23,7,23
Shanghai Masters,2023-10-09,Masters 1000,Hard,3rd Round,Alcaraz C.,Evans D.,Alcaraz C.,2,33,2,33
Shanghai Masters,2023-10-09,Masters 1000,Hard,3rd Round,Humbert U.,Tsitsipas S.,Humbert U.,34,6,34,6
Shanghai Masters,2023-10-10,Masters 1000,Hard,4th Round,Korda S.,Cerundolo F.,Korda S.,26,21,26,21
Shanghai Masters,2023-10-10,Masters 1000,Hard,4th Round,Sinner J.,Shelton B.,Shelton B.,4,20,20,4
Shanghai Masters,2023-10-11,Masters 1000,Hard,4th Round,Alcaraz C.,Dimitrov G.,Dimitrov G.,2,19,19,2
Shanghai Masters,2023-10-11,Masters 1000,Hard,4th Round,Rublev A.,Paul T.,Rublev A.,7,12,7,12
Shanghai Masters,2023-10-12,Masters 1000,Hard,Quarterfinals,Korda S.,Shelton B.,Korda S.,26,20,26,20
Shanghai Masters,2023-10-13,Masters 1000,Hard,Quarterfinals,Jarry N.,Dimitrov G.,Dimitrov G.,22,19,19,22
Shanghai Masters,2023-10-13,Masters 1000,Hard,Quarterfinals,Rublev A.,Humbert U.,Rublev A.,7,34,7,34
Shanghai Masters,2023-10-14,Masters 1000,Hard,Semifinals,Korda S.,Hurkacz H.,Hurkacz H.,26,17,17,26
Shanghai Masters,2023-10-14,Masters 1000,Hard,Semifinals,Rublev A.,Dimitrov G.,Rublev A.,7,19,7,19
Shanghai Masters,2023-10-15,Masters 1000,Hard,The Final,Rublev A.,Hurkacz H.,Hurkacz H.,7,17,17,7
European Open,2023-10-21,ATP250,Hard,Semifinals,Tsitsipas S.,Fils A.,Fils A.,7,38,38,7
European Open,2023-10-22,ATP250,Hard,The Final,Bublik A.,Fils A.,Bublik A.,36,38,36,38
Nordic Open,2023-10-19,ATP250,Hard,2nd Round,Safiullin R.,Mannarino A.,Mannarino A.,42,24,24,42
Japan Open Tennis Championships,2023-10-16,ATP500,Hard,1st Round,Mcdonald M.,Purcell M.,Mcdonald M.,37,40,37,40
Japan Open Tennis Championships,2023-10-16,ATP500,Hard,1st Round,Paul T.,Altmaier D.,Paul T.,12,48,12,48
Japan Open Tennis Championships,2023-10-17,ATP500,Hard,1st Round,Khachanov K.,Popyrin A.,Popyrin A.,15,41,41,15
Japan Open Tennis Championships,2023-10-17,ATP500,Hard,1st Round,Fritz T.,Norrie C.,Fritz T.,10,18,10,18
Japan Open Tennis Championships,2023-10-17,ATP500,Hard,1st Round,Tiafoe F.,Karatsev A.,Karatsev A.,14,50,50,14
Japan Open Tennis Championships,2023-10-18,ATP500,Hard,2nd Round,Ofner S.,Auger-Aliassime F.,Auger-Aliassime F.,47,17,17,47
Japan Open Tennis Championships,2023-10-18,ATP500,Hard,2nd Round,Paul T.,Mcdonald M.,Paul T.,12,37,12,37
Japan Open Tennis Championships,2023-10-20,ATP500,Hard,Quarterfinals,Paul T.,Shelton B.,Shelton B.,12,19,19,12
Japan Open Tennis Championships,2023-10-20,ATP500,Hard,Quarterfinals,De Minaur A.,Karatsev A.,Karatsev A.,13,50,50,13
Japan Open Tennis Championships,2023-10-22,ATP500,Hard,The Final,Karatsev A.,Shelton B.,Shelton B.,50,19,19,50
Swiss Indoors,2023-10-23,ATP500,Hard,1st Round,Eubanks C.,Struff J.L.,Struff J.L.,34,27,27,34
Swiss Indoors,2023-10-23,ATP500,Hard,1st Round,Etcheverry T.,Korda S.,Etcheverry T.,32,23,32,23
Swiss Indoors,2023-10-24,ATP500,Hard,1st Round,Jarry N.,Mannarino A.,Jarry N.,20,24,20,24
Swiss Indoors,2023-10-25,ATP500,Hard,1st Round,Purcell M.,Fritz T.,Fritz T.,41,9,9,41
Swiss Indoors,2023-10-25,ATP500,Hard,1st Round,Ruud C.,Bublik A.,Ruud C.,8,30,8,30
Swiss Indoors,2023-10-25,ATP500,Hard,2nd Round,Hurkacz H.,Struff J.L.,Hurkacz H.,11,27,11,27
Swiss Indoors,2023-10-25,ATP500,Hard,2nd Round,Murray A.,Etcheverry T.,Etcheverry T.,40,32,32,40
Swiss Indoors,2023-10-26,ATP500,Hard,2nd Round,Griekspoor T.,De Minaur A.,Griekspoor T.,25,13,25,13
Swiss Indoors,2023-10-26,ATP500,Hard,2nd Round,Humbert U.,Jarry N.,Humbert U.,28,20,28,20
Swiss Indoors,2023-10-26,ATP500,Hard,2nd Round,Rune H.,Baez S.,Rune H.,6,29,6,29
Swiss Indoors,2023-10-27,ATP500,Hard,Quarterfinals,Hurkacz H.,Griekspoor T.,Hurkacz H.,11,25,11,25
Swiss Indoors,2023-10-27,ATP500,Hard,Quarterfinals,Rune H.,Etcheverry T.,Rune H.,6,32,6,32
Swiss Indoors,2023-10-28,ATP500,Hard,Semifinals,Hurkacz H.,Humbert U.,Hurkacz H.,11,28,11,28
Swiss Indoors,2023-10-28,ATP500,Hard,Semifinals,Rune H.,Auger-Aliassime F.,Auger-Aliassime F.,6,19,19,6
Swiss Indoors,2023-10-29,ATP500,Hard,The Final,Auger-Aliassime F.,Hurkacz H.,Auger-Aliassime F.,19,11,19,11
Vienna Open,2023-10-23,ATP500,Hard,1st Round,Safiullin R.,Khachanov K.,Khachanov K.,43,16,16,43
Vienna Open,2023-10-23,ATP500,Hard,1st Round,Zverev A.,Ofner S.,Zverev A.,10,44,10,44
Vienna Open,2023-10-24,ATP500,Hard,1st Round,Popyrin A.,Rublev A.,Rublev A.,39,5,5,39
Vienna Open,2023-10-24,ATP500,Hard,1st Round,Musetti L.,Dimitrov G.,Dimitrov G.,22,17,17,22
Vienna Open,2023-10-25,ATP500,Hard,1st Round,Medvedev D.,Fils A.,Medvedev D.,3,38,3,38
Vienna Open,2023-10-25,ATP500,Hard,1st Round,Shelton B.,Sinner J.,Sinner J.,15,4,4,15
Vienna Open,2023-10-25,ATP500,Hard,2nd Round,Khachanov K.,Lehecka J.,Khachanov K.,16,31,16,31
Vienna Open,2023-10-25,ATP500,Hard,2nd Round,Norrie C.,Zverev A.,Zverev A.,18,10,10,18
Vienna Open,2023-10-26,ATP500,Hard,2nd Round,Rublev A.,Arnaldi M.,Rublev A.,5,46,5,46
Vienna Open,2023-10-26,ATP500,Hard,2nd Round,Medvedev D.,Dimitrov G.,Medvedev D.,3,17,3,17
Vienna Open,2023-10-27,ATP500,Hard,Quarterfinals,Medvedev D.,Khachanov K.,Medvedev D.,3,16,3,16
Vienna Open,2023-10-27,ATP500,Hard,Quarterfinals,Rublev A.,Zverev A.,Rublev A.,5,10,5,10
Vienna Open,2023-10-27,ATP500,Hard,Quarterfinals,Tiafoe F.,Sinner J.,Sinner J.,14,4,4,14
Vienna Open,2023-10-28,ATP500,Hard,Semifinals,Medvedev D.,Tsitsipas S.,Medvedev D.,3,7,3,7
Vienna Open,2023-10-28,ATP500,Hard,Semifinals,Rublev A.,Sinner J.,Sinner J.,5,4,4,5
Vienna Open,2023-10-29,ATP500,Hard,The Final,Sinner J.,Medvedev D.,Sinner J.,4,3,4,3
BNP Paribas Masters,2023-10-30,Masters 1000,Hard,1st Round,Popyrin A.,Jarry N.,Jarry N.,39,20,20,39
BNP Paribas Masters,2023-10-30,Masters 1000,Hard,1st Round,Shelton B.,Davidovich Fokina A.,Davidovich Fokina A.,16,28,28,16
BNP Paribas Masters,2023-10-30,Masters 1000,Hard,1st Round,Griekspoor T.,Eubanks C.,Griekspoor T.,23,32,23,32
BNP Paribas Masters,2023-10-30,Masters 1000,Hard,1st Round,Tiafoe F.,Bublik A.,Bublik A.,14,33,33,14
BNP Paribas Masters,2023-10-30,Masters 1000,Hard,1st Round,De Minaur A.,Murray A.,De Minaur A.,13,40,13,40
BNP Paribas Masters,2023-10-30,Masters 1000,Hard,1st Round,Khachanov K.,Purcell M.,Khachanov K.,15,43,15,43
BNP Paribas Masters,2023-10-30,Masters 1000,Hard,1st Round,Fritz T.,Baez S.,Fritz T.,10,29,10,29
BNP Paribas Masters,2023-10-30,Masters 1000,Hard,1st Round,Musetti L.,Dimitrov G.,Dimitrov G.,22,17,17,22
BNP Paribas Masters,2023-10-31,Masters 1000,Hard,1st Round,Korda S.,Hurkacz H.,Hurkacz H.,24,11,11,24
BNP Paribas Masters,2023-10-31,Masters 1000,Hard,1st Round,Auger-Aliassime F.,Struff J.L.,Auger-Aliassime F.,19,27,19,27
BNP Paribas Masters,2023-10-31,Masters 1000,Hard,2nd Round,Davidovich Fokina A.,Griekspoor T.,Griekspoor T.,28,23,23,28
BNP Paribas Masters,2023-10-31,Masters 1000,Hard,2nd Round,Khachanov K.,Djere L.,Khachanov K.,15,34,15,34
BNP Paribas Masters,2023-10-31,Masters 1000,Hard,2nd Round,Jarry N.,Bublik A.,Bublik A.,20,33,33,20
BNP Paribas Masters,2023-10-31,Masters 1000,Hard,2nd Round,Safiullin R.,Alcaraz C.,Safiullin R.,45,2,45,2
BNP Paribas Masters,2023-10-31,Masters 1000,Hard,2nd Round,Nishioka Y.,Rublev A.,Rublev A.,49,5,5,49
BNP Paribas Masters,2023-11-01,Masters 1000,Hard,2nd Round,Medvedev D.,Dimitrov G.,Dimitrov G.,3,17,17,3
BNP Paribas Masters,2023-11-01,Masters 1000,Hard,2nd Round,Auger-Aliassime F.,Tsitsipas S.,Tsitsipas S.,19,6,6,19
BNP Paribas Masters,2023-11-01,Masters 1000,Hard,2nd Round,De Minaur A.,Lajovic D.,De Minaur A.,13,48,13,48
BNP Paribas Masters,2023-11-01,Masters 1000,Hard,2nd Round,Etcheverry T.,Djokovic N.,Djokovic N.,31,1,1,31
BNP Paribas Masters,2023-11-01,Masters 1000,Hard,2nd Round,Cerundolo F.,Ruud C.,Cerundolo F.,21,8,21,8
BNP Paribas Masters,2023-11-01,Masters 1000,Hard,2nd Round,Humbert U.,Zverev A.,Zverev A.,26,9,9,26
BNP Paribas Masters,2023-11-01,Masters 1000,Hard,2nd Round,Mcdonald M.,Sinner J.,Sinner J.,42,4,4,42
BNP Paribas Masters,2023-11-02,Masters 1000,Hard,3rd Round,Dimitrov G.,Bublik A.,Dimitrov G.,17,33,17,33
BNP Paribas Masters,2023-11-02,Masters 1000,Hard,3rd Round,Khachanov K.,Safiullin R.,Khachanov K.,15,45,15,45
BNP Paribas Masters,2023-11-02,Masters 1000,Hard,3rd Round,Zverev A.,Tsitsipas S.,Tsitsipas S.,9,6,6,9
BNP Paribas Masters,2023-11-02,Masters 1000,Hard,3rd Round,Hurkacz H.,Cerundolo F.,Hurkacz H.,11,21,11,21
BNP Paribas Masters,2023-11-02,Masters 1000,Hard,3rd Round,Griekspoor T.,Djokovic N.,Djokovic N.,23,1,1,23
BNP Paribas Masters,2023-11-03,Masters 1000,Hard,Quarterfinals,Hurkacz H.,Dimitrov G.,Dimitrov G.,11,17,17,11
BNP Paribas Masters,2023-11-03,Masters 1000,Hard,Quarterfinals,Tsitsipas S.,Khachanov K.,Tsitsipas S.,6,15,6,15
BNP Paribas Masters,2023-11-03,Masters 1000,Hard,Quarterfinals,Rune H.,Djokovic N.,Djokovic N.,7,1,1,7
BNP Paribas Masters,2023-11-03,Masters 1000,Hard,Quarterfinals,Rublev A.,De Minaur A.,Rublev A.,5,13,5,13
BNP Paribas Masters,2023-11-04,Masters 1000,Hard,Semifinals,Tsitsipas S.,Dimitrov G.,Dimitrov G.,6,17,17,6
BNP Paribas Masters,2023-11-04,Masters 1000,Hard,Semifinals,Djokovic N.,Rublev A.,Djokovic N.,1,5,1,5
BNP Paribas Masters,2023-11-05,Masters 1000,Hard,The Final,Dimitrov G.,Djokovic N.,Djokovic N.,17,1,1,17
Sofia Open,2023-11-09,ATP250,Hard,Quarterfinals,Ofner S.,Mannarino A.,Mannarino A.,44,25,25,44
Masters Cup,2023-11-12,Masters Cup,Hard,Round Robin,Sinner J.,Tsitsipas S.,Sinner J.,4,6,4,6
Masters Cup,2023-11-12,Masters Cup,Hard,Round Robin,Rune H.,Djokovic N.,Djokovic N.,10,1,1,10
Masters Cup,2023-11-13,Masters Cup,Hard,Round Robin,Zverev A.,Alcaraz C.,Zverev A.,8,2,8,2
Masters Cup,2023-11-13,Masters Cup,Hard,Round Robin,Rublev A.,Medvedev D.,Medvedev D.,5,3,3,5
Masters Cup,2023-11-14,Masters Cup,Hard,Round Robin,Sinner J.,Djokovic N.,Sinner J.,4,1,4,1
Masters Cup,2023-11-15,Masters Cup,Hard,Round Robin,Rublev A.,Alcaraz C.,Alcaraz C.,5,2,2,5
Masters Cup,2023-11-15,Masters Cup,Hard,Round Robin,Medvedev D.,Zverev A.,Medvedev D.,3,8,3,8
Masters Cup,2023-11-16,Masters Cup,Hard,Round Robin,Hurkacz H.,Djokovic N.,Djokovic N.,11,1,1,11
Masters Cup,2023-11-16,Masters Cup,Hard,Round Robin,Sinner J.,Rune H.,Sinner J.,4,10,4,10
Masters Cup,2023-11-17,Masters Cup,Hard,Round Robin,Medvedev D.,Alcaraz C.,Alcaraz C.,3,2,2,3
Masters Cup,2023-11-17,Masters Cup,Hard,Round Robin,Zverev A.,Rublev A.,Zverev A.,8,5,8,5
Masters Cup,2023-11-18,Masters Cup,Hard,Semifinals,Medvedev D.,Sinner J.,Sinner J.,3,4,4,3
Masters Cup,2023-11-18,Masters Cup,Hard,Semifinals,Djokovic N.,Alcaraz C.,Djokovic N.,1,2,1,2
Masters Cup,2023-11-19,Masters Cup,Hard,The Final,Sinner J.,Djokovic N.,Djokovic N.,4,1,1,4
Brisbane International,2024-01-01,ATP250,Hard,1st Round,Safiullin R.,Shelton B.,Safiullin R.,39,17,39,17
Brisbane International,2024-01-01,ATP250,Hard,1st Round,Purcell M.,Rune H.,Rune H.,45,8,8,45
Brisbane International,2024-01-01,ATP250,Hard,1st Round,Dimitrov G.,Murray A.,Dimitrov G.,14,42,14,42
Brisbane International,2024-01-03,ATP250,Hard,2nd Round,Popyrin A.,Safiullin R.,Safiullin R.,40,39,39,40
Brisbane International,2024-01-03,ATP250,Hard,2nd Round,Rune H.,Shevchenko A.,Rune H.,8,48,8,48
Brisbane International,2024-01-05,ATP250,Hard,Quarterfinals,Safiullin R.,Arnaldi M.,Safiullin R.,39,44,39,44
Brisbane International,2024-01-06,ATP250,Hard,Semifinals,Rune H.,Safiullin R.,Rune H.,8,39,8,39
Brisbane International,2024-01-07,ATP250,Hard,The Final,Dimitrov G.,Rune H.,Dimitrov G.,14,8,14,8
Hong Kong Tennis Open,2024-01-02,ATP250,Hard,1st Round,Mcdonald M.,Ofner S.,Ofner S.,41,43,43,41
Hong Kong Tennis Open,2024-01-04,ATP250,Hard,2nd Round,Struff J.L.,Ofner S.,Ofner S.,25,43,43,25
Hong Kong Tennis Open,2024-01-05,ATP250,Hard,Quarterfinals,Rublev A.,Fils A.,Rublev A.,5,36,5,36
Adelaide International,2024-01-08,ATP250,Hard,1st Round,Etcheverry T.,Shevchenko A.,Shevchenko A.,30,48,48,30
Adelaide International,2024-01-09,ATP250,Hard,1st Round,Sonego L.,Hanfmann Y.,Sonego L.,46,49,46,49
Adelaide International,2024-01-10,ATP250,Hard,2nd Round,Arnaldi M.,Jarry N.,Jarry N.,41,18,18,41
Adelaide International,2024-01-10,ATP250,Hard,2nd Round,Sonego L.,Korda S.,Korda S.,46,29,29,46
Adelaide International,2024-01-10,ATP250,Hard,2nd Round,Bublik A.,Evans D.,Bublik A.,31,40,31,40
Adelaide International,2024-01-10,ATP250,Hard,2nd Round,Thompson J.,Musetti L.,Musetti L.,47,25,25,47
Adelaide International,2024-01-11,ATP250,Hard,Quarterfinals,Jarry N.,Lehecka J.,Lehecka J.,18,32,32,18
Adelaide International,2024-01-11,ATP250,Hard,Quarterfinals,Bublik A.,Musetti L.,Bublik A.,31,25,31,25
Adelaide International,2024-01-12,ATP250,Hard,Semifinals,Lehecka J.,Korda S.,Lehecka J.,32,29,32,29
Australian Open,2024-01-14,Grand Slam,Hard,1st Round,Coric B.,Tiafoe F.,Tiafoe F.,40,17,17,40
Australian Open,2024-01-15,Grand Slam,Hard,1st Round,Khachanov K.,Altmaier D.,Khachanov K.,15,50,15,50
Australian Open,2024-01-15,Grand Slam,Hard,1st Round,Murray A.,Etcheverry T.,Etcheverry T.,44,32,32,44
Australian Open,2024-01-16,Grand Slam,Hard,1st Round,Safiullin R.,Griekspoor T.,Griekspoor T.,36,31,31,36
Australian Open,2024-01-16,Grand Slam,Hard,1st Round,Evans D.,Sonego L.,Sonego L.,38,46,46,38
Australian Open,2024-01-17,Grand Slam,Hard,2nd Round,Arnaldi M.,De Minaur A.,De Minaur A.,41,10,10,41
Australian Open,2024-01-17,Grand Slam,Hard,2nd Round,Tsitsipas S.,Thompson J.,Tsitsipas S.,7,47,7,47
Australian Open,2024-01-17,Grand Slam,Hard,2nd Round,Rublev A.,Eubanks C.,Rublev A.,5,35,5,35
Australian Open,2024-01-17,Grand Slam,Hard,2nd Round,Popyrin A.,Djokovic N.,Djokovic N.,43,1,1,43
Australian Open,2024-01-18,Grand Slam,Hard,2nd Round,Purcell M.,Ruud C.,Ruud C.,45,11,11,45
Australian Open,2024-01-18,Grand Slam,Hard,2nd Round,Alcaraz C.,Sonego L.,Alcaraz C.,2,46,2,46
Australian Open,2024-01-18,Grand Slam,Hard,2nd Round,Fils A.,Griekspoor T.,Griekspoor T.,34,31,31,34
Australian Open,2024-01-19,Grand Slam,Hard,3rd Round,Baez S.,Sinner J.,Sinner J.,29,4,4,29
Australian Open,2024-01-19,Grand Slam,Hard,3rd Round,Mannarino A.,Shelton B.,Mannarino A.,19,16,19,16
Australian Open,2024-01-19,Grand Slam,Hard,3rd Round,Etcheverry T.,Djokovic N.,Djokovic N.,32,1,1,32
Australian Open,2024-01-19,Grand Slam,Hard,3rd Round,Korda S.,Rublev A.,Rublev A.,26,5,5,26
Australian Open,2024-01-20,Grand Slam,Hard,3rd Round,Humbert U.,Hurkacz H.,Hurkacz H.,20,9,9,20
Australian Open,2024-01-20,Grand Slam,Hard,3rd Round,Ruud C.,Norrie C.,Norrie C.,11,22,22,11
Australian Open,2024-01-20,Grand Slam,Hard,3rd Round,Auger-Aliassime F.,Medvedev D.,Medvedev D.,30,3,3,30
Australian Open,2024-01-21,Grand Slam,Hard,4th Round,Mannarino A.,Djokovic N.,Djokovic N.,19,1,1,19
Australian Open,2024-01-21,Grand Slam,Hard,4th Round,Fritz T.,Tsitsipas S.,Fritz T.,12,7,12,7
Australian Open,2024-01-21,Grand Slam,Hard,4th Round,Khachanov K.,Sinner J.,Sinner J.,15,4,4,15
Australian Open,2024-01-21,Grand Slam,Hard,4th Round,Rublev A.,De Minaur A.,Rublev A.,5,10,5,10
Australian Open,2024-01-22,Grand Slam,Hard,4th Round,Norrie C.,Zverev A.,Zverev A.,22,6,6,22
Australian Open,2024-01-23,Grand Slam,Hard,Quarterfinals,Fritz T.,Djokovic N.,Djokovic N.,12,1,1,12
Australian Open,2024-01-23,Grand Slam,Hard,Quarterfinals,Sinner J.,Rublev A.,Sinner J.,4,5,4,5
Australian Open,2024-01-24,Grand Slam,Hard,Quarterfinals,Hurkacz H.,Medvedev D.,Medvedev D.,9,3,3,9
Australian Open,2024-01-24,Grand Slam,Hard,Quarterfinals,Zverev A.,Alcaraz C.,Zverev A.,6,2,6,2
Australian Open,2024-01-26,Grand Slam,Hard,Semifinals,Djokovic N.,Sinner J.,Sinner J.,1,4,4,1
Australian Open,2024-01-26,Grand Slam,Hard,Semifinals,Medvedev D.,Zverev A.,Medvedev D.,3,6,3,6
Australian Open,2024-01-28,Grand Slam,Hard,The Final,Medvedev D.,Sinner J.,Sinner J.,3,4,4,3
Open Sud de France,2024-02-03,ATP250,Hard,Semifinals,Bublik A.,Auger-Aliassime F.,Bublik A.,27,30,27,30
Open Sud de France,2024-02-04,ATP250,Hard,The Final,Coric B.,Bublik A.,Bublik A.,37,27,27,37
Dallas Open,2024-02-09,ATP250,Hard,Quarterfinals,Thompson J.,Shelton B.,Shelton B.,44,16,16,44
Dallas Open,2024-02-10,ATP250,Hard,Semifinals,Shelton B.,Paul T.,Paul T.,16,15,15,16
Open 13,2024-02-08,ATP250,Hard,2nd Round,Zhang Zh.,Auger-Aliassime F.,Zhang Zh.,50,28,50,28
Open 13,2024-02-08,ATP250,Hard,2nd Round,Korda S.,Dimitrov G.,Dimitrov G.,34,13,13,34
Open 13,2024-02-09,ATP250,Hard,Quarterfinals,Humbert U.,Davidovich Fokina A.,Humbert U.,21,24,21,24
Open 13,2024-02-09,ATP250,Hard,Quarterfinals,Khachanov K.,Zhang Zh.,Khachanov K.,18,50,18,50
Open 13,2024-02-10,ATP250,Hard,Semifinals,Humbert U.,Hurkacz H.,Humbert U.,21,8,21,8
Open 13,2024-02-10,ATP250,Hard,Semifinals,Khachanov K.,Dimitrov G.,Dimitrov G.,18,13,13,18
Open 13,2024-02-11,ATP250,Hard,The Final,Humbert U.,Dimitrov G.,Humbert U.,21,13,21,13
Argentina Open,2024-02-17,ATP250,Clay,Semifinals,Alcaraz C.,Jarry N.,Jarry N.,2,21,21,2
Delray Beach Open,2024-02-13,ATP250,Hard,1st Round,Thompson J.,Evans D.,Thompson J.,42,44,42,44
Delray Beach Open,2024-02-15,ATP250,Hard,2nd Round,Fritz T.,Borges N.,Fritz T.,9,46,9,46
Delray Beach Open,2024-02-16,ATP250,Hard,Quarterfinals,Thompson J.,Paul T.,Paul T.,42,14,14,42
Delray Beach Open,2024-02-17,ATP250,Hard,Semifinals,Tiafoe F.,Paul T.,Paul T.,15,14,14,15
Delray Beach Open,2024-02-19,ATP250,Hard,The Final,Paul T.,Fritz T.,Fritz T.,14,9,9,14
ABN AMRO World Tennis Tournament,2024-02-12,ATP500,Hard,1st Round,Griekspoor T.,Musetti L.,Griekspoor T.,29,26,29,26
ABN AMRO World Tennis Tournament,2024-02-13,ATP500,Hard,1st Round,Bublik A.,Coric B.,Bublik A.,23,31,23,31
ABN AMRO World Tennis Tournament,2024-02-13,ATP500,Hard,1st Round,Korda S.,De Minaur A.,De Minaur A.,33,11,11,33
ABN AMRO World Tennis Tournament,2024-02-13,ATP500,Hard,1st Round,Struff J.L.,Davidovich Fokina A.,Struff J.L.,25,24,25,24
ABN AMRO World Tennis Tournament,2024-02-13,ATP500,Hard,1st Round,Hurkacz H.,Lehecka J.,Hurkacz H.,8,32,8,32
ABN AMRO World Tennis Tournament,2024-02-14,ATP500,Hard,1st Round,Sonego L.,Dimitrov G.,Dimitrov G.,48,13,13,48
ABN AMRO World Tennis Tournament,2024-02-14,ATP500,Hard,1st Round,Rune H.,Safiullin R.,Rune H.,7,39,7,39
ABN AMRO World Tennis Tournament,2024-02-14,ATP500,Hard,2nd Round,Rublev A.,Auger-Aliassime F.,Rublev A.,5,28,5,28
ABN AMRO World Tennis Tournament,2024-02-15,ATP500,Hard,2nd Round,Hurkacz H.,Griekspoor T.,Griekspoor T.,8,29,29,8
ABN AMRO World Tennis Tournament,2024-02-16,ATP500,Hard,Quarterfinals,Rublev A.,De Minaur A.,De Minaur A.,5,11,11,5
ABN AMRO World Tennis Tournament,2024-02-17,ATP500,Hard,Semifinals,Dimitrov G.,De Minaur A.,De Minaur A.,13,11,11,13
ABN AMRO World Tennis Tournament,2024-02-17,ATP500,Hard,Semifinals,Sinner J.,Griekspoor T.,Sinner J.,4,29,4,29
ABN AMRO World Tennis Tournament,2024-02-18,ATP500,Hard,The Final,De Minaur A.,Sinner J.,Sinner J.,11,4,4,11
Qatar Exxon Mobil Open,2024-02-19,ATP250,Hard,1st Round,Musetti L.,Zhang Zh.,Zhang Zh.,26,48,48,26
Qatar Exxon Mobil Open,2024-02-22,ATP250,Hard,Quarterfinals,Popyrin A.,Bublik A.,Popyrin A.,46,21,46,21
Qatar Exxon Mobil Open,2024-02-23,ATP250,Hard,Semifinals,Popyrin A.,Khachanov K.,Khachanov K.,46,17,17,46
Los Cabos Open,2024-02-19,ATP250,Hard,1st Round,Evans D.,Safiullin R.,Evans D.,42,38,42,38
Los Cabos Open,2024-02-22,ATP250,Hard,2nd Round,Giron M.,Ruud C.,Ruud C.,44,12,12,44
Los Cabos Open,2024-02-22,ATP250,Hard,Quarterfinals,Ruud C.,Borges N.,Ruud C.,12,47,12,47
Los Cabos Open,2024-02-24,ATP250,Hard,Semifinals,Ruud C.,Tsitsipas S.,Ruud C.,12,11,12,11
Los Cabos Open,2024-02-24,ATP250,Hard,Semifinals,Zverev A.,Thompson J.,Thompson J.,6,40,40,6
Los Cabos Open,2024-02-25,ATP250,Hard,The Final,Thompson J.,Ruud C.,Thompson J.,40,12,40,12
Rio Open,2024-02-24,ATP500,Clay,Semifinals,Baez S.,Cerundolo F.,Baez S.,30,22,30,22
Abierto Mexicano,2024-02-27,ATP500,Hard,1st Round,Evans D.,Shelton B.,Shelton B.,41,17,17,41
Abierto Mexicano,2024-02-27,ATP500,Hard,1st Round,Paul T.,Draper J.,Draper J.,14,50,50,14
Abierto Mexicano,2024-02-27,ATP500,Hard,1st Round,Fritz T.,Arnaldi M.,Arnaldi M.,10,42,42,10
Abierto Mexicano,2024-02-28,ATP500,Hard,1st Round,Safiullin R.,Tsitsipas S.,Tsitsipas S.,39,12,12,39
Abierto Mexicano,2024-02-28,ATP500,Hard,1st Round,Eubanks C.,Ruud C.,Ruud C.,34,11,11,34
Abierto Mexicano,2024-02-29,ATP500,Hard,2nd Round,Ofner S.,De Minaur A.,De Minaur A.,37,9,9,37
Abierto Mexicano,2024-02-29,ATP500,Hard,2nd Round,Shelton B.,Arnaldi M.,Shelton B.,17,42,17,42
Abierto Mexicano,2024-03-01,ATP500,Hard,Quarterfinals,De Minaur A.,Tsitsipas S.,De Minaur A.,9,12,9,12
Abierto Mexicano,2024-03-01,ATP500,Hard,Quarterfinals,Ruud C.,Shelton B.,Ruud C.,11,17,11,17
Abierto Mexicano,2024-03-02,ATP500,Hard,Semifinals,Rune H.,Ruud C.,Ruud C.,7,11,11,7
Abierto Mexicano,2024-03-03,ATP500,Hard,The Final,De Minaur A.,Ruud C.,De Minaur A.,9,11,9,11
Dubai Tennis Championships,2024-02-26,ATP500,Hard,1st Round,Zhang Zh.,Rublev A.,Rublev A.,46,5,5,46
Dubai Tennis Championships,2024-02-26,ATP500,Hard,1st Round,Hurkacz H.,Struff J.L.,Hurkacz H.,8,25,8,25
Dubai Tennis Championships,2024-02-27,ATP500,Hard,1st Round,Medvedev D.,Shevchenko A.,Medvedev D.,4,47,4,47
Dubai Tennis Championships,2024-02-28,ATP500,Hard,2nd Round,Bublik A.,Griekspoor T.,Bublik A.,23,28,23,28
Dubai Tennis Championships,2024-02-28,ATP500,Hard,2nd Round,Khachanov K.,Lehecka J.,Lehecka J.,15,36,36,15
Dubai Tennis Championships,2024-02-28,ATP500,Hard,2nd Round,Medvedev D.,Sonego L.,Medvedev D.,4,48,4,48
Dubai Tennis Championships,2024-02-29,ATP500,Hard,Quarterfinals,Davidovich Fokina A.,Medvedev D.,Medvedev D.,24,4,4,24
Dubai Tennis Championships,2024-02-29,ATP500,Hard,Quarterfinals,Humbert U.,Hurkacz H.,Humbert U.,18,8,18,8
Dubai Tennis Championships,2024-03-01,ATP500,Hard,Semifinals,Medvedev D.,Humbert U.,Humbert U.,4,18,18,4
Dubai Tennis Championships,2024-03-02,ATP500,Hard,The Final,Humbert U.,Bublik A.,Humbert U.,18,23,18,23
BNP Paribas Open,2024-03-07,Masters 1000,Hard,1st Round,Evans D.,Safiullin R.,Safiullin R.,45,42,42,45
BNP Paribas Open,2024-03-07,Masters 1000,Hard,1st Round,Coric B.,Ofner S.,Coric B.,35,38,35,38
BNP Paribas Open,2024-03-09,Masters 1000,Hard,2nd Round,Alcaraz C.,Arnaldi M.,Alcaraz C.,2,40,2,40
BNP Paribas Open,2024-03-09,Masters 1000,Hard,2nd Round,Struff J.L.,Coric B.,Struff J.L.,25,35,25,35
BNP Paribas Open,2024-03-09,Masters 1000,Hard,2nd Round,Davidovich Fokina A.,Fils A.,Fils A.,23,43,43,23
BNP Paribas Open,2024-03-09,Masters 1000,Hard,2nd Round,Tabilo A.,Fritz T.,Fritz T.,39,12,12,39
BNP Paribas Open,2024-03-10,Masters 1000,Hard,2nd Round,Safiullin R.,Korda S.,Korda S.,42,29,29,42
BNP Paribas Open,2024-03-10,Masters 1000,Hard,3rd Round,Tiafoe F.,Tsitsipas S.,Tsitsipas S.,18,11,11,18
BNP Paribas Open,2024-03-10,Masters 1000,Hard,3rd Round,De Minaur A.,Bublik A.,De Minaur A.,10,20,10,20
BNP Paribas Open,2024-03-10,Masters 1000,Hard,3rd Round,Auger-Aliassime F.,Alcaraz C.,Alcaraz C.,31,2,2,31
BNP Paribas Open,2024-03-10,Masters 1000,Hard,3rd Round,Sinner J.,Struff J.L.,Sinner J.,3,25,3,25
BNP Paribas Open,2024-03-10,Masters 1000,Hard,3rd Round,Rublev A.,Lehecka J.,Lehecka J.,5,32,32,5
BNP Paribas Open,2024-03-11,Masters 1000,Hard,3rd Round,Zverev A.,Griekspoor T.,Zverev A.,6,27,6,27
BNP Paribas Open,2024-03-11,Masters 1000,Hard,3rd Round,Cerundolo F.,Shelton B.,Shelton B.,22,16,16,22
BNP Paribas Open,2024-03-11,Masters 1000,Hard,3rd Round,Rune H.,Musetti L.,Rune H.,7,26,7,26
BNP Paribas Open,2024-03-11,Masters 1000,Hard,3rd Round,Paul T.,Humbert U.,Paul T.,17,14,17,14
BNP Paribas Open,2024-03-11,Masters 1000,Hard,3rd Round,Fils A.,Ruud C.,Ruud C.,43,9,9,43
BNP Paribas Open,2024-03-11,Masters 1000,Hard,3rd Round,Fritz T.,Baez S.,Fritz T.,12,19,12,19
BNP Paribas Open,2024-03-11,Masters 1000,Hard,3rd Round,Mannarino A.,Dimitrov G.,Dimitrov G.,21,13,13,21
BNP Paribas Open,2024-03-12,Masters 1000,Hard,3rd Round,Korda S.,Medvedev D.,Medvedev D.,29,4,4,29
BNP Paribas Open,2024-03-12,Masters 1000,Hard,4th Round,Lehecka J.,Tsitsipas S.,Lehecka J.,32,11,32,11
BNP Paribas Open,2024-03-12,Masters 1000,Hard,4th Round,Zverev A.,De Minaur A.,Zverev A.,6,10,6,10
BNP Paribas Open,2024-03-13,Masters 1000,Hard,4th Round,Shelton B.,Sinner J.,Sinner J.,16,3,3,16
BNP Paribas Open,2024-03-13,Masters 1000,Hard,4th Round,Medvedev D.,Dimitrov G.,Medvedev D.,4,13,4,13
BNP Paribas Open,2024-03-14,Masters 1000,Hard,4th Round,Fritz T.,Rune H.,Rune H.,12,7,7,12
BNP Paribas Open,2024-03-14,Masters 1000,Hard,Quarterfinals,Sinner J.,Lehecka J.,Sinner J.,3,32,3,32
BNP Paribas Open,2024-03-14,Masters 1000,Hard,Quarterfinals,Ruud C.,Paul T.,Paul T.,9,17,17,9
BNP Paribas Open,2024-03-14,Masters 1000,Hard,Quarterfinals,Alcaraz C.,Zverev A.,Alcaraz C.,2,6,2,6
BNP Paribas Open,2024-03-15,Masters 1000,Hard,Quarterfinals,Rune H.,Medvedev D.,Medvedev D.,7,4,4,7
BNP Paribas Open,2024-03-16,Masters 1000,Hard,Semifinals,Alcaraz C.,Sinner J.,Alcaraz C.,2,3,2,3
BNP Paribas Open,2024-03-17,Masters 1000,Hard,Semifinals,Paul T.,Medvedev D.,Medvedev D.,17,4,4,17
BNP Paribas Open,2024-03-17,Masters 1000,Hard,The Final,Alcaraz C.,Medvedev D.,Alcaraz C.,2,4,2,4
Miami Open,2024-03-20,Masters 1000,Hard,1st Round,Arnaldi M.,Fils A.,Arnaldi M.,38,37,38,37
Miami Open,2024-03-23,Masters 1000,Hard,2nd Round,Jarry N.,Draper J.,Jarry N.,23,42,23,42
Miami Open,2024-03-23,Masters 1000,Hard,2nd Round,Koepfer D.,Baez S.,Koepfer D.,50,19,50,19
Miami Open,2024-03-23,Masters 1000,Hard,2nd Round,Bublik A.,Arnaldi M.,Arnaldi M.,18,38,38,18
Miami Open,2024-03-23,Masters 1000,Hard,2nd Round,Zverev A.,Auger-Aliassime F.,Zverev A.,5,36,5,36
Miami Open,2024-03-23,Masters 1000,Hard,2nd Round,Evans D.,Eubanks C.,Eubanks C.,43,32,32,43
Miami Open,2024-03-24,Masters 1000,Hard,2nd Round,Ofner S.,Cerundolo F.,Cerundolo F.,40,21,21,40
Miami Open,2024-03-24,Masters 1000,Hard,2nd Round,Khachanov K.,Djere L.,Khachanov K.,16,35,16,35
Miami Open,2024-03-24,Masters 1000,Hard,2nd Round,Thompson J.,Monfils G.,Monfils G.,34,47,47,34
Miami Open,2024-03-24,Masters 1000,Hard,2nd Round,Safiullin R.,Musetti L.,Musetti L.,39,24,24,39
Miami Open,2024-03-24,Masters 1000,Hard,2nd Round,Popyrin A.,Lehecka J.,Popyrin A.,45,27,45,27
Miami Open,2024-03-24,Masters 1000,Hard,2nd Round,Tabilo A.,Dimitrov G.,Dimitrov G.,44,12,12,44
Miami Open,2024-03-24,Masters 1000,Hard,3rd Round,Sinner J.,Griekspoor T.,Sinner J.,3,26,3,26
Miami Open,2024-03-24,Masters 1000,Hard,3rd Round,Davidovich Fokina A.,Ruud C.,Ruud C.,28,8,8,28
Miami Open,2024-03-25,Masters 1000,Hard,3rd Round,Koepfer D.,Humbert U.,Koepfer D.,50,15,50,15
Miami Open,2024-03-25,Masters 1000,Hard,3rd Round,Norrie C.,Medvedev D.,Medvedev D.,31,4,4,31
Miami Open,2024-03-25,Masters 1000,Hard,3rd Round,Cerundolo F.,Khachanov K.,Khachanov K.,21,16,16,21
Miami Open,2024-03-25,Masters 1000,Hard,3rd Round,Zverev A.,Eubanks C.,Zverev A.,5,32,5,32
Miami Open,2024-03-25,Masters 1000,Hard,3rd Round,Struff J.L.,De Minaur A.,De Minaur A.,25,10,10,25
Miami Open,2024-03-25,Masters 1000,Hard,3rd Round,Hurkacz H.,Korda S.,Hurkacz H.,9,29,9,29
Miami Open,2024-03-25,Masters 1000,Hard,3rd Round,Monfils G.,Alcaraz C.,Alcaraz C.,47,2,2,47
Miami Open,2024-03-25,Masters 1000,Hard,3rd Round,Shelton B.,Musetti L.,Musetti L.,17,24,24,17
Miami Open,2024-03-26,Masters 1000,Hard,4th Round,Koepfer D.,Medvedev D.,Medvedev D.,50,4,4,50
Miami Open,2024-03-26,Masters 1000,Hard,4th Round,Jarry N.,Ruud C.,Jarry N.,23,8,23,8
Miami Open,2024-03-26,Masters 1000,Hard,4th Round,Dimitrov G.,Hurkacz H.,Dimitrov G.,12,9,12,9
Miami Open,2024-03-26,Masters 1000,Hard,4th Round,Musetti L.,Alcaraz C.,Alcaraz C.,24,2,2,24
Miami Open,2024-03-27,Masters 1000,Hard,4th Round,Khachanov K.,Zverev A.,Zverev A.,16,5,5,16
Miami Open,2024-03-28,Masters 1000,Hard,Quarterfinals,Jarry N.,Medvedev D.,Medvedev D.,23,4,4,23
Miami Open,2024-03-28,Masters 1000,Hard,Quarterfinals,Alcaraz C.,Dimitrov G.,Dimitrov G.,2,12,12,2
Miami Open,2024-03-29,Masters 1000,Hard,Semifinals,Sinner J.,Medvedev D.,Sinner J.,3,4,3,4
Miami Open,2024-03-29,Masters 1000,Hard,Semifinals,Zverev A.,Dimitrov G.,Dimitrov G.,5,12,12,5
Miami Open,2024-03-31,Masters 1000,Hard,The Final,Sinner J.,Dimitrov G.,Sinner J.,3,12,3,12
U.S. Men's Clay Court Championships,2024-04-06,ATP250,Clay,Quarterfinals,Tiafoe F.,Thompson J.,Tiafoe F.,21,33,21,33
U.S. Men's Clay Court Championships,2024-04-06,ATP250,Clay,Semifinals,Etcheverry T.,Shelton B.,Shelton B.,30,16,16,30
U.S. Men's Clay Court Championships,2024-04-07,ATP250,Clay,The Final,Tiafoe F.,Shelton B.,Shelton B.,21,16,16,21
Monte Carlo Masters,2024-04-07,Masters 1000,Clay,1st Round,Struff J.L.,Baez S.,Struff J.L.,25,19,25,19
Monte Carlo Masters,2024-04-07,Masters 1000,Clay,1st Round,Coric B.,Bublik A.,Coric B.,33,18,33,18
Monte Carlo Masters,2024-04-07,Masters 1000,Clay,1st Round,Fritz T.,Musetti L.,Musetti L.,13,24,24,13
Monte Carlo Masters,2024-04-08,Masters 1000,Clay,1st Round,Ofner S.,Evans D.,Ofner S.,44,50,44,50
Monte Carlo Masters,2024-04-08,Masters 1000,Clay,1st Round,Khachanov K.,Norrie C.,Khachanov K.,17,30,17,30
Monte Carlo Masters,2024-04-09,Masters 1000,Clay,1st Round,Giron M.,Zhang Zh.,Zhang Zh.,48,49,49,48
Monte Carlo Masters,2024-04-09,Masters 1000,Clay,1st Round,Korda S.,Davidovich Fokina A.,Korda S.,27,29,27,29
Monte Carlo Masters,2024-04-09,Masters 1000,Clay,1st Round,Draper J.,Hurkacz H.,Hurkacz H.,39,8,8,39
Monte Carlo Masters,2024-04-09,Masters 1000,Clay,1st Round,Jarry N.,Etcheverry T.,Etcheverry T.,21,31,31,21
Monte Carlo Masters,2024-04-09,Masters 1000,Clay,2nd Round,Safiullin R.,Djokovic N.,Djokovic N.,41,1,1,41
Monte Carlo Masters,2024-04-09,Masters 1000,Clay,2nd Round,Zverev A.,Ofner S.,Zverev A.,5,44,5,44
Monte Carlo Masters,2024-04-09,Masters 1000,Clay,2nd Round,Coric B.,Struff J.L.,Struff J.L.,33,25,25,33
Monte Carlo Masters,2024-04-09,Masters 1000,Clay,2nd Round,Musetti L.,Fils A.,Musetti L.,24,36,24,36
Monte Carlo Masters,2024-04-10,Masters 1000,Clay,2nd Round,Rublev A.,Popyrin A.,Popyrin A.,6,46,46,6
Monte Carlo Masters,2024-04-10,Masters 1000,Clay,2nd Round,Griekspoor T.,De Minaur A.,De Minaur A.,26,11,11,26
Monte Carlo Masters,2024-04-10,Masters 1000,Clay,2nd Round,Khachanov K.,Cerundolo F.,Khachanov K.,17,22,17,22
Monte Carlo Masters,2024-04-10,Masters 1000,Clay,2nd Round,Korda S.,Sinner J.,Sinner J.,27,2,2,27
Monte Carlo Masters,2024-04-10,Masters 1000,Clay,2nd Round,Humbert U.,Zhang Zh.,Humbert U.,15,49,15,49
Monte Carlo Masters,2024-04-10,Masters 1000,Clay,2nd Round,Etcheverry T.,Tsitsipas S.,Tsitsipas S.,31,12,12,31
Monte Carlo Masters,2024-04-10,Masters 1000,Clay,2nd Round,Monfils G.,Medvedev D.,Medvedev D.,40,4,4,40
Monte Carlo Masters,2024-04-10,Masters 1000,Clay,2nd Round,Ruud C.,Tabilo A.,Ruud C.,10,45,10,45
Monte Carlo Masters,2024-04-11,Masters 1000,Clay,3rd Round,Popyrin A.,De Minaur A.,De Minaur A.,46,11,11,46
Monte Carlo Masters,2024-04-11,Masters 1000,Clay,3rd Round,Khachanov K.,Medvedev D.,Khachanov K.,17,4,17,4
Monte Carlo Masters,2024-04-11,Masters 1000,Clay,3rd Round,Zverev A.,Tsitsipas S.,Tsitsipas S.,5,12,12,5
Monte Carlo Masters,2024-04-11,Masters 1000,Clay,3rd Round,Djokovic N.,Musetti L.,Djokovic N.,1,24,1,24
Monte Carlo Masters,2024-04-11,Masters 1000,Clay,3rd Round,Dimitrov G.,Rune H.,Rune H.,9,7,7,9
Monte Carlo Masters,2024-04-11,Masters 1000,Clay,3rd Round,Sinner J.,Struff J.L.,Sinner J.,2,25,2,25
Monte Carlo Masters,2024-04-11,Masters 1000,Clay,3rd Round,Hurkacz H.,Ruud C.,Ruud C.,8,10,10,8
Monte Carlo Masters,2024-04-12,Masters 1000,Clay,Quarterfinals,Khachanov K.,Tsitsipas S.,Tsitsipas S.,17,12,12,17
Monte Carlo Masters,2024-04-12,Masters 1000,Clay,Quarterfinals,Sinner J.,Rune H.,Sinner J.,2,7,2,7
Monte Carlo Masters,2024-04-12,Masters 1000,Clay,Quarterfinals,De Minaur A.,Djokovic N.,Djokovic N.,11,1,1,11
Monte Carlo Masters,2024-04-12,Masters 1000,Clay,Quarterfinals,Ruud C.,Humbert U.,Ruud C.,10,15,10,15
Monte Carlo Masters,2024-04-13,Masters 1000,Clay,Semifinals,Sinner J.,Tsitsipas S.,Tsitsipas S.,2,12,12,2
Monte Carlo Masters,2024-04-13,Masters 1000,Clay,Semifinals,Ruud C.,Djokovic N.,Ruud C.,10,1,10,1
Monte Carlo Masters,2024-04-14,Masters 1000,Clay,The Final,Ruud C.,Tsitsipas S.,Tsitsipas S.,10,12,12,10
Barcelona Open,2024-04-16,ATP500,Clay,2nd Round,Baez S.,Arnaldi M.,Arnaldi M.,19,40,40,19
Barcelona Open,2024-04-17,ATP500,Clay,2nd Round,Tsitsipas S.,Ofner S.,Tsitsipas S.,7,43,7,43
Barcelona Open,2024-04-18,ATP500,Clay,3rd Round,Ruud C.,Thompson J.,Ruud C.,6,33,6,33
Barcelona Open,2024-04-18,ATP500,Clay,3rd Round,De Minaur A.,Fils A.,Fils A.,11,36,36,11
Barcelona Open,2024-04-19,ATP500,Clay,Quarterfinals,Etcheverry T.,Norrie C.,Etcheverry T.,30,31,30,31
Barcelona Open,2024-04-19,ATP500,Clay,Quarterfinals,Arnaldi M.,Ruud C.,Ruud C.,40,6,6,40
Barcelona Open,2024-04-20,ATP500,Clay,Semifinals,Ruud C.,Etcheverry T.,Ruud C.,6,30,6,30
Barcelona Open,2024-04-21,ATP500,Clay,The Final,Ruud C.,Tsitsipas S.,Ruud C.,6,7,6,7
BMW Open,2024-04-19,ATP250,Clay,Quarterfinals,Fritz T.,Draper J.,Fritz T.,15,46,15,46
BMW Open,2024-04-20,ATP250,Clay,Quarterfinals,Auger-Aliassime F.,Struff J.L.,Struff J.L.,34,28,28,34
BMW Open,2024-04-20,ATP250,Clay,Semifinals,Rune H.,Struff J.L.,Struff J.L.,12,28,28,12
BMW Open,2024-04-21,ATP250,Clay,The Final,Struff J.L.,Fritz T.,Struff J.L.,28,15,28,15
Mutua Madrid Open,2024-04-24,Masters 1000,Clay,1st Round,Navone M.,Popyrin A.,Navone M.,41,46,41,46
Mutua Madrid Open,2024-04-24,Masters 1000,Clay,1st Round,Karatsev A.,Marozsan F.,Marozsan F.,48,37,37,48
Mutua Madrid Open,2024-04-26,Masters 1000,Clay,2nd Round,Marozsan F.,Cerundolo F.,Cerundolo F.,37,22,22,37
Mutua Madrid Open,2024-04-26,Masters 1000,Clay,2nd Round,Draper J.,Hurkacz H.,Hurkacz H.,43,9,9,43
Mutua Madrid Open,2024-04-26,Masters 1000,Clay,2nd Round,Navone M.,Rune H.,Rune H.,41,12,12,41
Mutua Madrid Open,2024-04-26,Masters 1000,Clay,2nd Round,Zverev A.,Coric B.,Zverev A.,5,34,5,34
Mutua Madrid Open,2024-04-27,Masters 1000,Clay,2nd Round,Medvedev D.,Arnaldi M.,Medvedev D.,4,36,4,36
Mutua Madrid Open,2024-04-27,Masters 1000,Clay,2nd Round,Auger-Aliassime F.,Mannarino A.,Auger-Aliassime F.,35,20,35,20
Mutua Madrid Open,2024-04-27,Masters 1000,Clay,2nd Round,Shelton B.,Machac T.,Shelton B.,15,50,15,50
Mutua Madrid Open,2024-04-28,Masters 1000,Clay,3rd Round,Humbert U.,Struff J.L.,Struff J.L.,14,24,24,14
Mutua Madrid Open,2024-04-28,Masters 1000,Clay,3rd Round,Griekspoor T.,Rune H.,Griekspoor T.,25,12,25,12
Mutua Madrid Open,2024-04-28,Masters 1000,Clay,3rd Round,Davidovich Fokina A.,Rublev A.,Rublev A.,28,8,8,28
Mutua Madrid Open,2024-04-28,Masters 1000,Clay,3rd Round,Fritz T.,Baez S.,Fritz T.,13,19,13,19
Mutua Madrid Open,2024-04-28,Masters 1000,Clay,3rd Round,Paul T.,Cerundolo F.,Cerundolo F.,16,22,22,16
Mutua Madrid Open,2024-04-29,Masters 1000,Clay,3rd Round,Shelton B.,Bublik A.,Bublik A.,15,18,18,15
Mutua Madrid Open,2024-04-29,Masters 1000,Clay,3rd Round,Korda S.,Medvedev D.,Medvedev D.,26,4,4,26
Mutua Madrid Open,2024-04-29,Masters 1000,Clay,3rd Round,Norrie C.,Ruud C.,Ruud C.,30,6,6,30
Mutua Madrid Open,2024-04-30,Masters 1000,Clay,4th Round,Medvedev D.,Bublik A.,Medvedev D.,4,18,4,18
Mutua Madrid Open,2024-04-30,Masters 1000,Clay,4th Round,Griekspoor T.,Rublev A.,Rublev A.,25,8,8,25
Mutua Madrid Open,2024-04-30,Masters 1000,Clay,4th Round,Fritz T.,Hurkacz H.,Fritz T.,13,9,13,9
Mutua Madrid Open,2024-04-30,Masters 1000,Clay,4th Round,Zverev A.,Cerundolo F.,Cerundolo F.,5,22,22,5
Mutua Madrid Open,2024-04-30,Masters 1000,Clay,4th Round,Alcaraz C.,Struff J.L.,Alcaraz C.,3,24,3,24
Mutua Madrid Open,2024-04-30,Masters 1000,Clay,4th Round,Khachanov K.,Sinner J.,Sinner J.,17,2,2,17
Mutua Madrid Open,2024-04-30,Masters 1000,Clay,4th Round,Auger-Aliassime F.,Ruud C.,Auger-Aliassime F.,35,6,35,6
Mutua Madrid Open,2024-05-01,Masters 1000,Clay,Quarterfinals,Rublev A.,Alcaraz C.,Rublev A.,8,3,8,3
Mutua Madrid Open,2024-05-01,Masters 1000,Clay,Quarterfinals,Cerundolo F.,Fritz T.,Fritz T.,22,13,13,22
Mutua Madrid Open,2024-05-03,Masters 1000,Clay,Semifinals,Rublev A.,Fritz T.,Rublev A.,8,22,8,22
Mutua Madrid Open,2024-05-05,Masters 1000,Clay,The Final,Auger-Aliassime F.,Rublev A.,Rublev A.,35,8,8,35
Internazionali BNL d'Italia,2024-05-11,Masters 1000,Clay,2nd Round,Jarry N.,Arnaldi M.,Jarry N.,24,37,24,37
Internazionali BNL d'Italia,2024-05-11,Masters 1000,Clay,2nd Round,Draper J.,Medvedev D.,Medvedev D.,40,4,4,40
Internazionali BNL d'Italia,2024-05-11,Masters 1000,Clay,2nd Round,Tsitsipas S.,Struff J.L.,Tsitsipas S.,8,41,8,41
Internazionali BNL d'Italia,2024-05-11,Masters 1000,Clay,2nd Round,Giron M.,Rublev A.,Rublev A.,49,6,6,49
Internazionali BNL d'Italia,2024-05-12,Masters 1000,Clay,3rd Round,Khachanov K.,Cerundolo F.,Khachanov K.,18,22,18,22
Internazionali BNL d'Italia,2024-05-12,Masters 1000,Clay,3rd Round,Tabilo A.,Djokovic N.,Tabilo A.,32,1,32,1
Internazionali BNL d'Italia,2024-05-12,Masters 1000,Clay,3rd Round,Korda S.,Fritz T.,Fritz T.,27,13,13,27
Internazionali BNL d'Italia,2024-05-13,Masters 1000,Clay,3rd Round,De Minaur A.,Auger-Aliassime F.,De Minaur A.,11,20,11,20
Internazionali BNL d'Italia,2024-05-13,Masters 1000,Clay,3rd Round,Norrie C.,Tsitsipas S.,Tsitsipas S.,30,8,8,30
Internazionali BNL d'Italia,2024-05-13,Masters 1000,Clay,3rd Round,Etcheverry T.,Hurkacz H.,Hurkacz H.,28,9,9,28
Internazionali BNL d'Italia,2024-05-13,Masters 1000,Clay,3rd Round,Rune H.,Baez S.,Baez S.,12,19,19,12
Internazionali BNL d'Italia,2024-05-14,Masters 1000,Clay,4th Round,Tabilo A.,Khachanov K.,Tabilo A.,32,18,32,18
Internazionali BNL d'Italia,2024-05-14,Masters 1000,Clay,4th Round,Dimitrov G.,Fritz T.,Fritz T.,10,13,13,10
Internazionali BNL d'Italia,2024-05-14,Masters 1000,Clay,4th Round,Baez S.,Hurkacz H.,Hurkacz H.,19,9,9,19
Internazionali BNL d'Italia,2024-05-14,Masters 1000,Clay,4th Round,Paul T.,Medvedev D.,Paul T.,16,4,16,4
Internazionali BNL d'Italia,2024-05-14,Masters 1000,Clay,4th Round,De Minaur A.,Tsitsipas S.,Tsitsipas S.,11,8,8,11
Internazionali BNL d'Italia,2024-05-15,Masters 1000,Clay,Quarterfinals,Fritz T.,Zverev A.,Zverev A.,13,5,5,13
Internazionali BNL d'Italia,2024-05-16,Masters 1000,Clay,Quarterfinals,Paul T.,Hurkacz H.,Paul T.,16,9,16,9
Internazionali BNL d'Italia,2024-05-16,Masters 1000,Clay,Quarterfinals,Tsitsipas S.,Jarry N.,Jarry N.,8,24,24,8
Internazionali BNL d'Italia,2024-05-17,Masters 1000,Clay,Semifinals,Zverev A.,Tabilo A.,Zverev A.,5,32,5,32
Internazionali BNL d'Italia,2024-05-17,Masters 1000,Clay,Semifinals,Paul T.,Jarry N.,Jarry N.,16,24,24,16
Internazionali BNL d'Italia,2024-05-19,Masters 1000,Clay,The Final,Zverev A.,Jarry N.,Zverev A.,5,24,5,24
Geneva Open,2024-05-21,ATP250,Clay,1st Round,Griekspoor T.,Eubanks C.,Griekspoor T.,27,43,27,43
Geneva Open,2024-05-21,ATP250,Clay,1st Round,Draper J.,Machac T.,Machac T.,35,44,44,35
Geneva Open,2024-05-22,ATP250,Clay,2nd Round,Ofner S.,Ruud C.,Ruud C.,45,7,7,45
Geneva Open,2024-05-23,ATP250,Clay,Quarterfinals,Griekspoor T.,Djokovic N.,Djokovic N.,27,1,1,27
Geneva Open,2024-05-23,ATP250,Clay,Quarterfinals,Baez S.,Ruud C.,Ruud C.,20,7,7,20
Geneva Open,2024-05-24,ATP250,Clay,Semifinals,Machac T.,Djokovic N.,Machac T.,44,1,44,1
Geneva Open,2024-05-25,ATP250,Clay,The Final,Ruud C.,Machac T.,Ruud C.,7,44,7,44
Lyon Open,2024-05-22,ATP250,Clay,2nd Round,Mannarino A.,Darderi L.,Darderi L.,22,47,47,22
Lyon Open,2024-05-24,ATP250,Clay,Semifinals,Etcheverry T.,Darderi L.,Etcheverry T.,29,47,29,47
French Open,2024-05-26,Grand Slam,Clay,1st Round,Sonego L.,Humbert U.,Sonego L.,49,16,49,16
French Open,2024-05-27,Grand Slam,Clay,1st Round,Eubanks C.,Sinner J.,Sinner J.,46,2,2,46
French Open,2024-05-27,Grand Slam,Clay,1st Round,Arnaldi M.,Fils A.,Arnaldi M.,35,38,35,38
French Open,2024-05-28,Grand Slam,Clay,1st Round,Borges N.,Machac T.,Machac T.,47,34,34,47
French Open,2024-05-29,Grand Slam,Clay,2nd Round,Martinez P.,Rublev A.,Rublev A.,48,6,6,48
French Open,2024-05-30,Grand Slam,Clay,2nd Round,Baez S.,Ofner S.,Ofner S.,20,45,45,20
French Open,2024-05-30,Grand Slam,Clay,2nd Round,Dimitrov G.,Marozsan F.,Dimitrov G.,10,43,10,43
French Open,2024-05-30,Grand Slam,Clay,2nd Round,Griekspoor T.,Darderi L.,Griekspoor T.,25,40,25,40
French Open,2024-05-30,Grand Slam,Clay,2nd Round,Sonego L.,Zhang Zh.,Zhang Zh.,49,44,44,49
French Open,2024-05-30,Grand Slam,Clay,2nd Round,Machac T.,Navone M.,Machac T.,34,31,34,31
French Open,2024-05-30,Grand Slam,Clay,2nd Round,Bublik A.,Struff J.L.,Struff J.L.,17,41,41,17
French Open,2024-05-30,Grand Slam,Clay,2nd Round,Davidovich Fokina A.,Ruud C.,Ruud C.,32,7,7,32
French Open,2024-05-30,Grand Slam,Clay,2nd Round,Monfils G.,Musetti L.,Musetti L.,37,30,30,37
French Open,2024-05-31,Grand Slam,Clay,3rd Round,Arnaldi M.,Rublev A.,Arnaldi M.,35,6,35,6
French Open,2024-05-31,Grand Slam,Clay,3rd Round,Tsitsipas S.,Zhang Zh.,Tsitsipas S.,9,44,9,44
French Open,2024-05-31,Grand Slam,Clay,3rd Round,Alcaraz C.,Korda S.,Alcaraz C.,3,28,3,28
French Open,2024-06-01,Grand Slam,Clay,3rd Round,Struff J.L.,De Minaur A.,De Minaur A.,41,11,11,41
French Open,2024-06-01,Grand Slam,Clay,3rd Round,Auger-Aliassime F.,Shelton B.,Auger-Aliassime F.,21,15,21,15
French Open,2024-06-01,Grand Slam,Clay,3rd Round,Machac T.,Medvedev D.,Medvedev D.,34,5,5,34
French Open,2024-06-01,Grand Slam,Clay,3rd Round,Zverev A.,Griekspoor T.,Zverev A.,4,25,4,25
French Open,2024-06-01,Grand Slam,Clay,3rd Round,Paul T.,Cerundolo F.,Cerundolo F.,14,27,27,14
French Open,2024-06-01,Grand Slam,Clay,3rd Round,Ruud C.,Etcheverry T.,Ruud C.,7,29,7,29
French Open,2024-06-01,Grand Slam,Clay,3rd Round,Musetti L.,Djokovic N.,Djokovic N.,30,1,1,30
French Open,2024-06-02,Grand Slam,Clay,4th Round,Tsitsipas S.,Arnaldi M.,Tsitsipas S.,9,35,9,35
French Open,2024-06-02,Grand Slam,Clay,4th Round,Auger-Aliassime F.,Alcaraz C.,Alcaraz C.,21,3,3,21
French Open,2024-06-02,Grand Slam,Clay,4th Round,Dimitrov G.,Hurkacz H.,Dimitrov G.,10,8,10,8
French Open,2024-06-03,Grand Slam,Clay,4th Round,De Minaur A.,Medvedev D.,De Minaur A.,11,5,11,5
French Open,2024-06-03,Grand Slam,Clay,4th Round,Cerundolo F.,Djokovic N.,Djokovic N.,27,1,1,27
French Open,2024-06-03,Grand Slam,Clay,4th Round,Ruud C.,Fritz T.,Ruud C.,7,12,7,12
French Open,2024-06-03,Grand Slam,Clay,4th Round,Rune H.,Zverev A.,Zverev A.,13,4,4,13
French Open,2024-06-04,Grand Slam,Clay,Quarterfinals,Sinner J.,Dimitrov G.,Sinner J.,2,10,2,10
French Open,2024-06-04,Grand Slam,Clay,Quarterfinals,Tsitsipas S.,Alcaraz C.,Alcaraz C.,9,3,3,9
French Open,2024-06-05,Grand Slam,Clay,Quarterfinals,Zverev A.,De Minaur A.,Zverev A.,4,11,4,11
French Open,2024-06-07,Grand Slam,Clay,Semifinals,Sinner J.,Alcaraz C.,Alcaraz C.,2,3,3,2
French Open,2024-06-07,Grand Slam,Clay,Semifinals,Zverev A.,Ruud C.,Zverev A.,4,7,4,7
French Open,2024-06-09,Grand Slam,Clay,The Final,Zverev A.,Alcaraz C.,Alcaraz C.,4,3,3,4
Stuttgart Open,2024-06-11,ATP250,Grass,1st Round,Cobolli F.,Struff J.L.,Struff J.L.,50,35,35,50
Stuttgart Open,2024-06-14,ATP250,Grass,Quarterfinals,Draper J.,Tiafoe F.,Draper J.,40,28,40,28
Rosmalen Grass Court Championships,2024-06-12,ATP250,Grass,2nd Round,Humbert U.,Fils A.,Humbert U.,16,38,16,38
Rosmalen Grass Court Championships,2024-06-13,ATP250,Grass,2nd Round,Paul T.,Popyrin A.,Paul T.,13,49,13,49
Rosmalen Grass Court Championships,2024-06-14,ATP250,Grass,Quarterfinals,Korda S.,Paul T.,Korda S.,26,13,26,13
Rosmalen Grass Court Championships,2024-06-15,ATP250,Grass,Semifinals,Korda S.,Griekspoor T.,Korda S.,26,23,26,23
Rosmalen Grass Court Championships,2024-06-15,ATP250,Grass,Semifinals,Humbert U.,De Minaur A.,De Minaur A.,16,9,9,16
Rosmalen Grass Court Championships,2024-06-16,ATP250,Grass,The Final,De Minaur A.,Korda S.,De Minaur A.,9,26,9,26
Halle Open,2024-06-17,ATP500,Grass,1st Round,Safiullin R.,Marozsan F.,Marozsan F.,40,45,45,40
Halle Open,2024-06-17,ATP500,Grass,1st Round,Cobolli F.,Hurkacz H.,Hurkacz H.,49,9,9,49
Halle Open,2024-06-18,ATP500,Grass,1st Round,Fils A.,Machac T.,Fils A.,37,36,37,36
Halle Open,2024-06-18,ATP500,Grass,1st Round,Martinez P.,Eubanks C.,Eubanks C.,46,44,44,46
Halle Open,2024-06-18,ATP500,Grass,1st Round,Griekspoor T.,Sinner J.,Sinner J.,27,1,1,27
Halle Open,2024-06-19,ATP500,Grass,1st Round,Darderi L.,Struff J.L.,Struff J.L.,34,41,41,34
Halle Open,2024-06-19,ATP500,Grass,2nd Round,Bublik A.,Eubanks C.,Eubanks C.,17,44,44,17
Halle Open,2024-06-19,ATP500,Grass,2nd Round,Zhang Zh.,Medvedev D.,Zhang Zh.,42,5,42,5
Halle Open,2024-06-20,ATP500,Grass,2nd Round,Marozsan F.,Sinner J.,Sinner J.,45,1,1,45
Halle Open,2024-06-20,ATP500,Grass,2nd Round,Tsitsipas S.,Struff J.L.,Struff J.L.,11,41,41,11
Halle Open,2024-06-21,ATP500,Grass,Quarterfinals,Fils A.,Zverev A.,Zverev A.,37,4,4,37
Halle Open,2024-06-21,ATP500,Grass,Quarterfinals,Sinner J.,Struff J.L.,Sinner J.,1,41,1,41
Halle Open,2024-06-21,ATP500,Grass,Quarterfinals,Eubanks C.,Zhang Zh.,Zhang Zh.,44,42,42,44
Halle Open,2024-06-22,ATP500,Grass,Semifinals,Hurkacz H.,Zverev A.,Hurkacz H.,9,4,9,4
Halle Open,2024-06-22,ATP500,Grass,Semifinals,Zhang Zh.,Sinner J.,Sinner J.,42,1,1,42
Halle Open,2024-06-23,ATP500,Grass,The Final,Sinner J.,Hurkacz H.,Sinner J.,1,9,1,9
Queen's Club Championships,2024-06-17,ATP500,Grass,1st Round,Mannarino A.,Dimitrov G.,Dimitrov G.,21,10,10,21
Queen's Club Championships,2024-06-17,ATP500,Grass,1st Round,Thompson J.,Rune H.,Thompson J.,43,15,43,15
Queen's Club Championships,2024-06-18,ATP500,Grass,1st Round,De Minaur A.,Musetti L.,Musetti L.,7,30,30,7
Queen's Club Championships,2024-06-18,ATP500,Grass,1st Round,Arnaldi M.,Humbert U.,Arnaldi M.,35,16,35,16
Queen's Club Championships,2024-06-18,ATP500,Grass,1st Round,Khachanov K.,Korda S.,Korda S.,22,23,23,22
Queen's Club Championships,2024-06-18,ATP500,Grass,1st Round,Tabilo A.,Davidovich Fokina A.,Tabilo A.,24,33,24,33
Queen's Club Championships,2024-06-18,ATP500,Grass,1st Round,Baez S.,Paul T.,Paul T.,19,13,13,19
Queen's Club Championships,2024-06-18,ATP500,Grass,1st Round,Alcaraz C.,Cerundolo F.,Alcaraz C.,2,26,2,26
Queen's Club Championships,2024-06-18,ATP500,Grass,1st Round,Draper J.,Navone M.,Draper J.,31,29,31,29
Queen's Club Championships,2024-06-19,ATP500,Grass,2nd Round,Korda S.,Dimitrov G.,Korda S.,23,10,23,10
Queen's Club Championships,2024-06-20,ATP500,Grass,2nd Round,Paul T.,Tabilo A.,Paul T.,13,24,13,24
Queen's Club Championships,2024-06-20,ATP500,Grass,2nd Round,Alcaraz C.,Draper J.,Draper J.,2,31,31,2
Queen's Club Championships,2024-06-21,ATP500,Grass,Quarterfinals,Thompson J.,Fritz T.,Thompson J.,43,12,43,12
Queen's Club Championships,2024-06-21,ATP500,Grass,Quarterfinals,Paul T.,Draper J.,Paul T.,13,31,13,31
Queen's Club Championships,2024-06-22,ATP500,Grass,Semifinals,Musetti L.,Thompson J.,Musetti L.,30,43,30,43
Queen's Club Championships,2024-06-22,ATP500,Grass,Semifinals,Korda S.,Paul T.,Paul T.,23,13,13,23
Queen's Club Championships,2024-06-23,ATP500,Grass,The Final,Paul T.,Musetti L.,Paul T.,13,30,13,30
Eastbourne International,2024-06-24,ATP250,Grass,1st Round,Cerundolo F.,Giron M.,Giron M.,27,46,46,27
Mallorca Championships,2024-06-24,ATP250,Grass,1st Round,Darderi L.,Martinez P.,Darderi L.,37,48,37,48
Mallorca Championships,2024-06-28,ATP250,Grass,Semifinals,Tabilo A.,Monfils G.,Tabilo A.,24,40,24,40
Wimbledon,2024-07-01,Grand Slam,Grass,1st Round,Marozsan F.,Struff J.L.,Struff J.L.,43,41,41,43
Wimbledon,2024-07-01,Grand Slam,Grass,1st Round,Tiafoe F.,Arnaldi M.,Tiafoe F.,29,35,29,35
Wimbledon,2024-07-01,Grand Slam,Grass,1st Round,Mannarino A.,Monfils G.,Monfils G.,24,33,33,24
Wimbledon,2024-07-01,Grand Slam,Grass,1st Round,Paul T.,Martinez P.,Paul T.,13,49,13,49
Wimbledon,2024-07-03,Grand Slam,Grass,1st Round,Cerundolo F.,Safiullin R.,Safiullin R.,30,44,44,30
Wimbledon,2024-07-03,Grand Slam,Grass,2nd Round,Struff J.L.,Zhang Zh.,Struff J.L.,41,38,41,38
Wimbledon,2024-07-04,Grand Slam,Grass,2nd Round,Etcheverry T.,Popyrin A.,Popyrin A.,31,47,47,31
Wimbledon,2024-07-04,Grand Slam,Grass,2nd Round,Musetti L.,Darderi L.,Musetti L.,25,37,25,37
Wimbledon,2024-07-04,Grand Slam,Grass,2nd Round,Machac T.,Safiullin R.,Safiullin R.,39,44,44,39
Wimbledon,2024-07-04,Grand Slam,Grass,2nd Round,Cobolli F.,Tabilo A.,Tabilo A.,48,19,19,48
Wimbledon,2024-07-04,Grand Slam,Grass,2nd Round,Norrie C.,Draper J.,Norrie C.,42,28,42,28
Wimbledon,2024-07-04,Grand Slam,Grass,2nd Round,Giron M.,Zverev A.,Zverev A.,46,4,4,46
Wimbledon,2024-07-05,Grand Slam,Grass,3rd Round,Paul T.,Bublik A.,Paul T.,13,23,13,23
Wimbledon,2024-07-05,Grand Slam,Grass,3rd Round,Tiafoe F.,Alcaraz C.,Alcaraz C.,29,3,3,29
Wimbledon,2024-07-05,Grand Slam,Grass,3rd Round,Dimitrov G.,Monfils G.,Dimitrov G.,10,33,10,33
Wimbledon,2024-07-06,Grand Slam,Grass,3rd Round,Zverev A.,Norrie C.,Zverev A.,4,42,4,42
Wimbledon,2024-07-06,Grand Slam,Grass,3rd Round,Safiullin R.,Fils A.,Fils A.,44,34,34,44
Wimbledon,2024-07-06,Grand Slam,Grass,3rd Round,Medvedev D.,Struff J.L.,Medvedev D.,5,41,5,41
Wimbledon,2024-07-06,Grand Slam,Grass,3rd Round,Popyrin A.,Djokovic N.,Djokovic N.,47,2,2,47
Wimbledon,2024-07-06,Grand Slam,Grass,3rd Round,Fritz T.,Tabilo A.,Fritz T.,12,19,12,19
Wimbledon,2024-07-07,Grand Slam,Grass,4th Round,Humbert U.,Alcaraz C.,Alcaraz C.,16,3,3,16
Wimbledon,2024-07-07,Grand Slam,Grass,4th Round,Sinner J.,Shelton B.,Sinner J.,1,14,1,14
Wimbledon,2024-07-08,Grand Slam,Grass,4th Round,Fils A.,De Minaur A.,De Minaur A.,34,9,9,34
Wimbledon,2024-07-08,Grand Slam,Grass,4th Round,Fritz T.,Zverev A.,Fritz T.,12,4,12,4
Wimbledon,2024-07-08,Grand Slam,Grass,4th Round,Rune H.,Djokovic N.,Djokovic N.,15,2,2,15
Wimbledon,2024-07-09,Grand Slam,Grass,Quarterfinals,Medvedev D.,Sinner J.,Medvedev D.,5,1,5,1
Wimbledon,2024-07-09,Grand Slam,Grass,Quarterfinals,Paul T.,Alcaraz C.,Alcaraz C.,13,3,3,13
Wimbledon,2024-07-10,Grand Slam,Grass,Quarterfinals,Musetti L.,Fritz T.,Musetti L.,25,12,25,12
Wimbledon,2024-07-12,Grand Slam,Grass,Semifinals,Medvedev D.,Alcaraz C.,Alcaraz C.,5,3,3,5
Wimbledon,2024-07-12,Grand Slam,Grass,Semifinals,Djokovic N.,Musetti L.,Djokovic N.,2,25,2,25
Wimbledon,2024-07-14,Grand Slam,Grass,The Final,Djokovic N.,Alcaraz C.,Alcaraz C.,2,3,3,2
Suisse Open Gstaad,2024-07-19,ATP250,Clay,Quarterfinals,Struff J.L.,Etcheverry T.,Struff J.L.,37,32,37,32
European Open,2024-07-15,ATP250,Clay,1st Round,Martinez P.,Arnaldi M.,Martinez P.,49,39,49,39
European Open,2024-07-16,ATP250,Clay,1st Round,Rune H.,Marozsan F.,Rune H.,17,45,17,45
European Open,2024-07-18,ATP250,Clay,2nd Round,Zhang Zh.,Cobolli F.,Zhang Zh.,34,48,34,48
European Open,2024-07-19,ATP250,Clay,Quarterfinals,Darderi L.,Baez S.,Baez S.,35,19,19,35
European Open,2024-07-19,ATP250,Clay,Quarterfinals,Martinez P.,Cerundolo F.,Martinez P.,49,33,49,33
European Open,2024-07-19,ATP250,Clay,Quarterfinals,Zhang Zh.,Zverev A.,Zverev A.,34,4,4,34
European Open,2024-07-20,ATP250,Clay,Semifinals,Fils A.,Baez S.,Fils A.,28,19,28,19
European Open,2024-07-20,ATP250,Clay,Semifinals,Martinez P.,Zverev A.,Zverev A.,49,4,4,49
European Open,2024-07-21,ATP250,Clay,The Final,Fils A.,Zverev A.,Fils A.,28,4,28,4
Atlanta Open,2024-07-26,ATP250,Hard,Quarterfinals,Davidovich Fokina A.,Thompson J.,Thompson J.,43,41,41,43
Generali Open,2024-07-24,ATP250,Clay,2nd Round,Berrettini M.,Tabilo A.,Berrettini M.,50,21,50,21
Croatia Open,2024-07-22,ATP250,Clay,1st Round,Cobolli F.,Navone M.,Cobolli F.,48,36,48,36
Croatia Open,2024-07-25,ATP250,Clay,Quarterfinals,Rublev A.,Marozsan F.,Rublev A.,9,49,9,49
Croatia Open,2024-07-26,ATP250,Clay,Semifinals,Cerundolo F.,Rublev A.,Cerundolo F.,37,9,37,9
Croatia Open,2024-07-27,ATP250,Clay,The Final,Cerundolo F.,Musetti L.,Cerundolo F.,37,17,37,17
Citi Open,2024-08-01,ATP500,Hard,3rd Round,Cobolli F.,Davidovich Fokina A.,Cobolli F.,48,44,48,44
Citi Open,2024-08-01,ATP500,Hard,3rd Round,Thompson J.,Mpetshi G.,Thompson J.,33,49,33,49
Citi Open,2024-08-02,ATP500,Hard,Quarterfinals,Thompson J.,Korda S.,Korda S.,33,22,22,33
Citi Open,2024-08-03,ATP500,Hard,Quarterfinals,Tiafoe F.,Rublev A.,Tiafoe F.,29,8,29,8
Citi Open,2024-08-04,ATP500,Hard,Semifinals,Shelton B.,Cobolli F.,Cobolli F.,14,48,48,14
Citi Open,2024-08-04,ATP500,Hard,Semifinals,Korda S.,Tiafoe F.,Korda S.,22,29,22,29
Citi Open,2024-08-05,ATP500,Hard,The Final,Cobolli F.,Korda S.,Korda S.,48,22,22,48
Canadian Open,2024-08-06,Masters 1000,Hard,1st Round,Etcheverry T.,Jarry N.,Etcheverry T.,38,24,38,24
Canadian Open,2024-08-06,Masters 1000,Hard,1st Round,Kecmanovic M.,Borges N.,Borges N.,50,43,43,50
Canadian Open,2024-08-07,Masters 1000,Hard,1st Round,Tiafoe F.,Tabilo A.,Tabilo A.,27,21,21,27
Canadian Open,2024-08-07,Masters 1000,Hard,1st Round,Thompson J.,Draper J.,Thompson J.,30,28,30,28
Canadian Open,2024-08-07,Masters 1000,Hard,1st Round,Darderi L.,Paul T.,Paul T.,32,12,12,32
Canadian Open,2024-08-07,Masters 1000,Hard,1st Round,Shelton B.,Bublik A.,Shelton B.,14,25,14,25
Canadian Open,2024-08-07,Masters 1000,Hard,1st Round,Humbert U.,Fils A.,Humbert U.,15,23,15,23
Canadian Open,2024-08-07,Masters 1000,Hard,1st Round,Navone M.,Fritz T.,Fritz T.,36,13,13,36
Canadian Open,2024-08-08,Masters 1000,Hard,1st Round,Auger-Aliassime F.,Cobolli F.,Cobolli F.,19,33,33,19
Canadian Open,2024-08-08,Masters 1000,Hard,2nd Round,Humbert U.,Borges N.,Borges N.,15,43,43,15
Canadian Open,2024-08-08,Masters 1000,Hard,2nd Round,Davidovich Fokina A.,Medvedev D.,Davidovich Fokina A.,42,5,42,5
Canadian Open,2024-08-08,Masters 1000,Hard,2nd Round,Etcheverry T.,Rublev A.,Rublev A.,38,8,8,38
Canadian Open,2024-08-08,Masters 1000,Hard,2nd Round,Zverev A.,Thompson J.,Zverev A.,4,30,4,30
Canadian Open,2024-08-08,Masters 1000,Hard,2nd Round,Arnaldi M.,Khachanov K.,Arnaldi M.,46,22,46,22
Canadian Open,2024-08-10,Masters 1000,Hard,2nd Round,Korda S.,Fritz T.,Korda S.,18,13,18,13
Canadian Open,2024-08-10,Masters 1000,Hard,3rd Round,Sinner J.,Tabilo A.,Sinner J.,1,21,1,21
Canadian Open,2024-08-10,Masters 1000,Hard,3rd Round,Rune H.,Zverev A.,Zverev A.,17,4,4,17
Canadian Open,2024-08-11,Masters 1000,Hard,Quarterfinals,Sinner J.,Rublev A.,Rublev A.,1,8,8,1
Canadian Open,2024-08-11,Masters 1000,Hard,Quarterfinals,Korda S.,Zverev A.,Korda S.,18,4,18,4
Canadian Open,2024-08-11,Masters 1000,Hard,Semifinals,Arnaldi M.,Rublev A.,Rublev A.,46,8,8,46
Western & Southern Financial Group Masters,2024-08-12,Masters 1000,Hard,1st Round,Cobolli F.,Paul T.,Cobolli F.,31,13,31,13
Western & Southern Financial Group Masters,2024-08-13,Masters 1000,Hard,1st Round,Cerundolo F.,Khachanov K.,Khachanov K.,29,22,22,29
Western & Southern Financial Group Masters,2024-08-13,Masters 1000,Hard,1st Round,Zhang Zh.,Mpetshi G.,Zhang Zh.,44,48,44,48
Western & Southern Financial Group Masters,2024-08-13,Masters 1000,Hard,1st Round,Tabilo A.,Darderi L.,Darderi L.,21,34,34,21
Western & Southern Financial Group Masters,2024-08-13,Masters 1000,Hard,1st Round,Baez S.,Giron M.,Baez S.,20,45,20,45
Western & Southern Financial Group Masters,2024-08-13,Masters 1000,Hard,1st Round,Lehecka J.,Navone M.,Lehecka J.,35,38,35,38
Western & Southern Financial Group Masters,2024-08-13,Masters 1000,Hard,1st Round,Thompson J.,Humbert U.,Thompson J.,32,17,32,17
Western & Southern Financial Group Masters,2024-08-13,Masters 1000,Hard,1st Round,Musetti L.,Jarry N.,Musetti L.,18,25,18,25
Western & Southern Financial Group Masters,2024-08-14,Masters 1000,Hard,1st Round,Nakashima B.,Fritz T.,Nakashima B.,49,12,49,12
Western & Southern Financial Group Masters,2024-08-14,Masters 1000,Hard,1st Round,Borges N.,Mannarino A.,Borges N.,39,33,39,33
Western & Southern Financial Group Masters,2024-08-14,Masters 1000,Hard,1st Round,Struff J.L.,Tsitsipas S.,Tsitsipas S.,36,11,11,36
Western & Southern Financial Group Masters,2024-08-14,Masters 1000,Hard,1st Round,Rune H.,Berrettini M.,Rune H.,16,42,16,42
Western & Southern Financial Group Masters,2024-08-14,Masters 1000,Hard,1st Round,Popyrin A.,Monfils G.,Monfils G.,23,46,46,23
Western & Southern Financial Group Masters,2024-08-14,Masters 1000,Hard,1st Round,Arnaldi M.,Etcheverry T.,Etcheverry T.,30,37,37,30
Western & Southern Financial Group Masters,2024-08-15,Masters 1000,Hard,2nd Round,Musetti L.,Tiafoe F.,Tiafoe F.,18,27,27,18
Western & Southern Financial Group Masters,2024-08-15,Masters 1000,Hard,2nd Round,Thompson J.,Baez S.,Thompson J.,32,20,32,20
Western & Southern Financial Group Masters,2024-08-15,Masters 1000,Hard,2nd Round,Medvedev D.,Lehecka J.,Lehecka J.,5,35,35,5
Western & Southern Financial Group Masters,2024-08-15,Masters 1000,Hard,2nd Round,Khachanov K.,Zverev A.,Zverev A.,22,4,4,22
Western & Southern Financial Group Masters,2024-08-15,Masters 1000,Hard,2nd Round,Dimitrov G.,Marozsan F.,Marozsan F.,9,50,50,9
Western & Southern Financial Group Masters,2024-08-15,Masters 1000,Hard,2nd Round,Rublev A.,Zhang Zh.,Rublev A.,6,44,6,44
Western & Southern Financial Group Masters,2024-08-15,Masters 1000,Hard,2nd Round,Fils A.,Nakashima B.,Nakashima B.,24,49,49,24
Western & Southern Financial Group Masters,2024-08-15,Masters 1000,Hard,2nd Round,Shelton B.,Etcheverry T.,Shelton B.,14,37,14,37
Western & Southern Financial Group Masters,2024-08-15,Masters 1000,Hard,2nd Round,Tsitsipas S.,Draper J.,Draper J.,11,28,28,11
Western & Southern Financial Group Masters,2024-08-15,Masters 1000,Hard,2nd Round,Rune H.,Borges N.,Rune H.,16,39,16,39
Western & Southern Financial Group Masters,2024-08-16,Masters 1000,Hard,2nd Round,Alcaraz C.,Monfils G.,Monfils G.,3,46,46,3
Western & Southern Financial Group Masters,2024-08-16,Masters 1000,Hard,2nd Round,Auger-Aliassime F.,Ruud C.,Auger-Aliassime F.,19,8,19,8
Western & Southern Financial Group Masters,2024-08-16,Masters 1000,Hard,3rd Round,Rublev A.,Nakashima B.,Rublev A.,6,49,6,49
Western & Southern Financial Group Masters,2024-08-16,Masters 1000,Hard,3rd Round,Marozsan F.,Shelton B.,Shelton B.,50,14,14,50
Western & Southern Financial Group Masters,2024-08-16,Masters 1000,Hard,3rd Round,Hurkacz H.,Cobolli F.,Hurkacz H.,7,31,7,31
Western & Southern Financial Group Masters,2024-08-16,Masters 1000,Hard,3rd Round,Monfils G.,Rune H.,Rune H.,46,16,16,46
Western & Southern Financial Group Masters,2024-08-17,Masters 1000,Hard,3rd Round,Draper J.,Auger-Aliassime F.,Draper J.,28,19,28,19
Western & Southern Financial Group Masters,2024-08-17,Masters 1000,Hard,3rd Round,Lehecka J.,Tiafoe F.,Tiafoe F.,35,27,27,35
Western & Southern Financial Group Masters,2024-08-17,Masters 1000,Hard,Quarterfinals,Sinner J.,Rublev A.,Sinner J.,1,6,1,6
Western & Southern Financial Group Masters,2024-08-17,Masters 1000,Hard,Quarterfinals,Shelton B.,Zverev A.,Zverev A.,14,4,4,14
Western & Southern Financial Group Masters,2024-08-18,Masters 1000,Hard,Quarterfinals,Rune H.,Draper J.,Rune H.,16,28,16,28
Western & Southern Financial Group Masters,2024-08-18,Masters 1000,Hard,Semifinals,Zverev A.,Sinner J.,Sinner J.,4,1,1,4
Western & Southern Financial Group Masters,2024-08-19,Masters 1000,Hard,Semifinals,Tiafoe F.,Rune H.,Tiafoe F.,27,16,27,16
Western & Southern Financial Group Masters,2024-08-19,Masters 1000,Hard,The Final,Tiafoe F.,Sinner J.,Sinner J.,27,1,1,27
US Open,2024-08-26,Grand Slam,Hard,1st Round,Nakashima B.,Rune H.,Nakashima B.,50,15,50,15
US Open,2024-08-26,Grand Slam,Hard,1st Round,Darderi L.,Baez S.,Baez S.,37,23,23,37
US Open,2024-08-27,Grand Slam,Hard,1st Round,De Minaur A.,Giron M.,De Minaur A.,10,46,10,46
US Open,2024-08-28,Grand Slam,Hard,1st Round,Sonego L.,Paul T.,Paul T.,48,14,14,48
US Open,2024-08-28,Grand Slam,Hard,2nd Round,Cerundolo F.,Etcheverry T.,Etcheverry T.,29,33,33,29
US Open,2024-08-28,Grand Slam,Hard,2nd Round,Popyrin A.,Martinez P.,Popyrin A.,28,43,28,43
US Open,2024-08-28,Grand Slam,Hard,2nd Round,Monfils G.,Ruud C.,Ruud C.,45,8,8,45
US Open,2024-08-29,Grand Slam,Hard,2nd Round,Fritz T.,Berrettini M.,Fritz T.,12,44,12,44
US Open,2024-08-29,Grand Slam,Hard,2nd Round,Machac T.,Korda S.,Machac T.,39,16,39,16
US Open,2024-08-29,Grand Slam,Hard,2nd Round,Thompson J.,Hurkacz H.,Thompson J.,32,7,32,7
US Open,2024-08-29,Grand Slam,Hard,2nd Round,Michelsen A.,Sinner J.,Sinner J.,49,1,1,49
US Open,2024-08-30,Grand Slam,Hard,3rd Round,Tiafoe F.,Shelton B.,Tiafoe F.,20,13,20,13
US Open,2024-08-30,Grand Slam,Hard,3rd Round,Lehecka J.,Rublev A.,Rublev A.,38,6,6,38
US Open,2024-08-30,Grand Slam,Hard,3rd Round,Dimitrov G.,Griekspoor T.,Dimitrov G.,9,40,9,40
US Open,2024-08-30,Grand Slam,Hard,3rd Round,Musetti L.,Nakashima B.,Nakashima B.,18,50,50,18
US Open,2024-08-31,Grand Slam,Hard,3rd Round,Popyrin A.,Djokovic N.,Popyrin A.,28,2,28,2
US Open,2024-08-31,Grand Slam,Hard,3rd Round,Etcheverry T.,Zverev A.,Zverev A.,33,4,4,33
US Open,2024-08-31,Grand Slam,Hard,3rd Round,Arnaldi M.,Thompson J.,Thompson J.,30,32,32,30
US Open,2024-09-01,Grand Slam,Hard,3rd Round,Cobolli F.,Medvedev D.,Medvedev D.,31,5,5,31
US Open,2024-09-01,Grand Slam,Hard,4th Round,Dimitrov G.,Rublev A.,Dimitrov G.,9,6,9,6
US Open,2024-09-01,Grand Slam,Hard,4th Round,Ruud C.,Fritz T.,Fritz T.,8,12,12,8
US Open,2024-09-01,Grand Slam,Hard,4th Round,Zverev A.,Nakashima B.,Zverev A.,4,50,4,50
US Open,2024-09-02,Grand Slam,Hard,4th Round,Popyrin A.,Tiafoe F.,Tiafoe F.,28,20,20,28
US Open,2024-09-02,Grand Slam,Hard,4th Round,Draper J.,Machac T.,Draper J.,25,39,25,39
US Open,2024-09-02,Grand Slam,Hard,4th Round,Borges N.,Medvedev D.,Medvedev D.,34,5,5,34
US Open,2024-09-02,Grand Slam,Hard,4th Round,De Minaur A.,Thompson J.,De Minaur A.,10,32,10,32
US Open,2024-09-03,Grand Slam,Hard,4th Round,Paul T.,Sinner J.,Sinner J.,14,1,1,14
US Open,2024-09-03,Grand Slam,Hard,Quarterfinals,Fritz T.,Zverev A.,Fritz T.,12,4,12,4
US Open,2024-09-04,Grand Slam,Hard,Quarterfinals,De Minaur A.,Draper J.,Draper J.,10,25,25,10
US Open,2024-09-05,Grand Slam,Hard,Quarterfinals,Sinner J.,Medvedev D.,Sinner J.,1,5,1,5
US Open,2024-09-06,Grand Slam,Hard,Semifinals,Draper J.,Sinner J.,Sinner J.,25,1,1,25
US Open,2024-09-07,Grand Slam,Hard,Semifinals,Fritz T.,Tiafoe F.,Fritz T.,12,20,12,20
US Open,2024-09-08,Grand Slam,Hard,The Final,Fritz T.,Sinner J.,Sinner J.,12,1,1,12
Chengdu Open,2024-09-22,ATP250,Hard,Quarterfinals,Musetti L.,Mannarino A.,Musetti L.,19,46,19,46
China Open,2024-09-26,ATP500,Hard,1st Round,Sonego L.,Mannarino A.,Mannarino A.,50,44,44,50
China Open,2024-09-26,ATP500,Hard,1st Round,Jarry N.,Sinner J.,Sinner J.,28,1,1,28
China Open,2024-09-26,ATP500,Hard,1st Round,Martinez P.,Lehecka J.,Lehecka J.,42,37,37,42
China Open,2024-09-26,ATP500,Hard,1st Round,Cobolli F.,Bublik A.,Cobolli F.,32,26,32,26
China Open,2024-09-27,ATP500,Hard,1st Round,Monfils G.,Medvedev D.,Medvedev D.,46,5,5,46
China Open,2024-09-28,ATP500,Hard,2nd Round,Medvedev D.,Mannarino A.,Medvedev D.,5,44,5,44
China Open,2024-09-29,ATP500,Hard,2nd Round,Khachanov K.,Cerundolo F.,Khachanov K.,27,31,27,31
China Open,2024-09-29,ATP500,Hard,2nd Round,Griekspoor T.,Alcaraz C.,Alcaraz C.,39,3,3,39
China Open,2024-09-30,ATP500,Hard,Quarterfinals,Khachanov K.,Alcaraz C.,Alcaraz C.,27,3,3,27
China Open,2024-09-30,ATP500,Hard,Quarterfinals,Medvedev D.,Cobolli F.,Medvedev D.,5,32,5,32
China Open,2024-09-30,ATP500,Hard,Quarterfinals,Lehecka J.,Sinner J.,Sinner J.,37,1,1,37
China Open,2024-10-01,ATP500,Hard,Semifinals,Medvedev D.,Alcaraz C.,Alcaraz C.,5,3,3,5
China Open,2024-10-02,ATP500,Hard,The Final,Sinner J.,Alcaraz C.,Alcaraz C.,1,3,3,1
Japan Open Tennis Championships,2024-09-25,ATP500,Hard,1st Round,Navone M.,Darderi L.,Navone M.,40,41,40,41
Japan Open Tennis Championships,2024-09-25,ATP500,Hard,1st Round,Hurkacz H.,Giron M.,Hurkacz H.,8,47,8,47
Japan Open Tennis Championships,2024-09-26,ATP500,Hard,1st Round,Paul T.,Arnaldi M.,Paul T.,13,33,13,33
Japan Open Tennis Championships,2024-09-26,ATP500,Hard,1st Round,Popyrin A.,Machac T.,Machac T.,23,34,34,23
Japan Open Tennis Championships,2024-09-26,ATP500,Hard,1st Round,Michelsen A.,Tsitsipas S.,Michelsen A.,49,12,49,12
Japan Open Tennis Championships,2024-09-26,ATP500,Hard,1st Round,Nakashima B.,Tiafoe F.,Nakashima B.,36,15,36,15
Japan Open Tennis Championships,2024-09-26,ATP500,Hard,1st Round,Rune H.,Tabilo A.,Rune H.,14,22,14,22
Japan Open Tennis Championships,2024-09-26,ATP500,Hard,1st Round,Fritz T.,Fils A.,Fils A.,7,24,24,7
Japan Open Tennis Championships,2024-09-26,ATP500,Hard,1st Round,Ruud C.,Thompson J.,Thompson J.,9,29,29,9
Japan Open Tennis Championships,2024-09-27,ATP500,Hard,2nd Round,Draper J.,Hurkacz H.,Draper J.,20,8,20,8
Japan Open Tennis Championships,2024-09-27,ATP500,Hard,2nd Round,Navone M.,Shelton B.,Shelton B.,40,17,17,40
Japan Open Tennis Championships,2024-09-27,ATP500,Hard,2nd Round,Humbert U.,Nakashima B.,Humbert U.,18,36,18,36
Japan Open Tennis Championships,2024-09-28,ATP500,Hard,2nd Round,Paul T.,Machac T.,Machac T.,13,34,34,13
Japan Open Tennis Championships,2024-09-29,ATP500,Hard,Quarterfinals,Michelsen A.,Machac T.,Machac T.,49,34,34,49
Japan Open Tennis Championships,2024-09-29,ATP500,Hard,Quarterfinals,Shelton B.,Fils A.,Fils A.,17,24,24,17
Japan Open Tennis Championships,2024-09-30,ATP500,Hard,Semifinals,Humbert U.,Machac T.,Humbert U.,18,34,18,34
Japan Open Tennis Championships,2024-09-30,ATP500,Hard,Semifinals,Rune H.,Fils A.,Fils A.,14,24,24,14
Japan Open Tennis Championships,2024-10-01,ATP500,Hard,The Final,Fils A.,Humbert U.,Fils A.,24,18,24,18
Shanghai Masters,2024-10-04,Masters 1000,Hard,2nd Round,Monfils G.,Baez S.,Monfils G.,46,26,46,26
Shanghai Masters,2024-10-05,Masters 1000,Hard,2nd Round,Michelsen A.,Djokovic N.,Djokovic N.,43,4,4,43
Shanghai Masters,2024-10-07,Masters 1000,Hard,2nd Round,Thompson J.,Griekspoor T.,Griekspoor T.,28,40,40,28
Shanghai Masters,2024-10-07,Masters 1000,Hard,2nd Round,Giron M.,Khachanov K.,Giron M.,47,25,47,25
Shanghai Masters,2024-10-07,Masters 1000,Hard,2nd Round,Rune H.,Berrettini M.,Rune H.,14,44,14,44
Shanghai Masters,2024-10-06,Masters 1000,Hard,3rd Round,Medvedev D.,Arnaldi M.,Medvedev D.,5,36,5,36
Shanghai Masters,2024-10-06,Masters 1000,Hard,3rd Round,Etcheverry T.,Sinner J.,Sinner J.,37,1,1,37
Shanghai Masters,2024-10-06,Masters 1000,Hard,3rd Round,Tabilo A.,Paul T.,Paul T.,23,13,13,23
Shanghai Masters,2024-10-08,Masters 1000,Hard,3rd Round,Humbert U.,Monfils G.,Monfils G.,15,46,46,15
Shanghai Masters,2024-10-08,Masters 1000,Hard,3rd Round,Dimitrov G.,Popyrin A.,Dimitrov G.,10,24,10,24
Shanghai Masters,2024-10-08,Masters 1000,Hard,3rd Round,Rune H.,Lehecka J.,Rune H.,14,34,14,34
Shanghai Masters,2024-10-08,Masters 1000,Hard,3rd Round,Cobolli F.,Djokovic N.,Djokovic N.,30,4,4,30
Shanghai Masters,2024-10-08,Masters 1000,Hard,3rd Round,Griekspoor T.,Zverev A.,Zverev A.,40,3,3,40
Shanghai Masters,2024-10-09,Masters 1000,Hard,4th Round,Sinner J.,Shelton B.,Sinner J.,1,16,1,16
Shanghai Masters,2024-10-09,Masters 1000,Hard,4th Round,Tsitsipas S.,Medvedev D.,Medvedev D.,12,5,5,12
Shanghai Masters,2024-10-09,Masters 1000,Hard,4th Round,Alcaraz C.,Monfils G.,Alcaraz C.,2,46,2,46
Shanghai Masters,2024-10-09,Masters 1000,Hard,4th Round,Paul T.,Machac T.,Machac T.,13,33,33,13
Shanghai Masters,2024-10-09,Masters 1000,Hard,4th Round,Fritz T.,Rune H.,Fritz T.,7,14,7,14
Shanghai Masters,2024-10-10,Masters 1000,Hard,Quarterfinals,Sinner J.,Medvedev D.,Sinner J.,1,5,1,5
Shanghai Masters,2024-10-10,Masters 1000,Hard,Quarterfinals,Alcaraz C.,Machac T.,Machac T.,2,33,33,2
Shanghai Masters,2024-10-12,Masters 1000,Hard,Semifinals,Sinner J.,Machac T.,Sinner J.,1,33,1,33
Shanghai Masters,2024-10-12,Masters 1000,Hard,Semifinals,Fritz T.,Djokovic N.,Djokovic N.,7,4,4,7
Shanghai Masters,2024-10-13,Masters 1000,Hard,The Final,Sinner J.,Djokovic N.,Sinner J.,1,4,1,4
European Open,2024-10-18,ATP250,Hard,Quarterfinals,Tsitsipas S.,Lehecka J.,Lehecka J.,11,33,33,11
European Open,2024-10-19,ATP250,Hard,Semifinals,Lehecka J.,Giron M.,Lehecka J.,33,47,33,47
Nordic Open,2024-10-14,ATP250,Hard,1st Round,Darderi L.,Berrettini M.,Berrettini M.,44,42,42,44
Nordic Open,2024-10-16,ATP250,Hard,2nd Round,Ruud C.,Sonego L.,Ruud C.,8,50,8,50
Nordic Open,2024-10-18,ATP250,Hard,Quarterfinals,Griekspoor T.,Ruud C.,Griekspoor T.,37,8,37,8
Nordic Open,2024-10-19,ATP250,Hard,Semifinals,Griekspoor T.,Dimitrov G.,Dimitrov G.,37,10,10,37
Nordic Open,2024-10-20,ATP250,Hard,The Final,Paul T.,Dimitrov G.,Paul T.,13,10,13,10
Swiss Indoors,2024-10-21,ATP500,Hard,1st Round,Borges N.,Rublev A.,Rublev A.,33,7,7,33
Swiss Indoors,2024-10-22,ATP500,Hard,1st Round,Shelton B.,Etcheverry T.,Shelton B.,23,36,23,36
Swiss Indoors,2024-10-22,ATP500,Hard,1st Round,Rune H.,Jarry N.,Rune H.,14,34,14,34
Swiss Indoors,2024-10-22,ATP500,Hard,1st Round,Cerundolo F.,Tsitsipas S.,Tsitsipas S.,30,11,11,30
Swiss Indoors,2024-10-23,ATP500,Hard,1st Round,Auger-Aliassime F.,Baez S.,Auger-Aliassime F.,19,26,19,26
Swiss Indoors,2024-10-23,ATP500,Hard,1st Round,Lehecka J.,Martinez P.,Martinez P.,28,39,39,28
Swiss Indoors,2024-10-23,ATP500,Hard,1st Round,Bautista Agut R.,Ruud C.,Bautista Agut R.,45,8,45,8
Swiss Indoors,2024-10-23,ATP500,Hard,2nd Round,Tabilo A.,Rublev A.,Rublev A.,21,7,7,21
Swiss Indoors,2024-10-24,ATP500,Hard,2nd Round,Martinez P.,Fils A.,Fils A.,39,20,20,39
Swiss Indoors,2024-10-24,ATP500,Hard,2nd Round,Auger-Aliassime F.,Mpetshi G.,Mpetshi G.,19,50,50,19
Swiss Indoors,2024-10-25,ATP500,Hard,Quarterfinals,Fils A.,Tsitsipas S.,Fils A.,20,11,20,11
Swiss Indoors,2024-10-25,ATP500,Hard,Quarterfinals,Rublev A.,Shelton B.,Shelton B.,7,23,23,7
Swiss Indoors,2024-10-26,ATP500,Hard,Semifinals,Shelton B.,Fils A.,Shelton B.,23,20,23,20
Swiss Indoors,2024-10-26,ATP500,Hard,Semifinals,Rune H.,Mpetshi G.,Mpetshi G.,14,50,50,14
Swiss Indoors,2024-10-27,ATP500,Hard,The Final,Mpetshi G.,Shelton B.,Mpetshi G.,50,23,50,23
Vienna Open,2024-10-22,ATP500,Hard,1st Round,De Minaur A.,Struff J.L.,De Minaur A.,10,40,10,40
Vienna Open,2024-10-22,ATP500,Hard,1st Round,Michelsen A.,Giron M.,Giron M.,43,48,48,43
Vienna Open,2024-10-22,ATP500,Hard,1st Round,Sonego L.,Musetti L.,Musetti L.,49,17,17,49
Vienna Open,2024-10-23,ATP500,Hard,1st Round,Zhang Zh.,Dimitrov G.,Dimitrov G.,46,9,9,46
Vienna Open,2024-10-23,ATP500,Hard,1st Round,Nakashima B.,Paul T.,Nakashima B.,38,12,38,12
Vienna Open,2024-10-23,ATP500,Hard,2nd Round,Giron M.,Zverev A.,Zverev A.,48,3,3,48
Vienna Open,2024-10-23,ATP500,Hard,2nd Round,Berrettini M.,Tiafoe F.,Berrettini M.,41,15,41,15
Vienna Open,2024-10-24,ATP500,Hard,2nd Round,Draper J.,Darderi L.,Draper J.,18,42,18,42
Vienna Open,2024-10-24,ATP500,Hard,2nd Round,Dimitrov G.,Machac T.,Machac T.,9,27,27,9
Vienna Open,2024-10-24,ATP500,Hard,2nd Round,Khachanov K.,Nakashima B.,Khachanov K.,24,38,24,38
Vienna Open,2024-10-25,ATP500,Hard,Quarterfinals,Machac T.,Draper J.,Draper J.,27,18,18,27
Vienna Open,2024-10-25,ATP500,Hard,Quarterfinals,Musetti L.,Zverev A.,Musetti L.,17,3,17,3
Vienna Open,2024-10-25,ATP500,Hard,Quarterfinals,Berrettini M.,Khachanov K.,Khachanov K.,41,24,24,41
Vienna Open,2024-10-26,ATP500,Hard,Semifinals,Musetti L.,Draper J.,Draper J.,17,18,18,17
Vienna Open,2024-10-26,ATP500,Hard,Semifinals,Khachanov K.,De Minaur A.,Khachanov K.,24,10,24,10
Vienna Open,2024-10-27,ATP500,Hard,The Final,Khachanov K.,Draper J.,Draper J.,24,18,18,24
BNP Paribas Masters,2024-10-28,Masters 1000,Hard,1st Round,Griekspoor T.,Darderi L.,Griekspoor T.,39,43,39,43
BNP Paribas Masters,2024-10-28,Masters 1000,Hard,1st Round,Martinez P.,Thompson J.,Thompson J.,41,28,28,41
BNP Paribas Masters,2024-10-28,Masters 1000,Hard,1st Round,Zhang Zh.,Etcheverry T.,Etcheverry T.,47,40,40,47
BNP Paribas Masters,2024-10-28,Masters 1000,Hard,1st Round,Nakashima B.,Humbert U.,Humbert U.,35,18,18,35
BNP Paribas Masters,2024-10-28,Masters 1000,Hard,1st Round,Tabilo A.,Borges N.,Tabilo A.,22,34,22,34
BNP Paribas Masters,2024-10-29,Masters 1000,Hard,1st Round,Struff J.L.,Musetti L.,Struff J.L.,42,16,42,16
BNP Paribas Masters,2024-10-29,Masters 1000,Hard,1st Round,Hurkacz H.,Michelsen A.,Michelsen A.,14,44,44,14
BNP Paribas Masters,2024-10-29,Masters 1000,Hard,1st Round,Berrettini M.,Popyrin A.,Popyrin A.,36,24,24,36
BNP Paribas Masters,2024-10-29,Masters 1000,Hard,1st Round,Mpetshi G.,Tiafoe F.,Mpetshi G.,31,17,31,17
BNP Paribas Masters,2024-10-29,Masters 1000,Hard,1st Round,Rune H.,Arnaldi M.,Rune H.,13,38,13,38
BNP Paribas Masters,2024-10-29,Masters 1000,Hard,1st Round,De Minaur A.,Navone M.,De Minaur A.,10,45,10,45
BNP Paribas Masters,2024-10-29,Masters 1000,Hard,1st Round,Draper J.,Lehecka J.,Draper J.,15,30,15,30
BNP Paribas Masters,2024-10-29,Masters 1000,Hard,2nd Round,Rublev A.,Cerundolo F.,Cerundolo F.,7,29,29,7
BNP Paribas Masters,2024-10-29,Masters 1000,Hard,2nd Round,Alcaraz C.,Jarry N.,Alcaraz C.,2,37,2,37
BNP Paribas Masters,2024-10-29,Masters 1000,Hard,2nd Round,Tabilo A.,Tsitsipas S.,Tsitsipas S.,22,11,11,22
BNP Paribas Masters,2024-10-29,Masters 1000,Hard,2nd Round,Thompson J.,Ruud C.,Thompson J.,28,8,28,8
BNP Paribas Masters,2024-10-30,Masters 1000,Hard,2nd Round,Etcheverry T.,Dimitrov G.,Dimitrov G.,40,9,9,40
BNP Paribas Masters,2024-10-30,Masters 1000,Hard,2nd Round,Medvedev D.,Popyrin A.,Popyrin A.,5,24,24,5
BNP Paribas Masters,2024-10-30,Masters 1000,Hard,2nd Round,Struff J.L.,Fils A.,Fils A.,42,20,20,42
BNP Paribas Masters,2024-10-30,Masters 1000,Hard,2nd Round,Humbert U.,Giron M.,Humbert U.,18,49,18,49
BNP Paribas Masters,2024-10-30,Masters 1000,Hard,2nd Round,Bublik A.,Rune H.,Rune H.,33,13,13,33
BNP Paribas Masters,2024-10-30,Masters 1000,Hard,2nd Round,Khachanov K.,Mpetshi G.,Khachanov K.,21,31,21,31
BNP Paribas Masters,2024-10-30,Masters 1000,Hard,2nd Round,Zverev A.,Griekspoor T.,Zverev A.,3,39,3,39
BNP Paribas Masters,2024-10-30,Masters 1000,Hard,2nd Round,Fritz T.,Draper J.,Draper J.,6,15,15,6
BNP Paribas Masters,2024-10-31,Masters 1000,Hard,3rd Round,Tsitsipas S.,Cerundolo F.,Tsitsipas S.,11,29,11,29
BNP Paribas Masters,2024-10-31,Masters 1000,Hard,3rd Round,Popyrin A.,Khachanov K.,Khachanov K.,24,21,21,24
BNP Paribas Masters,2024-10-31,Masters 1000,Hard,3rd Round,Zverev A.,Fils A.,Zverev A.,3,20,3,20
BNP Paribas Masters,2024-10-31,Masters 1000,Hard,3rd Round,Draper J.,De Minaur A.,De Minaur A.,15,10,10,15
BNP Paribas Masters,2024-10-31,Masters 1000,Hard,3rd Round,Humbert U.,Alcaraz C.,Humbert U.,18,2,18,2
BNP Paribas Masters,2024-11-01,Masters 1000,Hard,Quarterfinals,Tsitsipas S.,Zverev A.,Zverev A.,11,3,3,11
BNP Paribas Masters,2024-11-01,Masters 1000,Hard,Quarterfinals,Rune H.,De Minaur A.,Rune H.,13,10,13,10
BNP Paribas Masters,2024-11-01,Masters 1000,Hard,Quarterfinals,Thompson J.,Humbert U.,Humbert U.,28,18,18,28
BNP Paribas Masters,2024-11-01,Masters 1000,Hard,Quarterfinals,Khachanov K.,Dimitrov G.,Khachanov K.,21,9,21,9
BNP Paribas Masters,2024-11-02,Masters 1000,Hard,Semifinals,Rune H.,Zverev A.,Zverev A.,13,3,3,13
BNP Paribas Masters,2024-11-02,Masters 1000,Hard,Semifinals,Humbert U.,Khachanov K.,Humbert U.,18,21,18,21
BNP Paribas Masters,2024-11-03,Masters 1000,Hard,The Final,Humbert U.,Zverev A.,Zverev A.,18,3,3,18
Masters Cup,2024-11-10,Masters Cup,Hard,Round Robin,Medvedev D.,Fritz T.,Fritz T.,4,5,5,4
Masters Cup,2024-11-10,Masters Cup,Hard,Round Robin,Sinner J.,De Minaur A.,Sinner J.,1,9,1,9
Masters Cup,2024-11-11,Masters Cup,Hard,Round Robin,Alcaraz C.,Ruud C.,Ruud C.,3,7,7,3
Masters Cup,2024-11-11,Masters Cup,Hard,Round Robin,Zverev A.,Rublev A.,Zverev A.,2,8,2,8
Masters Cup,2024-11-12,Masters Cup,Hard,Round Robin,De Minaur A.,Medvedev D.,Medvedev D.,9,4,4,9
Masters Cup,2024-11-12,Masters Cup,Hard,Round Robin,Sinner J.,Fritz T.,Sinner J.,1,5,1,5
Masters Cup,2024-11-13,Masters Cup,Hard,Round Robin,Rublev A.,Alcaraz C.,Alcaraz C.,8,3,3,8
Masters Cup,2024-11-13,Masters Cup,Hard,Round Robin,Zverev A.,Ruud C.,Zverev A.,2,7,2,7
Masters Cup,2024-11-14,Masters Cup,Hard,Round Robin,Fritz T.,De Minaur A.,De Minaur A.,5,9,9,5
Masters Cup,2024-11-14,Masters Cup,Hard,Round Robin,Sinner J.,Medvedev D.,Sinner J.,1,4,1,4
Masters Cup,2024-11-15,Masters Cup,Hard,Round Robin,Alcaraz C.,Zverev A.,Zverev A.,3,2,2,3
Masters Cup,2024-11-15,Masters Cup,Hard,Round Robin,Ruud C.,Rublev A.,Ruud C.,7,8,7,8
Masters Cup,2024-11-16,Masters Cup,Hard,Semifinals,Zverev A.,Fritz T.,Fritz T.,2,5,5,2
Masters Cup,2024-11-16,Masters Cup,Hard,Semifinals,Sinner J.,Ruud C.,Sinner J.,1,7,1,7
Masters Cup,2024-11-17,Masters Cup,Hard,The Final,Fritz T.,Sinner J.,Sinner J.,5,1,1,5
Brisbane International,2024-12-30,ATP250,Hard,1st Round,Thompson J.,Berrettini M.,Thompson J.,26,34,26,34
Brisbane International,2024-12-30,ATP250,Hard,1st Round,Navone M.,Jarry N.,Jarry N.,47,35,35,47
Brisbane International,2024-12-30,ATP250,Hard,1st Round,Rune H.,Lehecka J.,Lehecka J.,13,28,28,13
Brisbane International,2024-12-31,ATP250,Hard,1st Round,Popyrin A.,Arnaldi M.,Arnaldi M.,24,37,37,24
Brisbane International,2025-01-01,ATP250,Hard,2nd Round,Thompson J.,Michelsen A.,Thompson J.,26,41,26,41
Brisbane International,2025-01-02,ATP250,Hard,2nd Round,Tiafoe F.,Mpetshi G.,Mpetshi G.,18,31,31,18
Brisbane International,2025-01-03,ATP250,Hard,Quarterfinals,Jarry N.,Lehecka J.,Lehecka J.,35,28,28,35
Brisbane International,2025-01-03,ATP250,Hard,Quarterfinals,Mpetshi G.,Mensik J.,Mpetshi G.,31,48,31,48
Hong Kong Tennis Open,2025-01-02,ATP250,Hard,2nd Round,Martinez P.,Shang J.,Shang J.,43,50,50,43
Adelaide International,2025-01-09,ATP250,Hard,Quarterfinals,Auger-Aliassime F.,Giron M.,Auger-Aliassime F.,29,45,29,45
Adelaide International,2025-01-10,ATP250,Hard,Semifinals,Auger-Aliassime F.,Paul T.,Auger-Aliassime F.,29,12,29,12
Adelaide International,2025-01-11,ATP250,Hard,The Final,Auger-Aliassime F.,Korda S.,Auger-Aliassime F.,29,22,29,22
ASB Classic,2025-01-05,ATP250,Hard,1st Round,Darderi L.,Borges N.,Borges N.,44,36,36,44
ASB Classic,2025-01-08,ATP250,Hard,2nd Round,Borges N.,Navone M.,Borges N.,36,46,36,46
ASB Classic,2025-01-08,ATP250,Hard,2nd Round,Shelton B.,Mensik J.,Mensik J.,21,49,49,21
ASB Classic,2025-01-09,ATP250,Hard,Quarterfinals,Mensik J.,Borges N.,Borges N.,49,36,36,49
Australian Open,2025-01-13,Grand Slam,Hard,1st Round,Tsitsipas S.,Michelsen A.,Michelsen A.,12,42,42,12
Australian Open,2025-01-13,Grand Slam,Hard,1st Round,Sinner J.,Jarry N.,Sinner J.,1,36,1,36
Australian Open,2025-01-13,Grand Slam,Hard,1st Round,Draper J.,Navone M.,Draper J.,18,47,18,47
Australian Open,2025-01-13,Grand Slam,Hard,1st Round,Auger-Aliassime F.,Struff J.L.,Auger-Aliassime F.,23,43,23,43
Australian Open,2025-01-14,Grand Slam,Hard,1st Round,Zhang Zh.,Rune H.,Rune H.,49,13,13,49
Australian Open,2025-01-14,Grand Slam,Hard,1st Round,Cerundolo F.,Bublik A.,Cerundolo F.,31,37,31,37
Australian Open,2025-01-14,Grand Slam,Hard,1st Round,Mpetshi G.,Monfils G.,Monfils G.,30,41,41,30
Australian Open,2025-01-14,Grand Slam,Hard,1st Round,Hurkacz H.,Griekspoor T.,Hurkacz H.,17,40,17,40
Australian Open,2025-01-14,Grand Slam,Hard,1st Round,Musetti L.,Arnaldi M.,Musetti L.,15,39,15,39
Australian Open,2025-01-14,Grand Slam,Hard,1st Round,Nakashima B.,Shelton B.,Shelton B.,35,20,20,35
Australian Open,2025-01-14,Grand Slam,Hard,1st Round,Cobolli F.,Etcheverry T.,Etcheverry T.,32,38,38,32
Australian Open,2025-01-15,Grand Slam,Hard,2nd Round,Thompson J.,Borges N.,Borges N.,27,33,33,27
Australian Open,2025-01-15,Grand Slam,Hard,2nd Round,Ruud C.,Mensik J.,Mensik J.,6,48,48,6
Australian Open,2025-01-15,Grand Slam,Hard,2nd Round,Martinez P.,Zverev A.,Zverev A.,44,2,2,44
Australian Open,2025-01-16,Grand Slam,Hard,2nd Round,Etcheverry T.,Giron M.,Giron M.,38,46,46,38
Australian Open,2025-01-16,Grand Slam,Hard,2nd Round,Berrettini M.,Rune H.,Rune H.,34,13,13,34
Australian Open,2025-01-17,Grand Slam,Hard,3rd Round,Borges N.,Alcaraz C.,Alcaraz C.,33,3,3,33
Australian Open,2025-01-17,Grand Slam,Hard,3rd Round,Djokovic N.,Machac T.,Djokovic N.,7,25,7,25
Australian Open,2025-01-18,Grand Slam,Hard,3rd Round,Khachanov K.,Michelsen A.,Michelsen A.,19,42,42,19
Australian Open,2025-01-18,Grand Slam,Hard,3rd Round,Monfils G.,Fritz T.,Monfils G.,41,4,41,4
Australian Open,2025-01-18,Grand Slam,Hard,3rd Round,Cerundolo F.,De Minaur A.,De Minaur A.,31,8,8,31
Australian Open,2025-01-18,Grand Slam,Hard,3rd Round,Shelton B.,Musetti L.,Shelton B.,20,15,20,15
Australian Open,2025-01-18,Grand Slam,Hard,3rd Round,Giron M.,Sinner J.,Sinner J.,46,1,1,46
Australian Open,2025-01-19,Grand Slam,Hard,4th Round,Zverev A.,Humbert U.,Zverev A.,2,14,2,14
Australian Open,2025-01-19,Grand Slam,Hard,4th Round,Lehecka J.,Djokovic N.,Djokovic N.,29,7,7,29
Australian Open,2025-01-20,Grand Slam,Hard,4th Round,Sinner J.,Rune H.,Sinner J.,1,13,1,13
Australian Open,2025-01-20,Grand Slam,Hard,4th Round,De Minaur A.,Michelsen A.,De Minaur A.,8,42,8,42
Australian Open,2025-01-21,Grand Slam,Hard,Quarterfinals,Paul T.,Zverev A.,Zverev A.,11,2,2,11
Australian Open,2025-01-21,Grand Slam,Hard,Quarterfinals,Djokovic N.,Alcaraz C.,Djokovic N.,7,3,7,3
Australian Open,2025-01-22,Grand Slam,Hard,Quarterfinals,Sinner J.,De Minaur A.,Sinner J.,1,8,1,8
Australian Open,2025-01-24,Grand Slam,Hard,Semifinals,Shelton B.,Sinner J.,Sinner J.,20,1,1,20
Australian Open,2025-01-26,Grand Slam,Hard,The Final,Sinner J.,Zverev A.,Sinner J.,1,2,1,2
ABN AMRO World Tennis Tournament,2025-02-03,ATP500,Hard,1st Round,Cobolli F.,Hurkacz H.,Hurkacz H.,35,21,21,35
ABN AMRO World Tennis Tournament,2025-02-04,ATP500,Hard,1st Round,Popyrin A.,Lehecka J.,Lehecka J.,26,24,24,26
ABN AMRO World Tennis Tournament,2025-02-04,ATP500,Hard,1st Round,Bublik A.,Mensik J.,Mensik J.,49,47,47,49
ABN AMRO World Tennis Tournament,2025-02-04,ATP500,Hard,1st Round,Rublev A.,Zhang Zh.,Rublev A.,10,50,10,50
ABN AMRO World Tennis Tournament,2025-02-04,ATP500,Hard,1st Round,Sonego L.,Rune H.,Rune H.,34,14,14,34
ABN AMRO World Tennis Tournament,2025-02-05,ATP500,Hard,1st Round,Berrettini M.,Griekspoor T.,Griekspoor T.,33,43,43,33
ABN AMRO World Tennis Tournament,2025-02-06,ATP500,Hard,2nd Round,Mensik J.,De Minaur A.,De Minaur A.,47,8,8,47
ABN AMRO World Tennis Tournament,2025-02-06,ATP500,Hard,2nd Round,Tsitsipas S.,Griekspoor T.,Tsitsipas S.,12,43,12,43
ABN AMRO World Tennis Tournament,2025-02-06,ATP500,Hard,2nd Round,Martinez P.,Rune H.,Martinez P.,44,14,44,14
ABN AMRO World Tennis Tournament,2025-02-07,ATP500,Hard,Quarterfinals,Martinez P.,Alcaraz C.,Alcaraz C.,44,3,3,44
ABN AMRO World Tennis Tournament,2025-02-07,ATP500,Hard,Quarterfinals,Hurkacz H.,Rublev A.,Hurkacz H.,21,10,21,10
ABN AMRO World Tennis Tournament,2025-02-08,ATP500,Hard,Semifinals,Alcaraz C.,Hurkacz H.,Alcaraz C.,3,21,3,21
ABN AMRO World Tennis Tournament,2025-02-09,ATP500,Hard,The Final,De Minaur A.,Alcaraz C.,Alcaraz C.,8,3,3,8
Argentina Open,2025-02-13,ATP250,Clay,2nd Round,Navone M.,Rune H.,Navone M.,47,12,47,12
Argentina Open,2025-02-14,ATP250,Clay,Quarterfinals,Cerundolo F.,Zverev A.,Cerundolo F.,28,2,28,2
Argentina Open,2025-02-15,ATP250,Clay,Semifinals,Cerundolo F.,Martinez P.,Cerundolo F.,28,41,28,41
Delray Beach Open,2025-02-14,ATP250,Hard,Quarterfinals,Arnaldi M.,Nakashima B.,Arnaldi M.,38,43,38,43
Open 13,2025-02-12,ATP250,Hard,2nd Round,Bublik A.,Humbert U.,Humbert U.,48,17,17,48
Open 13,2025-02-14,ATP250,Hard,Quarterfinals,Humbert U.,Sonego L.,Humbert U.,17,35,17,35
Open 13,2025-02-14,ATP250,Hard,Quarterfinals,Struff J.L.,Medvedev D.,Medvedev D.,46,8,8,46
Qatar Exxon Mobil Open,2025-02-17,ATP500,Hard,1st Round,Dimitrov G.,Lehecka J.,Lehecka J.,15,25,25,15
Qatar Exxon Mobil Open,2025-02-17,ATP500,Hard,1st Round,Draper J.,Popyrin A.,Draper J.,16,27,16,27
Qatar Exxon Mobil Open,2025-02-18,ATP500,Hard,1st Round,Bublik A.,Rublev A.,Rublev A.,48,10,10,48
Qatar Exxon Mobil Open,2025-02-18,ATP500,Hard,1st Round,Medvedev D.,Khachanov K.,Medvedev D.,6,21,6,21
Qatar Exxon Mobil Open,2025-02-18,ATP500,Hard,1st Round,Berrettini M.,Djokovic N.,Berrettini M.,35,7,35,7
Qatar Exxon Mobil Open,2025-02-19,ATP500,Hard,2nd Round,Borges N.,Rublev A.,Rublev A.,39,10,10,39
Qatar Exxon Mobil Open,2025-02-20,ATP500,Hard,Quarterfinals,De Minaur A.,Rublev A.,Rublev A.,8,10,10,8
Qatar Exxon Mobil Open,2025-02-20,ATP500,Hard,Quarterfinals,Lehecka J.,Alcaraz C.,Lehecka J.,25,3,25,3
Qatar Exxon Mobil Open,2025-02-20,ATP500,Hard,Quarterfinals,Berrettini M.,Draper J.,Draper J.,35,16,16,35
Qatar Exxon Mobil Open,2025-02-21,ATP500,Hard,Semifinals,Rublev A.,Auger-Aliassime F.,Rublev A.,10,23,10,23
Qatar Exxon Mobil Open,2025-02-21,ATP500,Hard,Semifinals,Lehecka J.,Draper J.,Draper J.,25,16,16,25
Qatar Exxon Mobil Open,2025-02-22,ATP500,Hard,The Final,Rublev A.,Draper J.,Rublev A.,10,16,10,16
Rio Open,2025-02-19,ATP500,Clay,2nd Round,Navone M.,Baez S.,Baez S.,46,31,31,46
Abierto Mexicano,2025-02-25,ATP500,Hard,1st Round,Shelton B.,Cobolli F.,Shelton B.,14,39,14,39
Abierto Mexicano,2025-02-26,ATP500,Hard,1st Round,Carballes Baena R.,Rune H.,Rune H.,50,13,13,50
Abierto Mexicano,2025-02-26,ATP500,Hard,1st Round,Zverev A.,Arnaldi M.,Zverev A.,2,33,2,33
Abierto Mexicano,2025-02-26,ATP500,Hard,1st Round,Tiafoe F.,Muller A.,Tiafoe F.,18,41,18,41
Abierto Mexicano,2025-02-27,ATP500,Hard,2nd Round,Michelsen A.,Shapovalov D.,Shapovalov D.,34,32,32,34
Abierto Mexicano,2025-02-27,ATP500,Hard,2nd Round,Tiafoe F.,Davidovich Fokina A.,Davidovich Fokina A.,18,48,48,18
Abierto Mexicano,2025-03-01,ATP500,Hard,Semifinals,Machac T.,Nakashima B.,Machac T.,25,42,25,42
Abierto Mexicano,2025-03-01,ATP500,Hard,Semifinals,Shapovalov D.,Davidovich Fokina A.,Davidovich Fokina A.,32,48,48,32
Abierto Mexicano,2025-03-02,ATP500,Hard,The Final,Machac T.,Davidovich Fokina A.,Machac T.,25,48,25,48
Dubai Tennis Championships,2025-02-24,ATP500,Hard,1st Round,Sonego L.,Tsitsipas S.,Tsitsipas S.,35,11,11,35
Dubai Tennis Championships,2025-02-24,ATP500,Hard,1st Round,Mpetshi G.,Zhang Zh.,Mpetshi G.,29,49,29,49
Dubai Tennis Championships,2025-02-25,ATP500,Hard,1st Round,Fils A.,Borges N.,Borges N.,19,38,38,19
Dubai Tennis Championships,2025-02-25,ATP500,Hard,1st Round,Lehecka J.,Humbert U.,Humbert U.,22,15,15,22
Dubai Tennis Championships,2025-02-25,ATP500,Hard,1st Round,Medvedev D.,Struff J.L.,Medvedev D.,6,46,6,46
Dubai Tennis Championships,2025-02-25,ATP500,Hard,1st Round,Monfils G.,Berrettini M.,Berrettini M.,40,30,30,40
Dubai Tennis Championships,2025-02-26,ATP500,Hard,2nd Round,Auger-Aliassime F.,Borges N.,Auger-Aliassime F.,21,38,21,38
Dubai Tennis Championships,2025-02-26,ATP500,Hard,2nd Round,Humbert U.,Griekspoor T.,Griekspoor T.,15,47,47,15
Dubai Tennis Championships,2025-02-26,ATP500,Hard,2nd Round,Mpetshi G.,Medvedev D.,Medvedev D.,29,6,6,29
Dubai Tennis Championships,2025-02-26,ATP500,Hard,2nd Round,Khachanov K.,Tsitsipas S.,Tsitsipas S.,24,11,11,24
Dubai Tennis Championships,2025-02-27,ATP500,Hard,Quarterfinals,Griekspoor T.,Medvedev D.,Griekspoor T.,47,6,47,6
Dubai Tennis Championships,2025-02-27,ATP500,Hard,Quarterfinals,Berrettini M.,Tsitsipas S.,Tsitsipas S.,30,11,11,30
Dubai Tennis Championships,2025-02-28,ATP500,Hard,Semifinals,Griekspoor T.,Tsitsipas S.,Tsitsipas S.,47,11,11,47
Dubai Tennis Championships,2025-03-01,ATP500,Hard,The Final,Tsitsipas S.,Auger-Aliassime F.,Tsitsipas S.,11,21,11,21
Chile Open,2025-02-28,ATP250,Clay,Quarterfinals,Cerundolo F.,Etcheverry T.,Cerundolo F.,26,43,26,43
BNP Paribas Open,2025-03-05,Masters 1000,Hard,1st Round,Griekspoor T.,Kecmanovic M.,Griekspoor T.,43,49,43,49
BNP Paribas Open,2025-03-06,Masters 1000,Hard,1st Round,Struff J.L.,Monfils G.,Monfils G.,46,42,42,46
BNP Paribas Open,2025-03-07,Masters 1000,Hard,2nd Round,Griekspoor T.,Zverev A.,Griekspoor T.,43,2,43,2
BNP Paribas Open,2025-03-07,Masters 1000,Hard,2nd Round,Giron M.,Ruud C.,Giron M.,48,5,48,5
BNP Paribas Open,2025-03-08,Masters 1000,Hard,2nd Round,Rublev A.,Arnaldi M.,Arnaldi M.,8,35,35,8
BNP Paribas Open,2025-03-09,Masters 1000,Hard,2nd Round,Borges N.,Dimitrov G.,Dimitrov G.,36,15,15,36
BNP Paribas Open,2025-03-09,Masters 1000,Hard,2nd Round,Monfils G.,Korda S.,Monfils G.,42,25,42,25
BNP Paribas Open,2025-03-09,Masters 1000,Hard,3rd Round,Griekspoor T.,Mpetshi G.,Griekspoor T.,43,30,43,30
BNP Paribas Open,2025-03-09,Masters 1000,Hard,3rd Round,Popyrin A.,Giron M.,Giron M.,27,48,48,27
BNP Paribas Open,2025-03-09,Masters 1000,Hard,3rd Round,Tsitsipas S.,Berrettini M.,Tsitsipas S.,9,29,9,29
BNP Paribas Open,2025-03-09,Masters 1000,Hard,3rd Round,Humbert U.,Rune H.,Rune H.,19,13,13,19
BNP Paribas Open,2025-03-10,Masters 1000,Hard,3rd Round,Fils A.,Musetti L.,Fils A.,21,16,21,16
BNP Paribas Open,2025-03-10,Masters 1000,Hard,3rd Round,De Minaur A.,Hurkacz H.,De Minaur A.,10,22,10,22
BNP Paribas Open,2025-03-10,Masters 1000,Hard,3rd Round,Tabilo A.,Fritz T.,Fritz T.,31,4,4,31
BNP Paribas Open,2025-03-10,Masters 1000,Hard,3rd Round,Nakashima B.,Arnaldi M.,Nakashima B.,33,35,33,35
BNP Paribas Open,2025-03-10,Masters 1000,Hard,3rd Round,Khachanov K.,Shelton B.,Shelton B.,23,12,12,23
BNP Paribas Open,2025-03-11,Masters 1000,Hard,3rd Round,Alcaraz C.,Shapovalov D.,Alcaraz C.,3,28,3,28
BNP Paribas Open,2025-03-11,Masters 1000,Hard,3rd Round,Monfils G.,Dimitrov G.,Dimitrov G.,42,15,15,42
BNP Paribas Open,2025-03-11,Masters 1000,Hard,4th Round,Tsitsipas S.,Rune H.,Rune H.,9,13,13,9
BNP Paribas Open,2025-03-11,Masters 1000,Hard,4th Round,Fils A.,Giron M.,Fils A.,21,48,21,48
BNP Paribas Open,2025-03-12,Masters 1000,Hard,4th Round,Paul T.,Medvedev D.,Medvedev D.,11,6,6,11
BNP Paribas Open,2025-03-12,Masters 1000,Hard,4th Round,Shelton B.,Nakashima B.,Shelton B.,12,33,12,33
BNP Paribas Open,2025-03-12,Masters 1000,Hard,4th Round,De Minaur A.,Cerundolo F.,Cerundolo F.,10,26,26,10
BNP Paribas Open,2025-03-12,Masters 1000,Hard,4th Round,Draper J.,Fritz T.,Draper J.,14,4,14,4
BNP Paribas Open,2025-03-13,Masters 1000,Hard,4th Round,Dimitrov G.,Alcaraz C.,Alcaraz C.,15,3,3,15
BNP Paribas Open,2025-03-13,Masters 1000,Hard,Quarterfinals,Rune H.,Griekspoor T.,Rune H.,13,43,13,43
BNP Paribas Open,2025-03-13,Masters 1000,Hard,Quarterfinals,Fils A.,Medvedev D.,Medvedev D.,21,6,6,21
BNP Paribas Open,2025-03-14,Masters 1000,Hard,Quarterfinals,Draper J.,Shelton B.,Draper J.,14,12,14,12
BNP Paribas Open,2025-03-14,Masters 1000,Hard,Quarterfinals,Cerundolo F.,Alcaraz C.,Alcaraz C.,26,3,3,26
BNP Paribas Open,2025-03-15,Masters 1000,Hard,Semifinals,Rune H.,Medvedev D.,Rune H.,13,6,13,6
BNP Paribas Open,2025-03-15,Masters 1000,Hard,Semifinals,Alcaraz C.,Draper J.,Draper J.,3,14,14,3
BNP Paribas Open,2025-03-16,Masters 1000,Hard,The Final,Draper J.,Rune H.,Draper J.,14,13,14,13
Miami Open,2025-03-20,Masters 1000,Hard,1st Round,Thompson J.,Giron M.,Thompson J.,37,45,37,45
Miami Open,2025-03-20,Masters 1000,Hard,1st Round,Struff J.L.,Davidovich Fokina A.,Davidovich Fokina A.,49,39,39,49
Miami Open,2025-03-21,Masters 1000,Hard,2nd Round,Ruud C.,Kecmanovic M.,Ruud C.,6,48,6,48
Miami Open,2025-03-21,Masters 1000,Hard,2nd Round,Monfils G.,Lehecka J.,Monfils G.,46,27,46,27
Miami Open,2025-03-22,Masters 1000,Hard,2nd Round,Cerundolo F.,Muller A.,Cerundolo F.,24,41,24,41
Miami Open,2025-03-22,Masters 1000,Hard,2nd Round,Sonego L.,Fritz T.,Fritz T.,38,4,4,38
Miami Open,2025-03-22,Masters 1000,Hard,2nd Round,Machac T.,Arnaldi M.,Machac T.,21,35,21,35
Miami Open,2025-03-22,Masters 1000,Hard,2nd Round,Mpetshi G.,Thompson J.,Thompson J.,29,37,37,29
Miami Open,2025-03-22,Masters 1000,Hard,2nd Round,Davidovich Fokina A.,Tiafoe F.,Tiafoe F.,39,17,17,39
Miami Open,2025-03-23,Masters 1000,Hard,3rd Round,Khachanov K.,Dimitrov G.,Dimitrov G.,23,15,15,23
Miami Open,2025-03-23,Masters 1000,Hard,3rd Round,Musetti L.,Auger-Aliassime F.,Musetti L.,16,19,16,19
Miami Open,2025-03-23,Masters 1000,Hard,3rd Round,Tsitsipas S.,Korda S.,Korda S.,10,25,25,10
Miami Open,2025-03-24,Masters 1000,Hard,3rd Round,Tabilo A.,Ruud C.,Ruud C.,31,6,6,31
Miami Open,2025-03-24,Masters 1000,Hard,3rd Round,Cerundolo F.,Paul T.,Cerundolo F.,24,13,24,13
Miami Open,2025-03-24,Masters 1000,Hard,3rd Round,Thompson J.,Zverev A.,Zverev A.,37,2,2,37
Miami Open,2025-03-24,Masters 1000,Hard,3rd Round,Fritz T.,Shapovalov D.,Fritz T.,4,28,4,28
Miami Open,2025-03-24,Masters 1000,Hard,3rd Round,Fils A.,Tiafoe F.,Fils A.,18,17,18,17
Miami Open,2025-03-25,Masters 1000,Hard,4th Round,Nakashima B.,Dimitrov G.,Dimitrov G.,32,15,15,32
Miami Open,2025-03-25,Masters 1000,Hard,4th Round,Korda S.,Monfils G.,Korda S.,25,46,25,46
Miami Open,2025-03-25,Masters 1000,Hard,4th Round,Ruud C.,Cerundolo F.,Cerundolo F.,6,24,24,6
Miami Open,2025-03-25,Masters 1000,Hard,4th Round,Djokovic N.,Musetti L.,Djokovic N.,5,16,5,16
Miami Open,2025-03-25,Masters 1000,Hard,4th Round,De Minaur A.,Berrettini M.,Berrettini M.,11,30,30,11
Miami Open,2025-03-26,Masters 1000,Hard,4th Round,Zverev A.,Fils A.,Fils A.,2,18,18,2
Miami Open,2025-03-26,Masters 1000,Hard,Quarterfinals,Dimitrov G.,Cerundolo F.,Dimitrov G.,15,24,15,24
Miami Open,2025-03-27,Masters 1000,Hard,Quarterfinals,Djokovic N.,Korda S.,Djokovic N.,5,25,5,25
Miami Open,2025-03-27,Masters 1000,Hard,Quarterfinals,Berrettini M.,Fritz T.,Fritz T.,30,4,4,30
Miami Open,2025-03-28,Masters 1000,Hard,Semifinals,Djokovic N.,Dimitrov G.,Djokovic N.,5,15,5,15
Tiriac Open,2025-04-06,ATP250,Clay,The Final,Baez S.,Cobolli F.,Cobolli F.,36,45,45,36
U.S.Men's Clay Court Championships,2025-04-05,ATP250,Clay,Quarterfinals,Tiafoe F.,Michelsen A.,Tiafoe F.,17,34,17,34
U.S.Men's Clay Court Championships,2025-04-06,ATP250,Clay,Semifinals,Tiafoe F.,Nakashima B.,Tiafoe F.,17,33,17,33
Monte Carlo Masters,2025-04-06,Masters 1000,Clay,1st Round,Mpetshi G.,Thompson J.,Thompson J.,30,38,38,30
Monte Carlo Masters,2025-04-07,Masters 1000,Clay,1st Round,Shapovalov D.,Giron M.,Giron M.,29,45,45,29
Monte Carlo Masters,2025-04-07,Masters 1000,Clay,1st Round,Lehecka J.,Korda S.,Lehecka J.,28,24,28,24
Monte Carlo Masters,2025-04-07,Masters 1000,Clay,1st Round,Medvedev D.,Khachanov K.,Medvedev D.,11,25,11,25
Monte Carlo Masters,2025-04-07,Masters 1000,Clay,1st Round,Shelton B.,Davidovich Fokina A.,Davidovich Fokina A.,14,42,42,14
Monte Carlo Masters,2025-04-08,Masters 1000,Clay,1st Round,Humbert U.,Popyrin A.,Popyrin A.,20,27,27,20
Monte Carlo Masters,2025-04-08,Masters 1000,Clay,1st Round,Baez S.,Machac T.,Machac T.,33,21,21,33
Monte Carlo Masters,2025-04-08,Masters 1000,Clay,1st Round,Fils A.,Griekspoor T.,Fils A.,15,35,15,35
Monte Carlo Masters,2025-04-08,Masters 1000,Clay,1st Round,Kecmanovic M.,Tiafoe F.,Tiafoe F.,47,17,17,47
Monte Carlo Masters,2025-04-08,Masters 1000,Clay,2nd Round,Berrettini M.,Zverev A.,Berrettini M.,34,2,34,2
Monte Carlo Masters,2025-04-08,Masters 1000,Clay,2nd Round,Thompson J.,Tsitsipas S.,Tsitsipas S.,38,8,8,38
Monte Carlo Masters,2025-04-08,Masters 1000,Clay,2nd Round,Draper J.,Giron M.,Draper J.,6,45,6,45
Monte Carlo Masters,2025-04-09,Masters 1000,Clay,2nd Round,Etcheverry T.,Davidovich Fokina A.,Davidovich Fokina A.,46,42,42,46
Monte Carlo Masters,2025-04-09,Masters 1000,Clay,2nd Round,Musetti L.,Lehecka J.,Musetti L.,16,28,16,28
Monte Carlo Masters,2025-04-09,Masters 1000,Clay,2nd Round,Cobolli F.,Fils A.,Fils A.,36,15,15,36
Monte Carlo Masters,2025-04-09,Masters 1000,Clay,2nd Round,Rublev A.,Monfils G.,Rublev A.,9,44,9,44
Monte Carlo Masters,2025-04-09,Masters 1000,Clay,2nd Round,Cerundolo F.,Alcaraz C.,Alcaraz C.,22,3,3,22
Monte Carlo Masters,2025-04-09,Masters 1000,Clay,2nd Round,De Minaur A.,Machac T.,De Minaur A.,10,21,10,21
Monte Carlo Masters,2025-04-09,Masters 1000,Clay,2nd Round,Tabilo A.,Djokovic N.,Tabilo A.,32,5,32,5
Monte Carlo Masters,2025-04-09,Masters 1000,Clay,2nd Round,Tiafoe F.,Popyrin A.,Popyrin A.,17,27,27,17
Monte Carlo Masters,2025-04-09,Masters 1000,Clay,2nd Round,Muller A.,Medvedev D.,Medvedev D.,39,11,11,39
Monte Carlo Masters,2025-04-10,Masters 1000,Clay,3rd Round,Fils A.,Rublev A.,Fils A.,15,9,15,9
Monte Carlo Masters,2025-04-10,Masters 1000,Clay,3rd Round,Draper J.,Davidovich Fokina A.,Davidovich Fokina A.,6,42,42,6
Monte Carlo Masters,2025-04-10,Masters 1000,Clay,3rd Round,Popyrin A.,Ruud C.,Popyrin A.,27,7,27,7
Monte Carlo Masters,2025-04-10,Masters 1000,Clay,3rd Round,Musetti L.,Berrettini M.,Musetti L.,16,34,16,34
Monte Carlo Masters,2025-04-10,Masters 1000,Clay,3rd Round,Medvedev D.,De Minaur A.,De Minaur A.,11,10,10,11
Monte Carlo Masters,2025-04-10,Masters 1000,Clay,3rd Round,Tsitsipas S.,Borges N.,Tsitsipas S.,8,43,8,43
Monte Carlo Masters,2025-04-10,Masters 1000,Clay,3rd Round,Tabilo A.,Dimitrov G.,Dimitrov G.,32,18,18,32
Monte Carlo Masters,2025-04-11,Masters 1000,Clay,Quarterfinals,Davidovich Fokina A.,Popyrin A.,Davidovich Fokina A.,42,27,42,27
Monte Carlo Masters,2025-04-11,Masters 1000,Clay,Quarterfinals,Fils A.,Alcaraz C.,Alcaraz C.,15,3,3,15
Monte Carlo Masters,2025-04-11,Masters 1000,Clay,Quarterfinals,De Minaur A.,Dimitrov G.,De Minaur A.,10,18,10,18
Monte Carlo Masters,2025-04-11,Masters 1000,Clay,Quarterfinals,Tsitsipas S.,Musetti L.,Musetti L.,8,16,16,8
Monte Carlo Masters,2025-04-12,Masters 1000,Clay,Semifinals,Alcaraz C.,Davidovich Fokina A.,Alcaraz C.,3,42,3,42
Monte Carlo Masters,2025-04-12,Masters 1000,Clay,Semifinals,De Minaur A.,Musetti L.,Musetti L.,10,16,16,10
Monte Carlo Masters,2025-04-13,Masters 1000,Clay,The Final,Alcaraz C.,Musetti L.,Alcaraz C.,3,16,3,16
Barcelona Open,2025-04-14,ATP500,Clay,1st Round,Nakashima B.,Martinez P.,Martinez P.,32,49,49,32
Barcelona Open,2025-04-14,ATP500,Clay,1st Round,Korda S.,Arnaldi M.,Korda S.,24,42,24,42
Barcelona Open,2025-04-15,ATP500,Clay,1st Round,De Minaur A.,Etcheverry T.,De Minaur A.,7,46,7,46
Barcelona Open,2025-04-16,ATP500,Clay,2nd Round,Martinez P.,Fils A.,Fils A.,49,14,14,49
Barcelona Open,2025-04-16,ATP500,Clay,2nd Round,Rune H.,Baez S.,Rune H.,13,35,13,35
Barcelona Open,2025-04-16,ATP500,Clay,2nd Round,Korda S.,Tsitsipas S.,Tsitsipas S.,24,16,16,24
Barcelona Open,2025-04-17,ATP500,Clay,2nd Round,Davidovich Fokina A.,Rublev A.,Davidovich Fokina A.,30,8,30,8
Barcelona Open,2025-04-18,ATP500,Clay,Quarterfinals,Davidovich Fokina A.,Khachanov K.,Khachanov K.,30,27,27,30
Barcelona Open,2025-04-18,ATP500,Clay,Quarterfinals,Rune H.,Ruud C.,Rune H.,13,10,13,10
Barcelona Open,2025-04-18,ATP500,Clay,Quarterfinals,De Minaur A.,Alcaraz C.,Alcaraz C.,7,2,2,7
Barcelona Open,2025-04-19,ATP500,Clay,Semifinals,Rune H.,Khachanov K.,Rune H.,13,27,13,27
Barcelona Open,2025-04-19,ATP500,Clay,Semifinals,Fils A.,Alcaraz C.,Alcaraz C.,14,2,2,14
Barcelona Open,2025-04-20,ATP500,Clay,The Final,Rune H.,Alcaraz C.,Rune H.,13,2,13,2
BMW Open,2025-04-14,ATP500,Clay,1st Round,Kecmanovic M.,Giron M.,Kecmanovic M.,48,45,48,45
BMW Open,2025-04-14,ATP500,Clay,1st Round,Muller A.,Zverev A.,Zverev A.,40,3,3,40
BMW Open,2025-04-16,ATP500,Clay,2nd Round,Darderi L.,Kecmanovic M.,Darderi L.,47,48,47,48
BMW Open,2025-04-18,ATP500,Clay,Quarterfinals,Darderi L.,Shelton B.,Shelton B.,47,15,15,47
BMW Open,2025-04-18,ATP500,Clay,Quarterfinals,Zverev A.,Griekspoor T.,Zverev A.,3,37,3,37
BMW Open,2025-04-19,ATP500,Clay,Semifinals,Shelton B.,Cerundolo F.,Shelton B.,15,22,15,22
BMW Open,2025-04-20,ATP500,Clay,The Final,Zverev A.,Shelton B.,Zverev A.,3,15,3,15
Mutua Madrid Open,2025-04-24,Masters 1000,Clay,1st Round,Sonego L.,Kecmanovic M.,Sonego L.,43,47,43,47
Mutua Madrid Open,2025-04-25,Masters 1000,Clay,2nd Round,Davidovich Fokina A.,Borges N.,Davidovich Fokina A.,29,41,29,41
Mutua Madrid Open,2025-04-26,Masters 1000,Clay,2nd Round,Sonego L.,De Minaur A.,De Minaur A.,43,7,7,43
Mutua Madrid Open,2025-04-26,Masters 1000,Clay,2nd Round,Arnaldi M.,Djokovic N.,Arnaldi M.,44,5,44,5
Mutua Madrid Open,2025-04-26,Masters 1000,Clay,2nd Round,Humbert U.,Muller A.,Muller A.,22,39,39,22
Mutua Madrid Open,2025-04-26,Masters 1000,Clay,2nd Round,Berrettini M.,Giron M.,Berrettini M.,31,45,31,45
Mutua Madrid Open,2025-04-26,Masters 1000,Clay,2nd Round,Griekspoor T.,Draper J.,Draper J.,34,6,6,34
Mutua Madrid Open,2025-04-27,Masters 1000,Clay,3rd Round,Nakashima B.,Cobolli F.,Nakashima B.,32,36,32,36
Mutua Madrid Open,2025-04-27,Masters 1000,Clay,3rd Round,Zverev A.,Davidovich Fokina A.,Zverev A.,2,29,2,29
Mutua Madrid Open,2025-04-27,Masters 1000,Clay,3rd Round,Mensik J.,Shelton B.,Mensik J.,23,13,23,13
Mutua Madrid Open,2025-04-27,Masters 1000,Clay,3rd Round,Ruud C.,Korda S.,Ruud C.,15,24,15,24
Mutua Madrid Open,2025-04-29,Masters 1000,Clay,3rd Round,De Minaur A.,Shapovalov D.,De Minaur A.,7,30,7,30
Mutua Madrid Open,2025-04-29,Masters 1000,Clay,3rd Round,Khachanov K.,Paul T.,Paul T.,25,12,12,25
Mutua Madrid Open,2025-04-29,Masters 1000,Clay,3rd Round,Tiafoe F.,Muller A.,Tiafoe F.,17,39,17,39
Mutua Madrid Open,2025-04-29,Masters 1000,Clay,3rd Round,Tsitsipas S.,Musetti L.,Musetti L.,18,11,11,18
Mutua Madrid Open,2025-04-29,Masters 1000,Clay,4th Round,Zverev A.,Cerundolo F.,Cerundolo F.,2,21,21,2
Mutua Madrid Open,2025-04-29,Masters 1000,Clay,4th Round,Medvedev D.,Nakashima B.,Medvedev D.,10,32,10,32
Mutua Madrid Open,2025-04-29,Masters 1000,Clay,4th Round,Fritz T.,Ruud C.,Ruud C.,4,15,15,4
Mutua Madrid Open,2025-04-30,Masters 1000,Clay,4th Round,Arnaldi M.,Tiafoe F.,Arnaldi M.,44,17,44,17
Mutua Madrid Open,2025-04-30,Masters 1000,Clay,4th Round,Paul T.,Draper J.,Draper J.,12,6,6,12
Mutua Madrid Open,2025-04-30,Masters 1000,Clay,4th Round,De Minaur A.,Musetti L.,Musetti L.,7,11,11,7
Mutua Madrid Open,2025-05-01,Masters 1000,Clay,Quarterfinals,Ruud C.,Medvedev D.,Ruud C.,15,10,15,10
Mutua Madrid Open,2025-05-01,Masters 1000,Clay,Quarterfinals,Mensik J.,Cerundolo F.,Cerundolo F.,23,21,21,23
Mutua Madrid Open,2025-05-01,Masters 1000,Clay,Quarterfinals,Draper J.,Arnaldi M.,Draper J.,6,44,6,44
Mutua Madrid Open,2025-05-02,Masters 1000,Clay,Semifinals,Ruud C.,Cerundolo F.,Ruud C.,15,21,15,21
Mutua Madrid Open,2025-05-02,Masters 1000,Clay,Semifinals,Musetti L.,Draper J.,Draper J.,11,6,6,11
Mutua Madrid Open,2025-05-03,Masters 1000,Clay,The Final,Ruud C.,Draper J.,Ruud C.,15,6,15,6
Internazionali BNL d'Italia,2025-05-07,Masters 1000,Clay,1st Round,Lehecka J.,Muller A.,Muller A.,38,39,39,38
Internazionali BNL d'Italia,2025-05-07,Masters 1000,Clay,1st Round,Thompson J.,Mpetshi G.,Thompson J.,41,36,41,36
Internazionali BNL d'Italia,2025-05-07,Masters 1000,Clay,1st Round,Kecmanovic M.,Griekspoor T.,Griekspoor T.,47,35,35,47
Internazionali BNL d'Italia,2025-05-09,Masters 1000,Clay,2nd Round,Fils A.,Griekspoor T.,Fils A.,14,35,14,35
Internazionali BNL d'Italia,2025-05-09,Masters 1000,Clay,2nd Round,Muller A.,Tsitsipas S.,Tsitsipas S.,39,19,19,39
Internazionali BNL d'Italia,2025-05-09,Masters 1000,Clay,2nd Round,Draper J.,Darderi L.,Draper J.,5,46,5,46
Internazionali BNL d'Italia,2025-05-10,Masters 1000,Clay,2nd Round,Hurkacz H.,Martinez P.,Hurkacz H.,31,49,31,49
Internazionali BNL d'Italia,2025-05-10,Masters 1000,Clay,2nd Round,Giron M.,Fritz T.,Giron M.,45,4,45,4
Internazionali BNL d'Italia,2025-05-11,Masters 1000,Clay,3rd Round,Medvedev D.,Popyrin A.,Medvedev D.,11,25,11,25
Internazionali BNL d'Italia,2025-05-11,Masters 1000,Clay,3rd Round,Tsitsipas S.,Fils A.,Fils A.,19,14,14,19
Internazionali BNL d'Italia,2025-05-11,Masters 1000,Clay,3rd Round,Nakashima B.,Musetti L.,Musetti L.,29,9,9,29
Internazionali BNL d'Italia,2025-05-12,Masters 1000,Clay,3rd Round,Paul T.,Machac T.,Paul T.,12,20,12,20
Internazionali BNL d'Italia,2025-05-12,Masters 1000,Clay,3rd Round,Giron M.,Hurkacz H.,Hurkacz H.,45,31,31,45
Internazionali BNL d'Italia,2025-05-13,Masters 1000,Clay,4th Round,Khachanov K.,Alcaraz C.,Alcaraz C.,24,3,3,24
Internazionali BNL d'Italia,2025-05-13,Masters 1000,Clay,4th Round,Mensik J.,Hurkacz H.,Hurkacz H.,21,31,31,21
Internazionali BNL d'Italia,2025-05-13,Masters 1000,Clay,4th Round,Musetti L.,Medvedev D.,Musetti L.,9,11,9,11
Internazionali BNL d'Italia,2025-05-13,Masters 1000,Clay,4th Round,Cerundolo F.,Sinner J.,Sinner J.,18,1,1,18
Internazionali BNL d'Italia,2025-05-13,Masters 1000,Clay,4th Round,Zverev A.,Fils A.,Zverev A.,2,14,2,14
Internazionali BNL d'Italia,2025-05-13,Masters 1000,Clay,4th Round,De Minaur A.,Paul T.,Paul T.,8,12,12,8
Internazionali BNL d'Italia,2025-05-14,Masters 1000,Clay,Quarterfinals,Draper J.,Alcaraz C.,Alcaraz C.,5,3,3,5
Internazionali BNL d'Italia,2025-05-14,Masters 1000,Clay,Quarterfinals,Musetti L.,Zverev A.,Musetti L.,9,2,9,2
Internazionali BNL d'Italia,2025-05-15,Masters 1000,Clay,Quarterfinals,Hurkacz H.,Paul T.,Paul T.,31,12,12,31
Internazionali BNL d'Italia,2025-05-15,Masters 1000,Clay,Quarterfinals,Sinner J.,Ruud C.,Sinner J.,1,7,1,7
Internazionali BNL d'Italia,2025-05-16,Masters 1000,Clay,Semifinals,Musetti L.,Alcaraz C.,Alcaraz C.,9,3,3,9
Internazionali BNL d'Italia,2025-05-16,Masters 1000,Clay,Semifinals,Sinner J.,Paul T.,Sinner J.,1,12,1,12
Internazionali BNL d'Italia,2025-05-18,Masters 1000,Clay,The Final,Sinner J.,Alcaraz C.,Alcaraz C.,1,3,3,1
Geneva Open,2025-05-18,ATP250,Clay,1st Round,Michelsen A.,Borges N.,Borges N.,33,41,41,33
Geneva Open,2025-05-21,ATP250,Clay,2nd Round,Fritz T.,Halys Q.,Fritz T.,4,50,4,50
Geneva Open,2025-05-22,ATP250,Clay,Quarterfinals,Fritz T.,Hurkacz H.,Hurkacz H.,4,31,31,4
Geneva Open,2025-05-22,ATP250,Clay,Quarterfinals,Djokovic N.,Arnaldi M.,Djokovic N.,6,39,6,39
Geneva Open,2025-05-24,ATP250,Clay,The Final,Djokovic N.,Hurkacz H.,Djokovic N.,6,31,6,31
Hamburg Open,2025-05-18,ATP500,Clay,1st Round,Cerundolo F.,Martinez P.,Cerundolo F.,18,48,18,48
Hamburg Open,2025-05-20,ATP500,Clay,1st Round,Monfils G.,Davidovich Fokina A.,Davidovich Fokina A.,42,26,26,42
Hamburg Open,2025-05-21,ATP500,Clay,2nd Round,Cerundolo F.,Lehecka J.,Lehecka J.,18,37,37,18
Hamburg Open,2025-05-21,ATP500,Clay,2nd Round,Cobolli F.,Davidovich Fokina A.,Cobolli F.,35,26,35,26
Hamburg Open,2025-05-21,ATP500,Clay,2nd Round,Zverev A.,Muller A.,Muller A.,3,40,40,3
Hamburg Open,2025-05-21,ATP500,Clay,2nd Round,Darderi L.,Nakashima B.,Darderi L.,45,29,45,29
Hamburg Open,2025-05-21,ATP500,Clay,2nd Round,Mpetshi G.,Auger-Aliassime F.,Auger-Aliassime F.,32,30,30,32
Hamburg Open,2025-05-22,ATP500,Clay,Quarterfinals,Rublev A.,Darderi L.,Rublev A.,17,45,17,45
Hamburg Open,2025-05-22,ATP500,Clay,Quarterfinals,Muller A.,Auger-Aliassime F.,Auger-Aliassime F.,40,30,30,40
Hamburg Open,2025-05-23,ATP500,Clay,Semifinals,Auger-Aliassime F.,Rublev A.,Rublev A.,30,17,17,30
Hamburg Open,2025-05-24,ATP500,Clay,The Final,Cobolli F.,Rublev A.,Cobolli F.,35,17,35,17
French Open,2025-05-25,Grand Slam,Clay,1st Round,Bergs Z.,Mpetshi G.,Mpetshi G.,50,37,37,50
French Open,2025-05-25,Grand Slam,Clay,1st Round,Shelton B.,Sonego L.,Shelton B.,13,44,13,44
French Open,2025-05-26,Grand Slam,Clay,1st Round,Korda S.,Darderi L.,Korda S.,23,45,23,45
French Open,2025-05-26,Grand Slam,Clay,1st Round,Kecmanovic M.,Baez S.,Kecmanovic M.,46,38,46,38
French Open,2025-05-26,Grand Slam,Clay,1st Round,Bautista Agut R.,Rune H.,Rune H.,49,10,10,49
French Open,2025-05-26,Grand Slam,Clay,1st Round,Thompson J.,Lehecka J.,Lehecka J.,40,34,34,40
French Open,2025-05-26,Grand Slam,Clay,1st Round,Shapovalov D.,Martinez P.,Shapovalov D.,31,48,31,48
French Open,2025-05-26,Grand Slam,Clay,1st Round,Giron M.,Griekspoor T.,Griekspoor T.,43,35,35,43
French Open,2025-05-27,Grand Slam,Clay,1st Round,Muller A.,Mensik J.,Mensik J.,39,19,19,39
French Open,2025-05-27,Grand Slam,Clay,1st Round,Arnaldi M.,Auger-Aliassime F.,Arnaldi M.,36,27,36,27
French Open,2025-05-28,Grand Slam,Clay,2nd Round,Ruud C.,Borges N.,Borges N.,8,41,41,8
French Open,2025-05-29,Grand Slam,Clay,2nd Round,Davidovich Fokina A.,Lehecka J.,Lehecka J.,29,34,34,29
French Open,2025-05-29,Grand Slam,Clay,2nd Round,Cobolli F.,Arnaldi M.,Cobolli F.,26,36,26,36
French Open,2025-05-29,Grand Slam,Clay,2nd Round,Draper J.,Monfils G.,Draper J.,5,42,5,42
French Open,2025-05-30,Grand Slam,Clay,3rd Round,Paul T.,Khachanov K.,Paul T.,12,24,12,24
French Open,2025-05-30,Grand Slam,Clay,3rd Round,Borges N.,Popyrin A.,Popyrin A.,41,25,25,41
French Open,2025-05-30,Grand Slam,Clay,3rd Round,Korda S.,Tiafoe F.,Tiafoe F.,23,16,16,23
French Open,2025-05-31,Grand Slam,Clay,3rd Round,Sinner J.,Lehecka J.,Sinner J.,1,34,1,34
French Open,2025-05-31,Grand Slam,Clay,3rd Round,Cobolli F.,Zverev A.,Zverev A.,26,3,3,26
French Open,2025-06-01,Grand Slam,Clay,4th Round,Paul T.,Popyrin A.,Paul T.,12,25,12,25
French Open,2025-06-01,Grand Slam,Clay,4th Round,Shelton B.,Alcaraz C.,Alcaraz C.,13,2,2,13
French Open,2025-06-01,Grand Slam,Clay,4th Round,Rune H.,Musetti L.,Musetti L.,10,7,7,10
French Open,2025-06-02,Grand Slam,Clay,4th Round,Sinner J.,Rublev A.,Sinner J.,1,15,1,15
French Open,2025-06-03,Grand Slam,Clay,Quarterfinals,Tiafoe F.,Musetti L.,Musetti L.,16,7,7,16
French Open,2025-06-03,Grand Slam,Clay,Quarterfinals,Alcaraz C.,Paul T.,Alcaraz C.,2,12,2,12
French Open,2025-06-04,Grand Slam,Clay,Quarterfinals,Djokovic N.,Zverev A.,Djokovic N.,6,3,6,3
French Open,2025-06-06,Grand Slam,Clay,Semifinals,Djokovic N.,Sinner J.,Sinner J.,6,1,1,6
French Open,2025-06-08,Grand Slam,Clay,The Final,Alcaraz C.,Sinner J.,Alcaraz C.,2,1,2,1
Stuttgart Open,2025-06-09,ATP250,Grass,1st Round,Nakashima B.,Fearnley J.,Nakashima B.,31,49,31,49
Stuttgart Open,2025-06-10,ATP250,Grass,1st Round,Sonego L.,Halys Q.,Halys Q.,45,47,47,45
Stuttgart Open,2025-06-10,ATP250,Grass,1st Round,Michelsen A.,Monfils G.,Michelsen A.,35,42,35,42
Stuttgart Open,2025-06-11,ATP250,Grass,2nd Round,Halys Q.,Fritz T.,Fritz T.,47,7,7,47
Stuttgart Open,2025-06-12,ATP250,Grass,2nd Round,Auger-Aliassime F.,Mpetshi G.,Auger-Aliassime F.,29,36,29,36
Stuttgart Open,2025-06-13,ATP250,Grass,Quarterfinals,Nakashima B.,Zverev A.,Zverev A.,31,3,3,31
Stuttgart Open,2025-06-13,ATP250,Grass,Quarterfinals,Shelton B.,Lehecka J.,Shelton B.,12,33,12,33
Stuttgart Open,2025-06-14,ATP250,Grass,Semifinals,Auger-Aliassime F.,Fritz T.,Fritz T.,29,7,7,29
Stuttgart Open,2025-06-14,ATP250,Grass,Semifinals,Zverev A.,Shelton B.,Zverev A.,3,12,3,12
Stuttgart Open,2025-06-15,ATP250,Grass,The Final,Zverev A.,Fritz T.,Fritz T.,3,7,7,3
Rosmalen Grass Court Championships,2025-06-11,ATP250,Grass,1st Round,Hurkacz H.,Bautista Agut R.,Hurkacz H.,32,50,32,50
Rosmalen Grass Court Championships,2025-06-13,ATP250,Grass,Quarterfinals,Humbert U.,Borges N.,Humbert U.,20,38,20,38
Halle Open,2025-06-16,ATP500,Grass,1st Round,Muller A.,Bublik A.,Bublik A.,40,45,45,40
Halle Open,2025-06-17,ATP500,Grass,1st Round,Michelsen A.,Cerundolo F.,Michelsen A.,33,18,33,18
Halle Open,2025-06-17,ATP500,Grass,1st Round,Humbert U.,Shapovalov D.,Shapovalov D.,20,31,31,20
Halle Open,2025-06-18,ATP500,Grass,1st Round,Bergs Z.,Khachanov K.,Khachanov K.,49,22,22,49
Halle Open,2025-06-18,ATP500,Grass,1st Round,Zverev A.,Giron M.,Zverev A.,3,43,3,43
Halle Open,2025-06-18,ATP500,Grass,2nd Round,Halys Q.,Medvedev D.,Medvedev D.,48,11,11,48
Halle Open,2025-06-18,ATP500,Grass,2nd Round,Michelsen A.,Tsitsipas S.,Michelsen A.,33,25,33,25
Halle Open,2025-06-19,ATP500,Grass,2nd Round,Auger-Aliassime F.,Khachanov K.,Khachanov K.,27,22,22,27
Halle Open,2025-06-19,ATP500,Grass,2nd Round,Cobolli F.,Shapovalov D.,Cobolli F.,24,31,24,31
Halle Open,2025-06-19,ATP500,Grass,2nd Round,Sonego L.,Zverev A.,Zverev A.,46,3,3,46
Halle Open,2025-06-19,ATP500,Grass,2nd Round,Bublik A.,Sinner J.,Bublik A.,45,1,45,1
Halle Open,2025-06-20,ATP500,Grass,Quarterfinals,Michelsen A.,Medvedev D.,Medvedev D.,33,11,11,33
Halle Open,2025-06-20,ATP500,Grass,Quarterfinals,Zverev A.,Cobolli F.,Zverev A.,3,24,3,24
Halle Open,2025-06-20,ATP500,Grass,Quarterfinals,Machac T.,Bublik A.,Bublik A.,23,45,45,23
Halle Open,2025-06-21,ATP500,Grass,Semifinals,Zverev A.,Medvedev D.,Medvedev D.,3,11,11,3
Halle Open,2025-06-21,ATP500,Grass,Semifinals,Bublik A.,Khachanov K.,Bublik A.,45,22,45,22
Halle Open,2025-06-22,ATP500,Grass,The Final,Medvedev D.,Bublik A.,Bublik A.,11,45,45,11
Queen's Club Championships,2025-06-17,ATP500,Grass,1st Round,Lehecka J.,De Minaur A.,Lehecka J.,30,12,30,12
Queen's Club Championships,2025-06-17,ATP500,Grass,1st Round,Nakashima B.,Mpetshi G.,Nakashima B.,32,36,32,36
Queen's Club Championships,2025-06-18,ATP500,Grass,2nd Round,Draper J.,Popyrin A.,Draper J.,6,21,6,21
Queen's Club Championships,2025-06-19,ATP500,Grass,2nd Round,Diallo G.,Lehecka J.,Lehecka J.,44,30,30,44
Queen's Club Championships,2025-06-20,ATP500,Grass,Quarterfinals,Draper J.,Nakashima B.,Draper J.,6,32,6,32
Queen's Club Championships,2025-06-21,ATP500,Grass,Semifinals,Draper J.,Lehecka J.,Lehecka J.,6,30,30,6
Queen's Club Championships,2025-06-22,ATP500,Grass,The Final,Lehecka J.,Alcaraz C.,Alcaraz C.,30,2,2,30
Eastbourne International,2025-06-25,ATP250,Grass,2nd Round,Sonego L.,Humbert U.,Humbert U.,48,20,20,48
Eastbourne International,2025-06-26,ATP250,Grass,Quarterfinals,Davidovich Fokina A.,Mensik J.,Davidovich Fokina A.,28,17,28,17
Eastbourne International,2025-06-26,ATP250,Grass,Quarterfinals,Giron M.,Fritz T.,Fritz T.,46,5,5,46
Eastbourne International,2025-06-27,ATP250,Grass,Semifinals,Davidovich Fokina A.,Fritz T.,Fritz T.,28,5,5,28
Mallorca Championships,2025-06-26,ATP250,Grass,Quarterfinals,Diallo G.,Griekspoor T.,Griekspoor T.,41,34,34,41
Mallorca Championships,2025-06-26,ATP250,Grass,Quarterfinals,Michelsen A.,Bautista Agut R.,Michelsen A.,33,43,33,43
Mallorca Championships,2025-06-27,ATP250,Grass,Semifinals,Auger-Aliassime F.,Griekspoor T.,Griekspoor T.,27,34,34,27
Wimbledon,2025-06-30,Grand Slam,Grass,1st Round,Borges N.,Cerundolo F.,Borges N.,37,19,37,19
Wimbledon,2025-07-01,Grand Slam,Grass,1st Round,Michelsen A.,Kecmanovic M.,Kecmanovic M.,32,49,49,32
Wimbledon,2025-07-01,Grand Slam,Grass,1st Round,Fritz T.,Mpetshi G.,Fritz T.,5,36,5,36
Wimbledon,2025-07-01,Grand Slam,Grass,1st Round,Humbert U.,Monfils G.,Monfils G.,18,48,48,18
Wimbledon,2025-07-01,Grand Slam,Grass,1st Round,Muller A.,Djokovic N.,Djokovic N.,41,6,6,41
Wimbledon,2025-07-02,Grand Slam,Grass,2nd Round,Fritz T.,Diallo G.,Fritz T.,5,40,5,40
Wimbledon,2025-07-03,Grand Slam,Grass,2nd Round,Mensik J.,Giron M.,Mensik J.,17,45,17,45
Wimbledon,2025-07-04,Grand Slam,Grass,3rd Round,Davidovich Fokina A.,Fritz T.,Fritz T.,27,5,5,27
Wimbledon,2025-07-04,Grand Slam,Grass,3rd Round,Borges N.,Khachanov K.,Khachanov K.,37,20,20,37
Wimbledon,2025-07-05,Grand Slam,Grass,3rd Round,Mensik J.,Cobolli F.,Cobolli F.,17,24,24,17
Wimbledon,2025-07-05,Grand Slam,Grass,3rd Round,Sonego L.,Nakashima B.,Sonego L.,47,34,47,34
Wimbledon,2025-07-05,Grand Slam,Grass,3rd Round,Djokovic N.,Kecmanovic M.,Djokovic N.,6,49,6,49
Wimbledon,2025-07-06,Grand Slam,Grass,4th Round,Rublev A.,Alcaraz C.,Alcaraz C.,14,2,2,14
Wimbledon,2025-07-07,Grand Slam,Grass,4th Round,De Minaur A.,Djokovic N.,Djokovic N.,11,6,6,11
Wimbledon,2025-07-07,Grand Slam,Grass,4th Round,Shelton B.,Sonego L.,Shelton B.,10,47,10,47
Wimbledon,2025-07-08,Grand Slam,Grass,Quarterfinals,Khachanov K.,Fritz T.,Fritz T.,20,5,5,20
Wimbledon,2025-07-09,Grand Slam,Grass,Quarterfinals,Shelton B.,Sinner J.,Sinner J.,10,1,1,10
Wimbledon,2025-07-09,Grand Slam,Grass,Quarterfinals,Djokovic N.,Cobolli F.,Djokovic N.,6,24,6,24
Wimbledon,2025-07-11,Grand Slam,Grass,Semifinals,Fritz T.,Alcaraz C.,Alcaraz C.,5,2,2,5
Wimbledon,2025-07-11,Grand Slam,Grass,Semifinals,Sinner J.,Djokovic N.,Sinner J.,1,6,1,6
Wimbledon,2025-07-13,Grand Slam,Grass,The Final,Alcaraz C.,Sinner J.,Sinner J.,2,1,1,2
Citi Open,2025-07-22,ATP500,Hard,2nd Round,Norrie C.,Musetti L.,Norrie C.,41,7,41,7
Citi Open,2025-07-23,ATP500,Hard,2nd Round,Arnaldi M.,Sonego L.,Arnaldi M.,44,37,44,37
Citi Open,2025-07-24,ATP500,Hard,2nd Round,Munar J.,Davidovich Fokina A.,Davidovich Fokina A.,50,26,26,50
Citi Open,2025-07-24,ATP500,Hard,3rd Round,Nakashima B.,Norrie C.,Nakashima B.,32,41,32,41
Citi Open,2025-07-24,ATP500,Hard,3rd Round,De Minaur A.,Lehecka J.,De Minaur A.,13,25,13,25
Citi Open,2025-07-24,ATP500,Hard,3rd Round,Shelton B.,Diallo G.,Shelton B.,8,35,8,35
Citi Open,2025-07-24,ATP500,Hard,3rd Round,Cobolli F.,Tiafoe F.,Tiafoe F.,18,11,11,18
Citi Open,2025-07-25,ATP500,Hard,3rd Round,Fritz T.,Arnaldi M.,Fritz T.,4,44,4,44
Citi Open,2025-07-25,ATP500,Hard,Quarterfinals,De Minaur A.,Nakashima B.,De Minaur A.,13,32,13,32
Citi Open,2025-07-26,ATP500,Hard,Quarterfinals,Tiafoe F.,Shelton B.,Shelton B.,11,8,8,11
Citi Open,2025-07-26,ATP500,Hard,Quarterfinals,Davidovich Fokina A.,Fritz T.,Davidovich Fokina A.,26,4,26,4
Citi Open,2025-07-27,ATP500,Hard,Semifinals,Davidovich Fokina A.,Shelton B.,Davidovich Fokina A.,26,8,26,8
Citi Open,2025-07-27,ATP500,Hard,The Final,Davidovich Fokina A.,De Minaur A.,De Minaur A.,26,13,13,26
Canadian Open,2025-07-29,Masters 1000,Hard,2nd Round,Rune H.,Mpetshi G.,Rune H.,9,43,9,43
Canadian Open,2025-07-29,Masters 1000,Hard,2nd Round,Kecmanovic M.,Muller A.,Muller A.,50,40,40,50
Canadian Open,2025-07-30,Masters 1000,Hard,2nd Round,Davidovich Fokina A.,Moutet C.,Davidovich Fokina A.,19,46,19,46
Canadian Open,2025-07-31,Masters 1000,Hard,3rd Round,Musetti L.,Michelsen A.,Michelsen A.,10,34,34,10
Canadian Open,2025-07-31,Masters 1000,Hard,3rd Round,Borges N.,Ruud C.,Ruud C.,42,13,13,42
Canadian Open,2025-08-01,Masters 1000,Hard,3rd Round,Arnaldi M.,Zverev A.,Zverev A.,41,3,3,41
Canadian Open,2025-08-01,Masters 1000,Hard,3rd Round,Rune H.,Muller A.,Rune H.,9,40,9,40
Canadian Open,2025-08-01,Masters 1000,Hard,3rd Round,Medvedev D.,Popyrin A.,Popyrin A.,14,26,26,14
Canadian Open,2025-08-01,Masters 1000,Hard,3rd Round,Davidovich Fokina A.,Mensik J.,Davidovich Fokina A.,19,18,19,18
Canadian Open,2025-08-01,Masters 1000,Hard,3rd Round,Sonego L.,Rublev A.,Rublev A.,38,11,11,38
Canadian Open,2025-08-01,Masters 1000,Hard,3rd Round,Lehecka J.,Fils A.,Lehecka J.,27,21,27,21
Canadian Open,2025-08-02,Masters 1000,Hard,3rd Round,Diallo G.,Fritz T.,Fritz T.,36,4,4,36
Canadian Open,2025-08-02,Masters 1000,Hard,3rd Round,Shelton B.,Nakashima B.,Shelton B.,7,32,7,32
Canadian Open,2025-08-02,Masters 1000,Hard,4th Round,Khachanov K.,Ruud C.,Khachanov K.,16,13,16,13
Canadian Open,2025-08-03,Masters 1000,Hard,4th Round,Rune H.,Popyrin A.,Popyrin A.,9,26,26,9
Canadian Open,2025-08-03,Masters 1000,Hard,4th Round,De Minaur A.,Tiafoe F.,De Minaur A.,8,12,8,12
Canadian Open,2025-08-04,Masters 1000,Hard,4th Round,Cobolli F.,Shelton B.,Shelton B.,17,7,7,17
Canadian Open,2025-08-04,Masters 1000,Hard,4th Round,Fritz T.,Lehecka J.,Fritz T.,4,27,4,27
Canadian Open,2025-08-05,Masters 1000,Hard,Quarterfinals,Popyrin A.,Zverev A.,Zverev A.,26,3,3,26
Canadian Open,2025-08-05,Masters 1000,Hard,Quarterfinals,Khachanov K.,Michelsen A.,Khachanov K.,16,34,16,34
Canadian Open,2025-08-06,Masters 1000,Hard,Quarterfinals,Rublev A.,Fritz T.,Fritz T.,11,4,4,11
Canadian Open,2025-08-06,Masters 1000,Hard,Quarterfinals,Shelton B.,De Minaur A.,Shelton B.,7,8,7,8
Canadian Open,2025-08-07,Masters 1000,Hard,Semifinals,Zverev A.,Khachanov K.,Khachanov K.,3,16,16,3
Canadian Open,2025-08-07,Masters 1000,Hard,Semifinals,Shelton B.,Fritz T.,Shelton B.,7,4,7,4
Canadian Open,2025-08-08,Masters 1000,Hard,The Final,Khachanov K.,Shelton B.,Shelton B.,16,7,7,16
Western & Southern Financial Group Masters,2025-08-09,Masters 1000,Hard,2nd Round,Moutet C.,Michelsen A.,Michelsen A.,44,33,33,44
Western & Southern Financial Group Masters,2025-08-09,Masters 1000,Hard,2nd Round,Diallo G.,Baez S.,Diallo G.,35,43,35,43
Western & Southern Financial Group Masters,2025-08-11,Masters 1000,Hard,3rd Round,Michelsen A.,Rune H.,Rune H.,33,9,9,33
Western & Southern Financial Group Masters,2025-08-11,Masters 1000,Hard,3rd Round,Tiafoe F.,Humbert U.,Tiafoe F.,14,25,14,25
Western & Southern Financial Group Masters,2025-08-11,Masters 1000,Hard,3rd Round,Fritz T.,Sonego L.,Fritz T.,4,36,4,36
Western & Southern Financial Group Masters,2025-08-12,Masters 1000,Hard,3rd Round,Sinner J.,Diallo G.,Sinner J.,1,35,1,35
Western & Southern Financial Group Masters,2025-08-12,Masters 1000,Hard,3rd Round,Popyrin A.,Rublev A.,Rublev A.,19,11,11,19
Western & Southern Financial Group Masters,2025-08-13,Masters 1000,Hard,3rd Round,Nakashima B.,Zverev A.,Zverev A.,31,3,3,31
Western & Southern Financial Group Masters,2025-08-14,Masters 1000,Hard,4th Round,Shelton B.,Lehecka J.,Shelton B.,6,26,6,26
Western & Southern Financial Group Masters,2025-08-14,Masters 1000,Hard,Quarterfinals,Auger-Aliassime F.,Sinner J.,Sinner J.,28,1,1,28
Western & Southern Financial Group Masters,2025-08-15,Masters 1000,Hard,Quarterfinals,Rublev A.,Alcaraz C.,Alcaraz C.,11,2,2,11
Western & Southern Financial Group Masters,2025-08-16,Masters 1000,Hard,Quarterfinals,Zverev A.,Shelton B.,Zverev A.,3,6,3,6
Western & Southern Financial Group Masters,2025-08-16,Masters 1000,Hard,Semifinals,Alcaraz C.,Zverev A.,Alcaraz C.,2,3,2,3
Winston-Salem Open at Wake Forest University,2025-08-20,ATP250,Hard,3rd Round,Kecmanovic M.,Darderi L.,Kecmanovic M.,45,34,45,34
Winston-Salem Open at Wake Forest University,2025-08-20,ATP250,Hard,3rd Round,Mpetshi G.,Muller A.,Mpetshi G.,39,38,39,38
Winston-Salem Open at Wake Forest University,2025-08-20,ATP250,Hard,3rd Round,Munar J.,Sonego L.,Munar J.,46,35,46,35
US Open,2025-08-25,Grand Slam,Hard,1st Round,Tien L.,Djokovic N.,Djokovic N.,50,7,7,50
US Open,2025-08-25,Grand Slam,Hard,1st Round,Kecmanovic M.,Fonseca J.,Fonseca J.,42,45,45,42
US Open,2025-08-26,Grand Slam,Hard,1st Round,Mpetshi G.,Musetti L.,Musetti L.,37,10,10,37
US Open,2025-08-26,Grand Slam,Hard,1st Round,Tsitsipas S.,Muller A.,Tsitsipas S.,28,38,28,38
US Open,2025-08-27,Grand Slam,Hard,2nd Round,Machac T.,Fonseca J.,Machac T.,22,45,22,45
US Open,2025-08-28,Grand Slam,Hard,2nd Round,Sinner J.,Popyrin A.,Sinner J.,1,36,1,36
US Open,2025-08-28,Grand Slam,Hard,2nd Round,Diallo G.,Munar J.,Munar J.,33,44,44,33
US Open,2025-08-29,Grand Slam,Hard,2nd Round,Borges N.,Paul T.,Paul T.,41,14,14,41
US Open,2025-08-29,Grand Slam,Hard,3rd Round,Alcaraz C.,Darderi L.,Alcaraz C.,2,34,2,34
US Open,2025-08-30,Grand Slam,Hard,3rd Round,Djokovic N.,Norrie C.,Djokovic N.,7,35,7,35
US Open,2025-08-30,Grand Slam,Hard,3rd Round,Bergs Z.,Munar J.,Munar J.,48,44,44,48
US Open,2025-08-30,Grand Slam,Hard,3rd Round,Sinner J.,Shapovalov D.,Sinner J.,1,29,1,29
US Open,2025-08-31,Grand Slam,Hard,3rd Round,Auger-Aliassime F.,Zverev A.,Auger-Aliassime F.,27,3,27,3
US Open,2025-08-31,Grand Slam,Hard,3rd Round,Paul T.,Bublik A.,Bublik A.,14,24,24,14
US Open,2025-08-31,Grand Slam,Hard,4th Round,Fritz T.,Machac T.,Fritz T.,4,22,4,22
US Open,2025-09-01,Grand Slam,Hard,4th Round,Rublev A.,Auger-Aliassime F.,Auger-Aliassime F.,15,27,27,15
US Open,2025-09-01,Grand Slam,Hard,4th Round,Musetti L.,Munar J.,Musetti L.,10,44,10,44
US Open,2025-09-02,Grand Slam,Hard,4th Round,Bublik A.,Sinner J.,Sinner J.,24,1,1,24
US Open,2025-09-02,Grand Slam,Hard,Quarterfinals,Alcaraz C.,Lehecka J.,Alcaraz C.,2,21,2,21
US Open,2025-09-03,Grand Slam,Hard,Quarterfinals,Fritz T.,Djokovic N.,Djokovic N.,4,7,7,4
US Open,2025-09-03,Grand Slam,Hard,Quarterfinals,Auger-Aliassime F.,De Minaur A.,Auger-Aliassime F.,27,8,27,8
US Open,2025-09-04,Grand Slam,Hard,Quarterfinals,Musetti L.,Sinner J.,Sinner J.,10,1,1,10
US Open,2025-09-05,Grand Slam,Hard,Semifinals,Alcaraz C.,Djokovic N.,Alcaraz C.,2,7,2,7
US Open,2025-09-06,Grand Slam,Hard,Semifinals,Auger-Aliassime F.,Sinner J.,Sinner J.,27,1,1,27
US Open,2025-09-07,Grand Slam,Hard,The Final,Alcaraz C.,Sinner J.,Alcaraz C.,2,1,2,1
Chengdu Open,2025-09-19,ATP250,Hard,2nd Round,Giron M.,Sonego L.,Giron M.,50,44,50,44
Chengdu Open,2025-09-21,ATP250,Hard,Quarterfinals,Giron M.,Nakashima B.,Nakashima B.,50,33,33,50
China Open,2025-09-25,ATP500,Hard,1st Round,Khachanov K.,Muller A.,Muller A.,10,38,38,10
China Open,2025-09-25,ATP500,Hard,1st Round,Davidovich Fokina A.,Ugo Carabelli C.,Davidovich Fokina A.,20,43,20,43
China Open,2025-09-26,ATP500,Hard,1st Round,Mensik J.,Kecmanovic M.,Mensik J.,19,46,19,46
China Open,2025-09-26,ATP500,Hard,1st Round,Rublev A.,Cobolli F.,Cobolli F.,14,25,25,14
China Open,2025-09-26,ATP500,Hard,1st Round,Medvedev D.,Norrie C.,Medvedev D.,18,34,18,34
China Open,2025-09-26,ATP500,Hard,1st Round,Moutet C.,Griekspoor T.,Moutet C.,37,31,37,31
China Open,2025-09-26,ATP500,Hard,1st Round,Mpetshi G.,Musetti L.,Musetti L.,36,9,9,36
China Open,2025-09-26,ATP500,Hard,1st Round,Zverev A.,Sonego L.,Zverev A.,3,44,3,44
China Open,2025-09-28,ATP500,Hard,2nd Round,Davidovich Fokina A.,Medvedev D.,Medvedev D.,20,18,18,20
China Open,2025-09-28,ATP500,Hard,2nd Round,Zverev A.,Moutet C.,Zverev A.,3,37,3,37
China Open,2025-09-29,ATP500,Hard,Quarterfinals,Medvedev D.,Zverev A.,Medvedev D.,18,3,18,3
China Open,2025-09-30,ATP500,Hard,Semifinals,De Minaur A.,Sinner J.,Sinner J.,8,2,2,8
Japan Open Tennis Championships,2025-09-24,ATP500,Hard,1st Round,Shapovalov D.,Altmaier D.,Altmaier D.,26,50,50,26
Japan Open Tennis Championships,2025-09-25,ATP500,Hard,1st Round,Diallo G.,Fritz T.,Fritz T.,35,5,5,35
Japan Open Tennis Championships,2025-09-25,ATP500,Hard,1st Round,Alcaraz C.,Baez S.,Alcaraz C.,1,41,1,41
Japan Open Tennis Championships,2025-09-27,ATP500,Hard,2nd Round,Alcaraz C.,Bergs Z.,Alcaraz C.,1,45,1,45
Japan Open Tennis Championships,2025-09-28,ATP500,Hard,Quarterfinals,Alcaraz C.,Nakashima B.,Alcaraz C.,1,33,1,33
Japan Open Tennis Championships,2025-09-29,ATP500,Hard,Semifinals,Alcaraz C.,Ruud C.,Alcaraz C.,1,12,1,12
Japan Open Tennis Championships,2025-09-30,ATP500,Hard,The Final,Fritz T.,Alcaraz C.,Alcaraz C.,5,1,1,5
Shanghai Masters,2025-10-03,Masters 1000,Hard,1st Round,Tien L.,Kecmanovic M.,Tien L.,36,47,36,47
Shanghai Masters,2025-10-03,Masters 1000,Hard,2nd Round,Diallo G.,Bonzi B.,Diallo G.,35,48,35,48
Shanghai Masters,2025-10-03,Masters 1000,Hard,2nd Round,Baez S.,Rune H.,Rune H.,42,11,11,42
Shanghai Masters,2025-10-03,Masters 1000,Hard,2nd Round,Cobolli F.,Munar J.,Munar J.,22,41,41,22
Shanghai Masters,2025-10-04,Masters 1000,Hard,2nd Round,Ugo Carabelli C.,De Minaur A.,De Minaur A.,45,7,7,45
Shanghai Masters,2025-10-04,Masters 1000,Hard,2nd Round,Tien L.,Moutet C.,Tien L.,36,38,36,38
Shanghai Masters,2025-10-04,Masters 1000,Hard,2nd Round,Altmaier D.,Sinner J.,Sinner J.,49,2,2,49
Shanghai Masters,2025-10-05,Masters 1000,Hard,3rd Round,Rune H.,Humbert U.,Rune H.,11,26,11,26
Shanghai Masters,2025-10-05,Masters 1000,Hard,3rd Round,Cerundolo F.,Bergs Z.,Bergs Z.,21,44,44,21
Shanghai Masters,2025-10-05,Masters 1000,Hard,3rd Round,Mpetshi G.,Fritz T.,Mpetshi G.,37,4,37,4
Shanghai Masters,2025-10-06,Masters 1000,Hard,3rd Round,Lehecka J.,Shapovalov D.,Lehecka J.,19,24,19,24
Shanghai Masters,2025-10-06,Masters 1000,Hard,3rd Round,Darderi L.,Musetti L.,Musetti L.,29,9,9,29
Shanghai Masters,2025-10-06,Masters 1000,Hard,3rd Round,Norrie C.,Tien L.,Tien L.,33,36,36,33
Shanghai Masters,2025-10-06,Masters 1000,Hard,3rd Round,Medvedev D.,Davidovich Fokina A.,Medvedev D.,18,20,18,20
Shanghai Masters,2025-10-07,Masters 1000,Hard,4th Round,Diallo G.,Bergs Z.,Bergs Z.,35,44,44,35
Shanghai Masters,2025-10-07,Masters 1000,Hard,4th Round,Rune H.,Mpetshi G.,Rune H.,11,37,11,37
Shanghai Masters,2025-10-07,Masters 1000,Hard,4th Round,Munar J.,Djokovic N.,Djokovic N.,41,5,5,41
Shanghai Masters,2025-10-08,Masters 1000,Hard,4th Round,Musetti L.,Auger-Aliassime F.,Auger-Aliassime F.,9,13,13,9
Shanghai Masters,2025-10-08,Masters 1000,Hard,4th Round,Medvedev D.,Tien L.,Medvedev D.,18,36,18,36
Shanghai Masters,2025-10-09,Masters 1000,Hard,Quarterfinals,Djokovic N.,Bergs Z.,Djokovic N.,5,44,5,44
Shanghai Masters,2025-10-10,Masters 1000,Hard,Quarterfinals,Medvedev D.,De Minaur A.,Medvedev D.,18,7,18,7
Almaty Open,2025-10-18,ATP250,Hard,Semifinals,Michelsen A.,Moutet C.,Moutet C.,36,41,41,36
Almaty Open,2025-10-19,ATP250,Hard,The Final,Medvedev D.,Moutet C.,Medvedev D.,14,41,14,41
European Open,2025-10-17,ATP250,Hard,Quarterfinals,Mpetshi G.,Musetti L.,Mpetshi G.,37,8,37,8
European Open,2025-10-18,ATP250,Hard,Semifinals,Mpetshi G.,Lehecka J.,Lehecka J.,37,17,17,37
European Open,2025-10-19,ATP250,Hard,The Final,Lehecka J.,Auger-Aliassime F.,Auger-Aliassime F.,17,13,13,17
Nordic Open,2025-10-13,ATP250,Hard,1st Round,Kecmanovic M.,Muller A.,Kecmanovic M.,49,43,49,43
Nordic Open,2025-10-17,ATP250,Hard,Quarterfinals,Sonego L.,Humbert U.,Humbert U.,47,25,25,47
Nordic Open,2025-10-18,ATP250,Hard,Semifinals,Shapovalov D.,Ruud C.,Ruud C.,23,12,12,23
Nordic Open,2025-10-19,ATP250,Hard,The Final,Ruud C.,Humbert U.,Ruud C.,12,25,12,25
Swiss Indoors,2025-10-20,ATP500,Hard,1st Round,Davidovich Fokina A.,Sonego L.,Davidovich Fokina A.,18,45,18,45
Swiss Indoors,2025-10-21,ATP500,Hard,1st Round,Fonseca J.,Mpetshi G.,Fonseca J.,46,33,46,33
Swiss Indoors,2025-10-22,ATP500,Hard,1st Round,Diallo G.,Auger-Aliassime F.,Auger-Aliassime F.,41,12,12,41
Swiss Indoors,2025-10-22,ATP500,Hard,1st Round,Fritz T.,Vacherot V.,Fritz T.,4,39,4,39
Swiss Indoors,2025-10-23,ATP500,Hard,2nd Round,Munar J.,Shelton B.,Munar J.,42,6,42,6
Swiss Indoors,2025-10-23,ATP500,Hard,2nd Round,Fritz T.,Humbert U.,Humbert U.,4,24,24,4
Swiss Indoors,2025-10-25,ATP500,Hard,Semifinals,Munar J.,Fonseca J.,Fonseca J.,42,46,46,42
Swiss Indoors,2025-10-26,ATP500,Hard,The Final,Fonseca J.,Davidovich Fokina A.,Fonseca J.,46,18,46,18
Vienna Open,2025-10-20,ATP500,Hard,1st Round,Darderi L.,Nakashima B.,Nakashima B.,26,32,32,26
Vienna Open,2025-10-20,ATP500,Hard,1st Round,Khachanov K.,Griekspoor T.,Griekspoor T.,13,28,28,13
Vienna Open,2025-10-21,ATP500,Hard,1st Round,Rublev A.,Norrie C.,Norrie C.,15,35,35,15
Vienna Open,2025-10-21,ATP500,Hard,1st Round,Michelsen A.,Cerundolo F.,Cerundolo F.,34,21,21,34
Vienna Open,2025-10-22,ATP500,Hard,1st Round,Cobolli F.,Machac T.,Cobolli F.,22,31,22,31
Vienna Open,2025-10-22,ATP500,Hard,1st Round,Borges N.,Medvedev D.,Medvedev D.,47,14,14,47
Vienna Open,2025-10-22,ATP500,Hard,2nd Round,Nakashima B.,Griekspoor T.,Griekspoor T.,32,28,28,32
Vienna Open,2025-10-23,ATP500,Hard,2nd Round,Moutet C.,Medvedev D.,Moutet C.,36,14,36,14
Vienna Open,2025-10-23,ATP500,Hard,2nd Round,Cerundolo F.,Bublik A.,Bublik A.,21,16,16,21
Vienna Open,2025-10-23,ATP500,Hard,2nd Round,Cobolli F.,Sinner J.,Sinner J.,22,2,2,22
Vienna Open,2025-10-24,ATP500,Hard,Quarterfinals,Sinner J.,Bublik A.,Sinner J.,2,16,2,16
Vienna Open,2025-10-24,ATP500,Hard,Quarterfinals,Moutet C.,Musetti L.,Musetti L.,36,8,8,36
Vienna Open,2025-10-25,ATP500,Hard,Semifinals,Sinner J.,De Minaur A.,Sinner J.,2,7,2,7
Vienna Open,2025-10-25,ATP500,Hard,Semifinals,Musetti L.,Zverev A.,Zverev A.,8,3,3,8
Vienna Open,2025-10-26,ATP500,Hard,The Final,Sinner J.,Zverev A.,Sinner J.,2,3,2,3
BNP Paribas Masters,2025-10-27,Masters 1000,Hard,1st Round,Machac T.,Cobolli F.,Cobolli F.,34,23,23,34
BNP Paribas Masters,2025-10-27,Masters 1000,Hard,1st Round,Norrie C.,Baez S.,Norrie C.,31,43,31,43
BNP Paribas Masters,2025-10-27,Masters 1000,Hard,1st Round,Borges N.,Tien L.,Tien L.,46,39,39,46
BNP Paribas Masters,2025-10-27,Masters 1000,Hard,1st Round,Rinderknech A.,Marozsan F.,Rinderknech A.,29,48,29,48
BNP Paribas Masters,2025-10-27,Masters 1000,Hard,1st Round,Popyrin A.,Bublik A.,Bublik A.,47,16,16,47
BNP Paribas Masters,2025-10-27,Masters 1000,Hard,1st Round,Bergs Z.,Michelsen A.,Bergs Z.,41,35,41,35
BNP Paribas Masters,2025-10-27,Masters 1000,Hard,1st Round,Muller A.,Nakashima B.,Muller A.,44,33,44,33
BNP Paribas Masters,2025-10-28,Masters 1000,Hard,1st Round,Griekspoor T.,Diallo G.,Diallo G.,25,42,42,25
BNP Paribas Masters,2025-10-28,Masters 1000,Hard,1st Round,Lehecka J.,Vacherot V.,Vacherot V.,18,40,40,18
BNP Paribas Masters,2025-10-28,Masters 1000,Hard,1st Round,Fonseca J.,Shapovalov D.,Fonseca J.,28,24,28,24
BNP Paribas Masters,2025-10-28,Masters 1000,Hard,1st Round,Munar J.,Medvedev D.,Medvedev D.,36,13,13,36
BNP Paribas Masters,2025-10-28,Masters 1000,Hard,2nd Round,Cobolli F.,Shelton B.,Shelton B.,23,7,7,23
BNP Paribas Masters,2025-10-28,Masters 1000,Hard,2nd Round,Norrie C.,Alcaraz C.,Norrie C.,31,1,31,1
BNP Paribas Masters,2025-10-28,Masters 1000,Hard,2nd Round,Tien L.,Rublev A.,Rublev A.,39,17,17,39
BNP Paribas Masters,2025-10-29,Masters 1000,Hard,2nd Round,Ruud C.,Altmaier D.,Altmaier D.,9,50,50,9
BNP Paribas Masters,2025-10-29,Masters 1000,Hard,2nd Round,Vacherot V.,Rinderknech A.,Vacherot V.,40,29,40,29
BNP Paribas Masters,2025-10-29,Masters 1000,Hard,2nd Round,Auger-Aliassime F.,Muller A.,Auger-Aliassime F.,10,44,10,44
BNP Paribas Masters,2025-10-29,Masters 1000,Hard,2nd Round,Ugo Carabelli C.,Zverev A.,Zverev A.,49,3,3,49
BNP Paribas Masters,2025-10-29,Masters 1000,Hard,2nd Round,Bergs Z.,Sinner J.,Sinner J.,41,2,2,41
BNP Paribas Masters,2025-10-29,Masters 1000,Hard,2nd Round,Sonego L.,Musetti L.,Sonego L.,45,8,45,8
BNP Paribas Masters,2025-10-29,Masters 1000,Hard,2nd Round,Moutet C.,Bublik A.,Bublik A.,32,16,16,32
BNP Paribas Masters,2025-10-29,Masters 1000,Hard,2nd Round,De Minaur A.,Diallo G.,De Minaur A.,6,42,6,42
BNP Paribas Masters,2025-10-29,Masters 1000,Hard,2nd Round,Fonseca J.,Khachanov K.,Khachanov K.,28,14,14,28
BNP Paribas Masters,2025-10-30,Masters 1000,Hard,3rd Round,Vacherot V.,Norrie C.,Vacherot V.,40,31,40,31
BNP Paribas Masters,2025-10-30,Masters 1000,Hard,3rd Round,Altmaier D.,Auger-Aliassime F.,Auger-Aliassime F.,50,10,10,50
BNP Paribas Masters,2025-10-30,Masters 1000,Hard,3rd Round,Shelton B.,Rublev A.,Shelton B.,7,17,7,17
BNP Paribas Masters,2025-10-30,Masters 1000,Hard,3rd Round,Fritz T.,Bublik A.,Bublik A.,4,16,16,4
BNP Paribas Masters,2025-10-30,Masters 1000,Hard,3rd Round,De Minaur A.,Khachanov K.,De Minaur A.,6,14,6,14
BNP Paribas Masters,2025-10-30,Masters 1000,Hard,3rd Round,Sonego L.,Medvedev D.,Medvedev D.,45,13,13,45
BNP Paribas Masters,2025-10-30,Masters 1000,Hard,3rd Round,Sinner J.,Cerundolo F.,Sinner J.,2,21,2,21
BNP Paribas Masters,2025-10-30,Masters 1000,Hard,3rd Round,Davidovich Fokina A.,Zverev A.,Zverev A.,15,3,3,15
BNP Paribas Masters,2025-10-31,Masters 1000,Hard,Quarterfinals,Auger-Aliassime F.,Vacherot V.,Auger-Aliassime F.,10,40,10,40
BNP Paribas Masters,2025-10-31,Masters 1000,Hard,Quarterfinals,De Minaur A.,Bublik A.,Bublik A.,6,16,16,6
BNP Paribas Masters,2025-10-31,Masters 1000,Hard,Quarterfinals,Sinner J.,Shelton B.,Sinner J.,2,7,2,7
BNP Paribas Masters,2025-10-31,Masters 1000,Hard,Quarterfinals,Medvedev D.,Zverev A.,Zverev A.,13,3,3,13
BNP Paribas Masters,2025-11-01,Masters 1000,Hard,Semifinals,Auger-Aliassime F.,Bublik A.,Auger-Aliassime F.,10,16,10,16
BNP Paribas Masters,2025-11-01,Masters 1000,Hard,Semifinals,Zverev A.,Sinner J.,Sinner J.,3,2,2,3
BNP Paribas Masters,2025-11-02,Masters 1000,Hard,The Final,Sinner J.,Auger-Aliassime F.,Sinner J.,2,10,2,10
Hellenic Championship,2025-11-06,ATP250,Hard,Quarterfinals,Musetti L.,Muller A.,Musetti L.,9,43,9,43
Hellenic Championship,2025-11-06,ATP250,Hard,Quarterfinals,Borges N.,Djokovic N.,Djokovic N.,47,5,5,47
Hellenic Championship,2025-11-08,ATP250,Hard,The Final,Musetti L.,Djokovic N.,Djokovic N.,9,5,5,9
Open de Moselle,2025-11-04,ATP250,Hard,1st Round,Rinderknech A.,Altmaier D.,Altmaier D.,28,46,46,28
Open de Moselle,2025-11-04,ATP250,Hard,2nd Round,Sonego L.,Cobolli F.,Sonego L.,42,22,42,22
Open de Moselle,2025-11-06,ATP250,Hard,Quarterfinals,Sonego L.,Altmaier D.,Sonego L.,42,46,42,46
Open de Moselle,2025-11-07,ATP250,Hard,Semifinals,Sonego L.,Norrie C.,Norrie C.,42,27,27,42
Open de Moselle,2025-11-08,ATP250,Hard,The Final,Norrie C.,Tien L.,Tien L.,27,38,38,27
Masters Cup,2025-11-09,Masters Cup,Hard,Round Robin,Alcaraz C.,De Minaur A.,Alcaraz C.,1,7,1,7
Masters Cup,2025-11-09,Masters Cup,Hard,Round Robin,Shelton B.,Zverev A.,Zverev A.,5,3,3,5
Masters Cup,2025-11-10,Masters Cup,Hard,Round Robin,Fritz T.,Musetti L.,Fritz T.,6,9,6,9
Masters Cup,2025-11-10,Masters Cup,Hard,Round Robin,Auger-Aliassime F.,Sinner J.,Sinner J.,8,2,2,8
Masters Cup,2025-11-11,Masters Cup,Hard,Round Robin,Alcaraz C.,Fritz T.,Alcaraz C.,1,6,1,6
Masters Cup,2025-11-11,Masters Cup,Hard,Round Robin,De Minaur A.,Musetti L.,Musetti L.,7,9,9,7
Masters Cup,2025-11-12,Masters Cup,Hard,Round Robin,Auger-Aliassime F.,Shelton B.,Auger-Aliassime F.,8,5,8,5
Masters Cup,2025-11-12,Masters Cup,Hard,Round Robin,Zverev A.,Sinner J.,Sinner J.,3,2,2,3
Masters Cup,2025-11-13,Masters Cup,Hard,Round Robin,De Minaur A.,Fritz T.,De Minaur A.,7,6,7,6
Masters Cup,2025-11-13,Masters Cup,Hard,Round Robin,Musetti L.,Alcaraz C.,Alcaraz C.,9,1,1,9
Masters Cup,2025-11-14,Masters Cup,Hard,Round Robin,Sinner J.,Shelton B.,Sinner J.,2,5,2,5
Masters Cup,2025-11-14,Masters Cup,Hard,Round Robin,Zverev A.,Auger-Aliassime F.,Auger-Aliassime F.,3,8,8,3
Masters Cup,2025-11-15,Masters Cup,Hard,Semifinals,Sinner J.,De Minaur A.,Sinner J.,2,7,2,7
Masters Cup,2025-11-15,Masters Cup,Hard,Semifinals,Auger-Aliassime F.,Alcaraz C.,Alcaraz C.,8,1,1,8
Masters Cup,2025-11-16,Masters Cup,Hard,The Final,Sinner J.,Alcaraz C.,Sinner J.,2,1,2,1
Brisbane International,2026-01-04,ATP250,Hard,1st Round,Tien L.,Ugo Carabelli C.,Tien L.,26,48,26,48
Brisbane International,2026-01-05,ATP250,Hard,1st Round,Vacherot V.,Korda S.,Korda S.,31,46,46,31
Brisbane International,2026-01-05,ATP250,Hard,1st Round,Machac T.,Lehecka J.,Lehecka J.,35,19,19,35
Brisbane International,2026-01-06,ATP250,Hard,1st Round,Davidovich Fokina A.,Nakashima B.,Nakashima B.,14,33,33,14
Brisbane International,2026-01-06,ATP250,Hard,1st Round,Norrie C.,Humbert U.,Norrie C.,28,36,28,36
Brisbane International,2026-01-07,ATP250,Hard,2nd Round,Tien L.,Michelsen A.,Michelsen A.,26,37,37,26
Brisbane International,2026-01-07,ATP250,Hard,2nd Round,Medvedev D.,Tiafoe F.,Medvedev D.,13,30,13,30
Brisbane International,2026-01-09,ATP250,Hard,Quarterfinals,Michelsen A.,Korda S.,Michelsen A.,37,46,37,46
Brisbane International,2026-01-10,ATP250,Hard,Semifinals,Michelsen A.,Medvedev D.,Medvedev D.,37,13,13,37
Brisbane International,2026-01-11,ATP250,Hard,The Final,Medvedev D.,Nakashima B.,Medvedev D.,13,33,13,33
Hong Kong Tennis Open,2026-01-09,ATP250,Hard,Quarterfinals,Rublev A.,Borges N.,Rublev A.,16,45,16,45
Hong Kong Tennis Open,2026-01-10,ATP250,Hard,Semifinals,Musetti L.,Rublev A.,Musetti L.,7,16,7,16
Hong Kong Tennis Open,2026-01-11,ATP250,Hard,The Final,Bublik A.,Musetti L.,Bublik A.,11,7,11,7
Adelaide International,2026-01-12,ATP250,Hard,1st Round,Munar J.,Altmaier D.,Munar J.,38,44,38,44
Adelaide International,2026-01-14,ATP250,Hard,2nd Round,Cerundolo F.,Munar J.,Munar J.,20,38,38,20
Adelaide International,2026-01-14,ATP250,Hard,2nd Round,Humbert U.,Griekspoor T.,Humbert U.,36,25,36,25
Adelaide International,2026-01-15,ATP250,Hard,Quarterfinals,Machac T.,Munar J.,Machac T.,35,38,35,38
Adelaide International,2026-01-15,ATP250,Hard,Quarterfinals,Vacherot V.,Davidovich Fokina A.,Davidovich Fokina A.,32,15,15,32
Adelaide International,2026-01-16,ATP250,Hard,Semifinals,Machac T.,Paul T.,Machac T.,35,21,35,21
Adelaide International,2026-01-16,ATP250,Hard,Semifinals,Davidovich Fokina A.,Humbert U.,Humbert U.,15,36,36,15
Adelaide International,2026-01-17,ATP250,Hard,The Final,Machac T.,Humbert U.,Machac T.,35,36,35,36
ASB Classic,2026-01-14,ATP250,Hard,2nd Round,Brooksby J.,Baez S.,Baez S.,48,39,39,48
ASB Classic,2026-01-15,ATP250,Hard,Quarterfinals,Baez S.,Shelton B.,Baez S.,39,8,39,8
ASB Classic,2026-01-17,ATP250,Hard,The Final,Baez S.,Mensik J.,Mensik J.,39,18,18,39
